animal_id,sex,latitude,longitude,timestamp,color_hex
164M,M,37.16276,-122.00568,22 Dec 2024 10:00 AM,#1976d2
164M,M,37.16277,-122.00533,22 Dec 2024 10:00 PM,#1976d2
164M,M,37.15376,-122.00786,23 Dec 2024 2:00 PM,#1976d2
164M,M,37.15364,-122.00788,23 Dec 2024 6:00 PM,#1976d2
164M,M,37.15377,-122.00797,23 Dec 2024 10:00 PM,#1976d2
164M,M,37.10733,-122.01157,24 Dec 2024 6:00 PM,#1976d2
164M,M,37.10735,-122.01163,24 Dec 2024 10:00 PM,#1976d2
164M,M,37.09902,-122.08015,25 Dec 2024 10:00 AM,#1976d2
164M,M,37.09915,-122.08162,25 Dec 2024 2:00 PM,#1976d2
164M,M,37.09736,-122.08733,25 Dec 2024 6:00 PM,#1976d2
164M,M,37.12238,-122.10031,25 Dec 2024 10:00 PM,#1976d2
164M,M,37.14637,-122.11375,26 Dec 2024 2:00 AM,#1976d2
164M,M,37.15406,-122.11166,26 Dec 2024 2:00 PM,#1976d2
164M,M,37.15956,-122.10249,26 Dec 2024 6:00 PM,#1976d2
164M,M,37.15743,-122.09631,27 Dec 2024 2:00 PM,#1976d2
164M,M,37.15595,-122.09492,27 Dec 2024 6:00 PM,#1976d2
164M,M,37.14963,-122.08836,27 Dec 2024 10:00 PM,#1976d2
164M,M,37.16702,-122.07779,28 Dec 2024 2:00 AM,#1976d2
164M,M,37.16525,-122.09412,28 Dec 2024 6:00 AM,#1976d2
164M,M,37.16509,-122.08047,28 Dec 2024 2:00 PM,#1976d2
164M,M,37.16506,-122.08044,28 Dec 2024 6:00 PM,#1976d2
164M,M,37.15392,-122.12437,29 Dec 2024 6:00 AM,#1976d2
164M,M,37.13429,-122.11588,30 Dec 2024 2:00 AM,#1976d2
164M,M,37.15457,-122.10116,30 Dec 2024 10:00 AM,#1976d2
164M,M,37.15548,-122.09435,30 Dec 2024 2:00 PM,#1976d2
164M,M,37.15536,-122.09449,30 Dec 2024 6:00 PM,#1976d2
164M,M,37.15512,-122.09724,30 Dec 2024 10:00 PM,#1976d2
164M,M,37.15409,-122.08345,31 Dec 2024 2:00 AM,#1976d2
164M,M,37.15635,-122.06999,31 Dec 2024 6:00 AM,#1976d2
164M,M,37.14896,-122.06876,31 Dec 2024 10:00 AM,#1976d2
164M,M,37.1488,-122.06888,31 Dec 2024 2:00 PM,#1976d2
164M,M,37.14867,-122.06879,31 Dec 2024 6:00 PM,#1976d2
164M,M,37.14866,-122.06909,31 Dec 2024 10:00 PM,#1976d2
164M,M,37.12828,-122.0242,1 Jan 2025 2:00 PM,#1976d2
164M,M,37.10299,-121.98096,2 Jan 2025 2:00 AM,#1976d2
164M,M,37.10581,-121.97957,2 Jan 2025 6:00 AM,#1976d2
164M,M,37.10715,-121.97952,2 Jan 2025 10:00 AM,#1976d2
164M,M,37.10719,-121.9794,2 Jan 2025 2:00 PM,#1976d2
164M,M,37.10976,-121.97958,2 Jan 2025 10:00 PM,#1976d2
164M,M,37.07803,-122.01376,3 Jan 2025 10:00 AM,#1976d2
164M,M,37.07825,-122.01344,3 Jan 2025 2:00 PM,#1976d2
164M,M,37.07819,-122.01347,3 Jan 2025 6:00 PM,#1976d2
164M,M,37.081,-122.02081,3 Jan 2025 10:00 PM,#1976d2
164M,M,37.07682,-122.02807,4 Jan 2025 2:00 AM,#1976d2
164M,M,37.08016,-122.03839,4 Jan 2025 6:00 AM,#1976d2
164M,M,37.08054,-122.03954,4 Jan 2025 10:00 AM,#1976d2
164M,M,37.08048,-122.0396,4 Jan 2025 2:00 PM,#1976d2
164M,M,37.06387,-122.05284,4 Jan 2025 10:00 PM,#1976d2
164M,M,37.06093,-122.07536,5 Jan 2025 2:00 AM,#1976d2
164M,M,37.07904,-122.06827,5 Jan 2025 6:00 AM,#1976d2
164M,M,37.08505,-122.0671,5 Jan 2025 10:00 AM,#1976d2
164M,M,37.08484,-122.06687,5 Jan 2025 2:00 PM,#1976d2
164M,M,37.09031,-122.06784,5 Jan 2025 6:00 PM,#1976d2
164M,M,37.09595,-122.08926,5 Jan 2025 10:00 PM,#1976d2
164M,M,37.10826,-122.09995,6 Jan 2025 2:00 PM,#1976d2
164M,M,37.13237,-122.11229,6 Jan 2025 10:00 PM,#1976d2
164M,M,37.15182,-122.11755,7 Jan 2025 2:00 AM,#1976d2
164M,M,37.15499,-122.09299,7 Jan 2025 6:00 AM,#1976d2
164M,M,37.16553,-122.08029,7 Jan 2025 10:00 AM,#1976d2
164M,M,37.16705,-122.08083,7 Jan 2025 2:00 PM,#1976d2
164M,M,37.15829,-122.08712,7 Jan 2025 6:00 PM,#1976d2
164M,M,37.16655,-122.08255,7 Jan 2025 10:00 PM,#1976d2
164M,M,37.17821,-122.03433,8 Jan 2025 10:00 AM,#1976d2
164M,M,37.1782,-122.03441,8 Jan 2025 2:00 PM,#1976d2
164M,M,37.17588,-122.03063,8 Jan 2025 6:00 PM,#1976d2
164M,M,37.14958,-122.0106,9 Jan 2025 6:00 AM,#1976d2
164M,M,37.15167,-122.01111,9 Jan 2025 10:00 AM,#1976d2
164M,M,37.15174,-122.01112,9 Jan 2025 2:00 PM,#1976d2
164M,M,37.07826,-121.99404,10 Jan 2025 6:00 AM,#1976d2
164M,M,37.08505,-121.99725,10 Jan 2025 10:00 AM,#1976d2
164M,M,37.08516,-121.99703,10 Jan 2025 2:00 PM,#1976d2
164M,M,37.08443,-121.99703,10 Jan 2025 6:00 PM,#1976d2
164M,M,37.08536,-122.01706,10 Jan 2025 10:00 PM,#1976d2
164M,M,37.06229,-122.04217,11 Jan 2025 2:00 AM,#1976d2
164M,M,37.05811,-122.06939,11 Jan 2025 6:00 AM,#1976d2
164M,M,37.05658,-122.06813,11 Jan 2025 10:00 AM,#1976d2
164M,M,37.05614,-122.06722,11 Jan 2025 2:00 PM,#1976d2
164M,M,37.05848,-122.07082,11 Jan 2025 6:00 PM,#1976d2
164M,M,37.05544,-122.07338,11 Jan 2025 10:00 PM,#1976d2
164M,M,37.05427,-122.0728,12 Jan 2025 2:00 AM,#1976d2
164M,M,37.07657,-122.06111,12 Jan 2025 10:00 AM,#1976d2
164M,M,37.07789,-122.06185,12 Jan 2025 2:00 PM,#1976d2
164M,M,37.08056,-122.06441,12 Jan 2025 6:00 PM,#1976d2
164M,M,37.09399,-122.09274,12 Jan 2025 10:00 PM,#1976d2
164M,M,37.12563,-122.11012,13 Jan 2025 10:00 AM,#1976d2
164M,M,37.12572,-122.11071,13 Jan 2025 2:00 PM,#1976d2
164M,M,37.12906,-122.10989,13 Jan 2025 10:00 PM,#1976d2
164M,M,37.1437,-122.11237,14 Jan 2025 2:00 AM,#1976d2
164M,M,37.17298,-122.10394,14 Jan 2025 10:00 AM,#1976d2
164M,M,37.17292,-122.10401,14 Jan 2025 2:00 PM,#1976d2
164M,M,37.16465,-122.07881,14 Jan 2025 10:00 PM,#1976d2
164M,M,37.17752,-122.07145,15 Jan 2025 2:00 AM,#1976d2
164M,M,37.17757,-122.0714,15 Jan 2025 6:00 AM,#1976d2
164M,M,37.17564,-122.07403,15 Jan 2025 10:00 AM,#1976d2
164M,M,37.17554,-122.07421,15 Jan 2025 2:00 PM,#1976d2
164M,M,37.17562,-122.07408,15 Jan 2025 6:00 PM,#1976d2
164M,M,37.18386,-122.0559,15 Jan 2025 10:00 PM,#1976d2
164M,M,37.18327,-122.03628,16 Jan 2025 6:00 AM,#1976d2
164M,M,37.18212,-122.03681,16 Jan 2025 10:00 AM,#1976d2
164M,M,37.18128,-122.04108,16 Jan 2025 2:00 PM,#1976d2
164M,M,37.18199,-122.0399,16 Jan 2025 6:00 PM,#1976d2
164M,M,37.17816,-122.06622,17 Jan 2025 2:00 AM,#1976d2
164M,M,37.17812,-122.06607,17 Jan 2025 6:00 AM,#1976d2
164M,M,37.16544,-122.08334,17 Jan 2025 10:00 AM,#1976d2
164M,M,37.16311,-122.08766,17 Jan 2025 2:00 PM,#1976d2
164M,M,37.16294,-122.08821,17 Jan 2025 6:00 PM,#1976d2
164M,M,37.14928,-122.08407,17 Jan 2025 10:00 PM,#1976d2
164M,M,37.15263,-122.12323,18 Jan 2025 2:00 AM,#1976d2
164M,M,37.15693,-122.12448,18 Jan 2025 6:00 AM,#1976d2
164M,M,37.1588,-122.12399,18 Jan 2025 10:00 AM,#1976d2
164M,M,37.16041,-122.12232,18 Jan 2025 6:00 PM,#1976d2
164M,M,37.15701,-122.1172,18 Jan 2025 10:00 PM,#1976d2
164M,M,37.16447,-122.09267,19 Jan 2025 2:00 AM,#1976d2
164M,M,37.14602,-122.07111,19 Jan 2025 10:00 AM,#1976d2
164M,M,37.13292,-122.04096,19 Jan 2025 2:00 PM,#1976d2
164M,M,37.13348,-122.03969,19 Jan 2025 6:00 PM,#1976d2
164M,M,37.1087,-122.0162,19 Jan 2025 10:00 PM,#1976d2
164M,M,37.08972,-122.0033,20 Jan 2025 2:00 PM,#1976d2
164M,M,37.05685,-122.0321,20 Jan 2025 10:00 PM,#1976d2
164M,M,37.0562,-122.06774,21 Jan 2025 6:00 AM,#1976d2
164M,M,37.05645,-122.06768,21 Jan 2025 10:00 AM,#1976d2
164M,M,37.0563,-122.06786,21 Jan 2025 2:00 PM,#1976d2
164M,M,37.05636,-122.06802,21 Jan 2025 6:00 PM,#1976d2
164M,M,37.05777,-122.07073,21 Jan 2025 10:00 PM,#1976d2
164M,M,37.05714,-122.0752,22 Jan 2025 2:00 AM,#1976d2
164M,M,37.05732,-122.06995,22 Jan 2025 6:00 AM,#1976d2
164M,M,37.05725,-122.06954,22 Jan 2025 10:00 AM,#1976d2
164M,M,37.05712,-122.06998,22 Jan 2025 2:00 PM,#1976d2
164M,M,37.05709,-122.06997,22 Jan 2025 6:00 PM,#1976d2
164M,M,37.06418,-122.07616,22 Jan 2025 10:00 PM,#1976d2
164M,M,37.07368,-122.08415,23 Jan 2025 2:00 AM,#1976d2
164M,M,37.09369,-122.06896,23 Jan 2025 10:00 AM,#1976d2
164M,M,37.09377,-122.06888,23 Jan 2025 2:00 PM,#1976d2
164M,M,37.12252,-122.10285,24 Jan 2025 6:00 AM,#1976d2
164M,M,37.14531,-122.08325,24 Jan 2025 2:00 PM,#1976d2
164M,M,37.14714,-122.08363,24 Jan 2025 6:00 PM,#1976d2
164M,M,37.15559,-122.09589,24 Jan 2025 10:00 PM,#1976d2
164M,M,37.15004,-122.11598,25 Jan 2025 10:00 AM,#1976d2
164M,M,37.15007,-122.11594,25 Jan 2025 2:00 PM,#1976d2
164M,M,37.14993,-122.11601,25 Jan 2025 6:00 PM,#1976d2
164M,M,37.15199,-122.0882,26 Jan 2025 6:00 AM,#1976d2
164M,M,37.15193,-122.08813,26 Jan 2025 10:00 AM,#1976d2
164M,M,37.1511,-122.0882,26 Jan 2025 2:00 PM,#1976d2
164M,M,37.15104,-122.08809,26 Jan 2025 6:00 PM,#1976d2
164M,M,37.14838,-122.03557,26 Jan 2025 10:00 PM,#1976d2
164M,M,37.15416,-122.00945,27 Jan 2025 2:00 AM,#1976d2
164M,M,37.10581,-122.00595,27 Jan 2025 10:00 AM,#1976d2
164M,M,37.10594,-122.00648,27 Jan 2025 2:00 PM,#1976d2
164M,M,37.10598,-122.00643,27 Jan 2025 6:00 PM,#1976d2
164M,M,37.0873,-122.04565,27 Jan 2025 10:00 PM,#1976d2
164M,M,37.0678,-122.06283,28 Jan 2025 2:00 AM,#1976d2
164M,M,37.05843,-122.06922,28 Jan 2025 10:00 AM,#1976d2
164M,M,37.10934,-122.10422,29 Jan 2025 6:00 AM,#1976d2
164M,M,37.11161,-122.10342,29 Jan 2025 2:00 PM,#1976d2
164M,M,37.1117,-122.10334,29 Jan 2025 6:00 PM,#1976d2
164M,M,37.11188,-122.10317,30 Jan 2025 10:00 AM,#1976d2
164M,M,37.11171,-122.10323,30 Jan 2025 6:00 PM,#1976d2
164M,M,37.11156,-122.10304,31 Jan 2025 10:00 AM,#1976d2
164M,M,37.11165,-122.10318,31 Jan 2025 6:00 PM,#1976d2
164M,M,37.11168,-122.10314,1 Feb 2025 2:00 PM,#1976d2
164M,M,37.11133,-122.10299,1 Feb 2025 10:00 PM,#1976d2
164M,M,37.11189,-122.10342,2 Feb 2025 2:00 PM,#1976d2
164M,M,37.11144,-122.10326,3 Feb 2025 10:00 AM,#1976d2
164M,M,37.11155,-122.10334,5 Feb 2025 2:00 AM,#1976d2
164M,M,37.11152,-122.10339,5 Feb 2025 6:00 AM,#1976d2
164M,M,37.11196,-122.10318,5 Feb 2025 10:00 AM,#1976d2
164M,M,37.11175,-122.10319,5 Feb 2025 2:00 PM,#1976d2
164M,M,37.13166,-122.09125,6 Feb 2025 2:00 AM,#1976d2
164M,M,37.13752,-122.05997,6 Feb 2025 6:00 AM,#1976d2
164M,M,37.15391,-122.00787,7 Feb 2025 2:00 AM,#1976d2
164M,M,37.17174,-122.00269,7 Feb 2025 6:00 AM,#1976d2
164M,M,37.17102,-122.00399,7 Feb 2025 10:00 AM,#1976d2
164M,M,37.16998,-122.00848,7 Feb 2025 2:00 PM,#1976d2
164M,M,37.18083,-122.02938,7 Feb 2025 10:00 PM,#1976d2
164M,M,37.14691,-122.00925,8 Feb 2025 6:00 AM,#1976d2
164M,M,37.12303,-122.01501,8 Feb 2025 10:00 AM,#1976d2
164M,M,37.12281,-122.01392,8 Feb 2025 2:00 PM,#1976d2
164M,M,37.1228,-122.01392,8 Feb 2025 6:00 PM,#1976d2
164M,M,37.09423,-122.00899,9 Feb 2025 2:00 AM,#1976d2
164M,M,37.09394,-122.00885,9 Feb 2025 6:00 AM,#1976d2
164M,M,37.09419,-122.00778,9 Feb 2025 10:00 AM,#1976d2
164M,M,37.09439,-122.00892,9 Feb 2025 2:00 PM,#1976d2
164M,M,37.09429,-122.00888,9 Feb 2025 6:00 PM,#1976d2
164M,M,37.09415,-122.00887,9 Feb 2025 10:00 PM,#1976d2
164M,M,37.09407,-122.00896,10 Feb 2025 6:00 AM,#1976d2
164M,M,37.10454,-122.00578,10 Feb 2025 10:00 AM,#1976d2
164M,M,37.10453,-122.00578,10 Feb 2025 2:00 PM,#1976d2
164M,M,37.10493,-122.00569,10 Feb 2025 6:00 PM,#1976d2
164M,M,37.15035,-122.08668,11 Feb 2025 2:00 AM,#1976d2
164M,M,37.17253,-122.1115,11 Feb 2025 6:00 AM,#1976d2
164M,M,37.17296,-122.11385,11 Feb 2025 10:00 AM,#1976d2
164M,M,37.17295,-122.11383,11 Feb 2025 2:00 PM,#1976d2
164M,M,37.1738,-122.11571,11 Feb 2025 6:00 PM,#1976d2
164M,M,37.15579,-122.11486,12 Feb 2025 2:00 AM,#1976d2
164M,M,37.13816,-122.12276,12 Feb 2025 2:00 PM,#1976d2
164M,M,37.13796,-122.12289,12 Feb 2025 6:00 PM,#1976d2
164M,M,37.13329,-122.1191,12 Feb 2025 10:00 PM,#1976d2
164M,M,37.14248,-122.10824,13 Feb 2025 6:00 PM,#1976d2
164M,M,37.14524,-122.1094,13 Feb 2025 10:00 PM,#1976d2
164M,M,37.14276,-122.1082,14 Feb 2025 6:00 AM,#1976d2
164M,M,37.14242,-122.10831,14 Feb 2025 10:00 AM,#1976d2
164M,M,37.14263,-122.10832,14 Feb 2025 6:00 PM,#1976d2
164M,M,37.14379,-122.10713,14 Feb 2025 10:00 PM,#1976d2
164M,M,37.14368,-122.10703,15 Feb 2025 2:00 AM,#1976d2
164M,M,37.14422,-122.09733,15 Feb 2025 10:00 AM,#1976d2
164M,M,37.14423,-122.09731,15 Feb 2025 2:00 PM,#1976d2
164M,M,37.14424,-122.09737,15 Feb 2025 6:00 PM,#1976d2
164M,M,37.1557,-122.09248,15 Feb 2025 10:00 PM,#1976d2
164M,M,37.12436,-122.0691,16 Feb 2025 10:00 AM,#1976d2
164M,M,37.1223,-122.06797,16 Feb 2025 2:00 PM,#1976d2
164M,M,37.12974,-122.04955,16 Feb 2025 6:00 PM,#1976d2
164M,M,37.15595,-122.0328,16 Feb 2025 10:00 PM,#1976d2
164M,M,37.16676,-122.00091,17 Feb 2025 10:00 AM,#1976d2
164M,M,37.16323,-122.00694,17 Feb 2025 2:00 PM,#1976d2
164M,M,37.16095,-122.00736,17 Feb 2025 6:00 PM,#1976d2
164M,M,37.14425,-121.99605,17 Feb 2025 10:00 PM,#1976d2
164M,M,37.13597,-121.99378,18 Feb 2025 2:00 AM,#1976d2
164M,M,37.10406,-121.99696,18 Feb 2025 10:00 AM,#1976d2
164M,M,37.10403,-121.997,18 Feb 2025 2:00 PM,#1976d2
164M,M,37.10402,-121.99697,18 Feb 2025 6:00 PM,#1976d2
164M,M,37.0961,-122.06717,19 Feb 2025 2:00 PM,#1976d2
164M,M,37.09616,-122.06725,19 Feb 2025 6:00 PM,#1976d2
164M,M,37.09949,-122.0779,19 Feb 2025 10:00 PM,#1976d2
164M,M,37.12294,-122.09185,20 Feb 2025 2:00 AM,#1976d2
164M,M,37.1233,-122.09278,20 Feb 2025 6:00 AM,#1976d2
164M,M,37.13593,-122.08777,20 Feb 2025 10:00 AM,#1976d2
164M,M,37.1417,-122.0819,20 Feb 2025 2:00 PM,#1976d2
164M,M,37.15946,-122.08865,20 Feb 2025 10:00 PM,#1976d2
164M,M,37.15985,-122.10419,21 Feb 2025 2:00 AM,#1976d2
164M,M,37.15962,-122.10387,21 Feb 2025 6:00 AM,#1976d2
164M,M,37.17312,-122.11462,21 Feb 2025 10:00 AM,#1976d2
164M,M,37.17315,-122.11452,21 Feb 2025 2:00 PM,#1976d2
164M,M,37.1706,-122.11592,21 Feb 2025 6:00 PM,#1976d2
164M,M,37.15189,-122.11488,22 Feb 2025 2:00 AM,#1976d2
164M,M,37.13998,-122.11848,22 Feb 2025 10:00 AM,#1976d2
164M,M,37.14004,-122.11853,22 Feb 2025 2:00 PM,#1976d2
164M,M,37.14001,-122.11861,22 Feb 2025 6:00 PM,#1976d2
164M,M,37.13304,-122.12359,22 Feb 2025 10:00 PM,#1976d2
164M,M,37.12917,-122.12878,23 Feb 2025 2:00 AM,#1976d2
164M,M,37.112,-122.12894,23 Feb 2025 10:00 AM,#1976d2
164M,M,37.11189,-122.12875,23 Feb 2025 2:00 PM,#1976d2
164M,M,37.04803,-122.08679,24 Feb 2025 2:00 AM,#1976d2
164M,M,37.02502,-122.07706,24 Feb 2025 10:00 AM,#1976d2
164M,M,37.02499,-122.0769,24 Feb 2025 2:00 PM,#1976d2
164M,M,37.00841,-122.04134,24 Feb 2025 10:00 PM,#1976d2
164M,M,37.0318,-122.02846,25 Feb 2025 6:00 AM,#1976d2
164M,M,37.03175,-122.02853,25 Feb 2025 10:00 AM,#1976d2
164M,M,37.03173,-122.02856,25 Feb 2025 2:00 PM,#1976d2
164M,M,37.0318,-122.02853,25 Feb 2025 6:00 PM,#1976d2
164M,M,37.03312,-122.02779,25 Feb 2025 10:00 PM,#1976d2
164M,M,37.05202,-122.02,26 Feb 2025 2:00 AM,#1976d2
164M,M,37.07982,-122.01451,26 Feb 2025 6:00 AM,#1976d2
164M,M,37.08435,-122.01514,26 Feb 2025 10:00 AM,#1976d2
164M,M,37.08432,-122.01515,26 Feb 2025 2:00 PM,#1976d2
164M,M,37.08435,-122.01516,26 Feb 2025 6:00 PM,#1976d2
164M,M,37.09536,-122.00543,26 Feb 2025 10:00 PM,#1976d2
164M,M,37.11863,-121.98238,27 Feb 2025 6:00 AM,#1976d2
164M,M,37.11818,-121.98254,27 Feb 2025 10:00 AM,#1976d2
164M,M,37.11819,-121.98242,27 Feb 2025 2:00 PM,#1976d2
164M,M,37.1183,-121.98241,27 Feb 2025 6:00 PM,#1976d2
164M,M,37.13226,-122.03487,28 Feb 2025 6:00 AM,#1976d2
164M,M,37.15101,-122.07352,28 Feb 2025 2:00 PM,#1976d2
164M,M,37.15202,-122.07327,28 Feb 2025 6:00 PM,#1976d2
164M,M,37.16756,-122.08309,28 Feb 2025 10:00 PM,#1976d2
164M,M,37.1381,-122.09459,1 Mar 2025 2:00 AM,#1976d2
164M,M,37.1339,-122.12295,1 Mar 2025 6:00 AM,#1976d2
164M,M,37.13673,-122.12415,1 Mar 2025 10:00 AM,#1976d2
164M,M,37.13678,-122.12408,1 Mar 2025 2:00 PM,#1976d2
164M,M,37.13679,-122.12405,1 Mar 2025 6:00 PM,#1976d2
164M,M,37.13247,-122.11517,1 Mar 2025 10:00 PM,#1976d2
164M,M,37.15178,-122.1223,2 Mar 2025 2:00 AM,#1976d2
164M,M,37.1539,-122.12595,2 Mar 2025 6:00 AM,#1976d2
164M,M,37.15388,-122.12557,2 Mar 2025 10:00 AM,#1976d2
164M,M,37.15376,-122.12572,2 Mar 2025 6:00 PM,#1976d2
164M,M,37.15383,-122.12597,3 Mar 2025 6:00 AM,#1976d2
164M,M,37.15403,-122.12596,3 Mar 2025 10:00 AM,#1976d2
164M,M,37.15384,-122.12581,3 Mar 2025 6:00 PM,#1976d2
164M,M,37.15396,-122.12565,3 Mar 2025 10:00 PM,#1976d2
164M,M,37.15392,-122.12588,4 Mar 2025 2:00 AM,#1976d2
164M,M,37.15408,-122.12572,4 Mar 2025 6:00 AM,#1976d2
164M,M,37.16106,-122.12023,4 Mar 2025 10:00 AM,#1976d2
164M,M,37.16104,-122.12016,4 Mar 2025 2:00 PM,#1976d2
164M,M,37.16101,-122.12027,4 Mar 2025 6:00 PM,#1976d2
164M,M,37.15535,-122.11093,5 Mar 2025 2:00 AM,#1976d2
164M,M,37.1553,-122.09883,5 Mar 2025 10:00 AM,#1976d2
164M,M,37.16497,-122.0827,5 Mar 2025 6:00 PM,#1976d2
164M,M,37.16651,-122.0779,5 Mar 2025 10:00 PM,#1976d2
164M,M,37.16652,-122.07799,6 Mar 2025 2:00 AM,#1976d2
164M,M,37.15763,-122.14527,7 Mar 2025 2:00 AM,#1976d2
164M,M,37.1577,-122.14528,7 Mar 2025 6:00 AM,#1976d2
164M,M,37.15755,-122.14522,7 Mar 2025 10:00 AM,#1976d2
164M,M,37.1575,-122.14527,7 Mar 2025 2:00 PM,#1976d2
164M,M,37.15759,-122.14526,7 Mar 2025 6:00 PM,#1976d2
164M,M,37.15757,-122.1452,7 Mar 2025 10:00 PM,#1976d2
164M,M,37.1578,-122.1452,8 Mar 2025 2:00 AM,#1976d2
164M,M,37.15777,-122.14535,8 Mar 2025 6:00 AM,#1976d2
164M,M,37.15774,-122.14535,8 Mar 2025 10:00 AM,#1976d2
164M,M,37.15734,-122.14524,8 Mar 2025 2:00 PM,#1976d2
164M,M,37.15769,-122.14525,8 Mar 2025 6:00 PM,#1976d2
164M,M,37.15783,-122.1453,8 Mar 2025 10:00 PM,#1976d2
164M,M,37.15782,-122.14528,9 Mar 2025 3:00 AM,#1976d2
164M,M,37.15761,-122.14524,9 Mar 2025 11:00 AM,#1976d2
164M,M,37.16089,-122.14421,9 Mar 2025 3:00 PM,#1976d2
164M,M,37.16099,-122.14408,9 Mar 2025 7:00 PM,#1976d2
164M,M,37.16101,-122.14428,9 Mar 2025 11:00 PM,#1976d2
164M,M,37.16101,-122.14427,10 Mar 2025 3:00 AM,#1976d2
164M,M,37.16104,-122.14407,10 Mar 2025 7:00 AM,#1976d2
164M,M,37.16104,-122.14405,10 Mar 2025 11:00 AM,#1976d2
164M,M,37.16116,-122.14459,10 Mar 2025 3:00 PM,#1976d2
164M,M,37.1614,-122.14423,10 Mar 2025 11:00 PM,#1976d2
164M,M,37.16144,-122.14431,11 Mar 2025 3:00 AM,#1976d2
164M,M,37.16146,-122.14424,11 Mar 2025 7:00 AM,#1976d2
164M,M,37.16148,-122.14413,11 Mar 2025 3:00 PM,#1976d2
164M,M,37.16129,-122.14404,11 Mar 2025 11:00 PM,#1976d2
164M,M,37.16127,-122.14429,12 Mar 2025 3:00 AM,#1976d2
164M,M,37.16145,-122.14431,12 Mar 2025 7:00 AM,#1976d2
164M,M,37.16145,-122.14414,12 Mar 2025 11:00 AM,#1976d2
164M,M,37.16179,-122.14448,12 Mar 2025 11:00 PM,#1976d2
164M,M,37.16136,-122.14435,13 Mar 2025 3:00 AM,#1976d2
164M,M,37.14344,-122.14202,13 Mar 2025 11:00 AM,#1976d2
164M,M,37.13304,-122.13165,13 Mar 2025 3:00 PM,#1976d2
164M,M,37.13152,-122.12889,13 Mar 2025 7:00 PM,#1976d2
164M,M,37.18544,-122.04221,15 Mar 2025 7:00 AM,#1976d2
164M,M,37.18149,-122.03892,15 Mar 2025 11:00 AM,#1976d2
164M,M,37.18288,-122.03412,15 Mar 2025 3:00 PM,#1976d2
164M,M,37.18197,-122.03516,15 Mar 2025 7:00 PM,#1976d2
164M,M,37.18185,-122.02945,16 Mar 2025 3:00 AM,#1976d2
164M,M,37.18933,-122.0445,16 Mar 2025 11:00 AM,#1976d2
164M,M,37.19313,-122.03875,16 Mar 2025 7:00 PM,#1976d2
164M,M,37.18433,-122.03704,17 Mar 2025 3:00 AM,#1976d2
164M,M,37.19122,-122.03973,17 Mar 2025 11:00 AM,#1976d2
164M,M,37.18328,-122.03555,17 Mar 2025 3:00 PM,#1976d2
164M,M,37.18329,-122.0356,17 Mar 2025 7:00 PM,#1976d2
164M,M,37.1768,-122.03497,18 Mar 2025 3:00 AM,#1976d2
164M,M,37.17183,-122.04346,18 Mar 2025 7:00 AM,#1976d2
164M,M,37.17502,-122.04649,18 Mar 2025 11:00 AM,#1976d2
164M,M,37.17954,-122.0519,18 Mar 2025 7:00 PM,#1976d2
164M,M,37.17533,-122.0538,19 Mar 2025 3:00 AM,#1976d2
164M,M,37.17486,-122.04684,19 Mar 2025 7:00 AM,#1976d2
164M,M,37.17598,-122.04377,19 Mar 2025 11:00 AM,#1976d2
164M,M,37.17566,-122.04402,19 Mar 2025 3:00 PM,#1976d2
164M,M,37.17511,-122.04562,19 Mar 2025 7:00 PM,#1976d2
164M,M,37.17417,-122.03144,19 Mar 2025 11:00 PM,#1976d2
164M,M,37.17599,-122.03053,20 Mar 2025 3:00 AM,#1976d2
164M,M,37.17874,-122.03561,20 Mar 2025 7:00 AM,#1976d2
164M,M,37.17868,-122.03667,20 Mar 2025 11:00 AM,#1976d2
164M,M,37.18264,-122.03789,20 Mar 2025 3:00 PM,#1976d2
164M,M,37.17739,-122.02362,20 Mar 2025 11:00 PM,#1976d2
164M,M,37.17467,-122.02411,21 Mar 2025 3:00 AM,#1976d2
164M,M,37.17917,-122.01827,21 Mar 2025 7:00 AM,#1976d2
164M,M,37.17904,-122.01885,21 Mar 2025 11:00 AM,#1976d2
164M,M,37.17806,-122.01919,21 Mar 2025 3:00 PM,#1976d2
164M,M,37.17826,-122.02023,21 Mar 2025 7:00 PM,#1976d2
164M,M,37.1869,-122.01245,21 Mar 2025 11:00 PM,#1976d2
164M,M,37.18725,-122.01624,22 Mar 2025 3:00 AM,#1976d2
164M,M,37.18863,-122.02708,22 Mar 2025 7:00 AM,#1976d2
164M,M,37.1882,-122.0287,22 Mar 2025 11:00 AM,#1976d2
164M,M,37.18898,-122.02702,22 Mar 2025 3:00 PM,#1976d2
164M,M,37.18855,-122.02675,22 Mar 2025 7:00 PM,#1976d2
164M,M,37.18914,-122.01313,22 Mar 2025 11:00 PM,#1976d2
164M,M,37.19472,-122.01322,23 Mar 2025 3:00 AM,#1976d2
164M,M,37.19693,-122.02256,23 Mar 2025 7:00 AM,#1976d2
164M,M,37.19875,-122.02197,23 Mar 2025 11:00 AM,#1976d2
164M,M,37.19865,-122.02174,23 Mar 2025 3:00 PM,#1976d2
164M,M,37.19986,-122.02353,23 Mar 2025 7:00 PM,#1976d2
164M,M,37.18723,-122.03481,23 Mar 2025 11:00 PM,#1976d2
164M,M,37.15192,-122.08799,24 Mar 2025 11:00 AM,#1976d2
164M,M,37.15091,-122.08778,24 Mar 2025 3:00 PM,#1976d2
164M,M,37.15113,-122.08787,24 Mar 2025 7:00 PM,#1976d2
164M,M,37.12749,-122.05523,24 Mar 2025 11:00 PM,#1976d2
164M,M,37.10643,-122.01419,25 Mar 2025 3:00 AM,#1976d2
164M,M,37.09654,-121.98473,25 Mar 2025 7:00 AM,#1976d2
164M,M,37.09072,-121.99226,25 Mar 2025 11:00 AM,#1976d2
164M,M,37.08647,-121.9975,25 Mar 2025 3:00 PM,#1976d2
164M,M,37.08644,-121.99758,25 Mar 2025 7:00 PM,#1976d2
164M,M,37.08954,-122.0219,25 Mar 2025 11:00 PM,#1976d2
164M,M,37.08262,-122.06041,26 Mar 2025 3:00 AM,#1976d2
164M,M,37.10562,-122.08278,26 Mar 2025 7:00 AM,#1976d2
164M,M,37.11094,-122.08643,26 Mar 2025 11:00 AM,#1976d2
164M,M,37.13769,-122.08585,26 Mar 2025 3:00 PM,#1976d2
164M,M,37.14627,-122.0871,26 Mar 2025 11:00 PM,#1976d2
164M,M,37.15431,-122.14417,27 Mar 2025 11:00 AM,#1976d2
164M,M,37.15434,-122.14417,27 Mar 2025 3:00 PM,#1976d2
164M,M,37.15418,-122.14432,27 Mar 2025 7:00 PM,#1976d2
164M,M,37.15503,-122.14285,27 Mar 2025 11:00 PM,#1976d2
164M,M,37.15524,-122.13838,28 Mar 2025 3:00 AM,#1976d2
164M,M,37.15638,-122.14662,28 Mar 2025 10:00 AM,#1976d2
164M,M,37.15621,-122.14686,28 Mar 2025 2:00 PM,#1976d2
164M,M,37.15639,-122.14667,28 Mar 2025 6:00 PM,#1976d2
164M,M,37.15508,-122.139,28 Mar 2025 10:00 PM,#1976d2
164M,M,37.15543,-122.13838,29 Mar 2025 2:00 AM,#1976d2
164M,M,37.14776,-122.14427,29 Mar 2025 6:00 AM,#1976d2
164M,M,37.14542,-122.14426,29 Mar 2025 10:00 AM,#1976d2
164M,M,37.1455,-122.14423,29 Mar 2025 2:00 PM,#1976d2
164M,M,37.14548,-122.14384,29 Mar 2025 6:00 PM,#1976d2
164M,M,37.13655,-122.12347,29 Mar 2025 10:00 PM,#1976d2
164M,M,37.16458,-122.09664,30 Mar 2025 2:00 AM,#1976d2
164M,M,37.16674,-122.07936,30 Mar 2025 6:00 AM,#1976d2
164M,M,37.16384,-122.07231,30 Mar 2025 10:00 AM,#1976d2
164M,M,37.16166,-122.06834,30 Mar 2025 2:00 PM,#1976d2
164M,M,37.16157,-122.0686,30 Mar 2025 6:00 PM,#1976d2
164M,M,37.17022,-122.044,30 Mar 2025 10:00 PM,#1976d2
164M,M,37.17661,-122.0136,31 Mar 2025 2:00 AM,#1976d2
164M,M,37.15361,-122.00785,31 Mar 2025 6:00 AM,#1976d2
164M,M,37.14813,-122.00338,31 Mar 2025 10:00 AM,#1976d2
164M,M,37.14796,-122.0031,31 Mar 2025 2:00 PM,#1976d2
164M,M,37.14781,-122.00273,31 Mar 2025 6:00 PM,#1976d2
164M,M,37.14292,-122.00159,31 Mar 2025 10:00 PM,#1976d2
164M,M,37.14287,-122.00159,1 Apr 2025 2:00 AM,#1976d2
164M,M,37.1431,-122.00161,1 Apr 2025 6:00 AM,#1976d2
164M,M,37.14272,-122.0012,1 Apr 2025 10:00 AM,#1976d2
164M,M,37.14299,-122.00139,1 Apr 2025 2:00 PM,#1976d2
164M,M,37.14293,-122.00141,1 Apr 2025 6:00 PM,#1976d2
164M,M,37.14294,-122.00173,1 Apr 2025 10:00 PM,#1976d2
164M,M,37.14296,-122.00168,2 Apr 2025 2:00 AM,#1976d2
164M,M,37.14313,-122.00173,2 Apr 2025 6:00 AM,#1976d2
164M,M,37.14274,-122.0012,2 Apr 2025 10:00 AM,#1976d2
164M,M,37.14296,-122.0015,2 Apr 2025 2:00 PM,#1976d2
164M,M,37.14294,-122.00149,2 Apr 2025 6:00 PM,#1976d2
164M,M,37.14294,-122.00185,2 Apr 2025 10:00 PM,#1976d2
164M,M,37.14299,-122.00178,3 Apr 2025 2:00 AM,#1976d2
164M,M,37.14304,-122.00179,3 Apr 2025 6:00 AM,#1976d2
164M,M,37.14292,-122.00138,3 Apr 2025 10:00 AM,#1976d2
164M,M,37.14286,-122.00133,3 Apr 2025 2:00 PM,#1976d2
164M,M,37.14291,-122.00137,3 Apr 2025 6:00 PM,#1976d2
164M,M,37.14319,-122.00176,3 Apr 2025 10:00 PM,#1976d2
164M,M,37.13166,-122.01122,4 Apr 2025 2:00 AM,#1976d2
164M,M,37.10797,-122.00169,4 Apr 2025 6:00 AM,#1976d2
164M,M,37.10558,-122.00576,4 Apr 2025 10:00 AM,#1976d2
164M,M,37.10444,-122.00594,4 Apr 2025 2:00 PM,#1976d2
164M,M,37.10959,-122.00772,4 Apr 2025 6:00 PM,#1976d2
164M,M,37.12872,-122.02396,4 Apr 2025 10:00 PM,#1976d2
164M,M,37.14331,-122.00192,5 Apr 2025 2:00 AM,#1976d2
164M,M,37.14296,-122.00172,5 Apr 2025 6:00 AM,#1976d2
164M,M,37.14628,-122.00141,5 Apr 2025 10:00 AM,#1976d2
164M,M,37.14655,-122.00136,5 Apr 2025 2:00 PM,#1976d2
164M,M,37.14653,-122.00136,5 Apr 2025 6:00 PM,#1976d2
164M,M,37.15408,-122.00941,5 Apr 2025 10:00 PM,#1976d2
164M,M,37.15652,-122.03261,6 Apr 2025 2:00 AM,#1976d2
164M,M,37.14307,-122.06816,6 Apr 2025 6:00 AM,#1976d2
164M,M,37.14853,-122.07487,6 Apr 2025 10:00 AM,#1976d2
164M,M,37.14842,-122.07546,6 Apr 2025 2:00 PM,#1976d2
164M,M,37.1518,-122.07915,6 Apr 2025 6:00 PM,#1976d2
164M,M,37.16833,-122.08691,6 Apr 2025 10:00 PM,#1976d2
164M,M,37.17485,-122.09373,7 Apr 2025 2:00 AM,#1976d2
164M,M,37.17402,-122.11532,7 Apr 2025 6:00 AM,#1976d2
164M,M,37.17342,-122.11505,7 Apr 2025 10:00 AM,#1976d2
164M,M,37.17283,-122.11443,7 Apr 2025 2:00 PM,#1976d2
164M,M,37.1617,-122.11807,7 Apr 2025 6:00 PM,#1976d2
164M,M,37.15387,-122.11429,7 Apr 2025 10:00 PM,#1976d2
164M,M,37.13145,-122.11263,8 Apr 2025 2:00 AM,#1976d2
164M,M,37.10101,-122.09431,8 Apr 2025 6:00 AM,#1976d2
164M,M,37.1014,-122.09505,8 Apr 2025 10:00 AM,#1976d2
164M,M,37.10143,-122.09502,8 Apr 2025 2:00 PM,#1976d2
164M,M,37.1015,-122.09509,8 Apr 2025 6:00 PM,#1976d2
164M,M,37.09685,-122.08339,8 Apr 2025 10:00 PM,#1976d2
164M,M,37.0942,-122.06473,9 Apr 2025 2:00 AM,#1976d2
164M,M,37.09203,-122.064,9 Apr 2025 6:00 AM,#1976d2
164M,M,37.09407,-122.06076,9 Apr 2025 10:00 AM,#1976d2
164M,M,37.094,-122.06071,9 Apr 2025 2:00 PM,#1976d2
164M,M,37.09412,-122.06078,9 Apr 2025 6:00 PM,#1976d2
164M,M,37.08286,-122.04402,9 Apr 2025 10:00 PM,#1976d2
164M,M,37.07618,-122.02328,10 Apr 2025 2:00 AM,#1976d2
164M,M,37.10189,-121.99348,10 Apr 2025 6:00 AM,#1976d2
164M,M,37.10833,-122.01182,10 Apr 2025 10:00 AM,#1976d2
164M,M,37.11334,-122.01553,10 Apr 2025 2:00 PM,#1976d2
164M,M,37.11316,-122.0156,10 Apr 2025 6:00 PM,#1976d2
164M,M,37.13616,-122.00759,10 Apr 2025 10:00 PM,#1976d2
164M,M,37.17599,-122.00253,11 Apr 2025 2:00 AM,#1976d2
164M,M,37.17566,-122.03143,11 Apr 2025 6:00 AM,#1976d2
164M,M,37.17566,-122.03139,11 Apr 2025 10:00 AM,#1976d2
164M,M,37.17551,-122.03136,11 Apr 2025 2:00 PM,#1976d2
164M,M,37.17573,-122.03125,11 Apr 2025 6:00 PM,#1976d2
164M,M,37.17224,-122.04903,11 Apr 2025 10:00 PM,#1976d2
164M,M,37.16101,-122.08617,12 Apr 2025 2:00 AM,#1976d2
164M,M,37.14673,-122.09855,12 Apr 2025 6:00 AM,#1976d2
164M,M,37.14662,-122.09853,12 Apr 2025 10:00 AM,#1976d2
164M,M,37.14629,-122.10088,12 Apr 2025 2:00 PM,#1976d2
164M,M,37.14639,-122.101,12 Apr 2025 6:00 PM,#1976d2
164M,M,37.14379,-122.0985,12 Apr 2025 10:00 PM,#1976d2
164M,M,37.14174,-122.10107,13 Apr 2025 2:00 AM,#1976d2
164M,M,37.15325,-122.11573,13 Apr 2025 6:00 AM,#1976d2
164M,M,37.15542,-122.10822,13 Apr 2025 10:00 AM,#1976d2
164M,M,37.15438,-122.1085,13 Apr 2025 2:00 PM,#1976d2
164M,M,37.15517,-122.10796,13 Apr 2025 6:00 PM,#1976d2
164M,M,37.15477,-122.1045,13 Apr 2025 10:00 PM,#1976d2
164M,M,37.15467,-122.10513,14 Apr 2025 2:00 AM,#1976d2
164M,M,37.15492,-122.10486,14 Apr 2025 6:00 AM,#1976d2
164M,M,37.15675,-122.10764,14 Apr 2025 10:00 AM,#1976d2
164M,M,37.15635,-122.10738,14 Apr 2025 2:00 PM,#1976d2
164M,M,37.15559,-122.11358,14 Apr 2025 6:00 PM,#1976d2
164M,M,37.15544,-122.11352,14 Apr 2025 10:00 PM,#1976d2
164M,M,37.15539,-122.1136,15 Apr 2025 2:00 AM,#1976d2
164M,M,37.15551,-122.11353,15 Apr 2025 6:00 AM,#1976d2
164M,M,37.16805,-122.08289,15 Apr 2025 10:00 AM,#1976d2
164M,M,37.16521,-122.0802,15 Apr 2025 2:00 PM,#1976d2
164M,M,37.16702,-122.08047,15 Apr 2025 6:00 PM,#1976d2
164M,M,37.16383,-122.06553,15 Apr 2025 10:00 PM,#1976d2
164M,M,37.16386,-122.06543,16 Apr 2025 2:00 AM,#1976d2
164M,M,37.15617,-122.03402,16 Apr 2025 6:00 AM,#1976d2
164M,M,37.15636,-122.03346,16 Apr 2025 10:00 AM,#1976d2
164M,M,37.15636,-122.03349,16 Apr 2025 2:00 PM,#1976d2
164M,M,37.15798,-122.03001,16 Apr 2025 6:00 PM,#1976d2
164M,M,37.15398,-122.00779,16 Apr 2025 10:00 PM,#1976d2
164M,M,37.16699,-122.01313,17 Apr 2025 2:00 AM,#1976d2
164M,M,37.17141,-122.00648,17 Apr 2025 6:00 AM,#1976d2
164M,M,37.17196,-122.00412,17 Apr 2025 10:00 AM,#1976d2
164M,M,37.17121,-122.00333,17 Apr 2025 2:00 PM,#1976d2
164M,M,37.17125,-122.00333,17 Apr 2025 6:00 PM,#1976d2
164M,M,37.18219,-122.03548,17 Apr 2025 10:00 PM,#1976d2
164M,M,37.16882,-122.06996,18 Apr 2025 2:00 AM,#1976d2
164M,M,37.16781,-122.07331,18 Apr 2025 6:00 AM,#1976d2
164M,M,37.16787,-122.07315,18 Apr 2025 10:00 AM,#1976d2
164M,M,37.16459,-122.07191,18 Apr 2025 2:00 PM,#1976d2
164M,M,37.16454,-122.07199,18 Apr 2025 6:00 PM,#1976d2
164M,M,37.16183,-122.07024,18 Apr 2025 10:00 PM,#1976d2
164M,M,37.15821,-122.10283,19 Apr 2025 2:00 AM,#1976d2
164M,M,37.15849,-122.10269,19 Apr 2025 6:00 AM,#1976d2
164M,M,37.15646,-122.0951,19 Apr 2025 10:00 AM,#1976d2
164M,M,37.1559,-122.09497,19 Apr 2025 2:00 PM,#1976d2
164M,M,37.15604,-122.09484,19 Apr 2025 6:00 PM,#1976d2
164M,M,37.14571,-122.09549,19 Apr 2025 10:00 PM,#1976d2
164M,M,37.14704,-122.10037,20 Apr 2025 2:00 AM,#1976d2
164M,M,37.14708,-122.1003,20 Apr 2025 6:00 AM,#1976d2
164M,M,37.14223,-122.09652,20 Apr 2025 10:00 AM,#1976d2
164M,M,37.14235,-122.09645,20 Apr 2025 2:00 PM,#1976d2
164M,M,37.14231,-122.09642,20 Apr 2025 6:00 PM,#1976d2
164M,M,37.12882,-122.09223,20 Apr 2025 10:00 PM,#1976d2
164M,M,37.14308,-122.06822,21 Apr 2025 2:00 AM,#1976d2
164M,M,37.14322,-122.06808,21 Apr 2025 6:00 AM,#1976d2
164M,M,37.15273,-122.03152,21 Apr 2025 10:00 AM,#1976d2
164M,M,37.15287,-122.03154,21 Apr 2025 2:00 PM,#1976d2
164M,M,37.15268,-122.03148,21 Apr 2025 6:00 PM,#1976d2
164M,M,37.15295,-122.03271,21 Apr 2025 10:00 PM,#1976d2
164M,M,37.15352,-122.03162,22 Apr 2025 2:00 AM,#1976d2
164M,M,37.15284,-122.0317,22 Apr 2025 6:00 AM,#1976d2
164M,M,37.15281,-122.03149,22 Apr 2025 10:00 AM,#1976d2
164M,M,37.15289,-122.03144,22 Apr 2025 2:00 PM,#1976d2
164M,M,37.15278,-122.03156,22 Apr 2025 6:00 PM,#1976d2
164M,M,37.1528,-122.03157,22 Apr 2025 10:00 PM,#1976d2
164M,M,37.15275,-122.03153,23 Apr 2025 2:00 AM,#1976d2
164M,M,37.15274,-122.03135,23 Apr 2025 6:00 AM,#1976d2
164M,M,37.15286,-122.03162,23 Apr 2025 10:00 AM,#1976d2
164M,M,37.15279,-122.03169,23 Apr 2025 2:00 PM,#1976d2
164M,M,37.15279,-122.03133,23 Apr 2025 6:00 PM,#1976d2
164M,M,37.15595,-122.03281,23 Apr 2025 10:00 PM,#1976d2
164M,M,37.15424,-122.0078,24 Apr 2025 2:00 AM,#1976d2
164M,M,37.15284,-122.03132,24 Apr 2025 6:00 AM,#1976d2
164M,M,37.15278,-122.03147,24 Apr 2025 10:00 AM,#1976d2
164M,M,37.15293,-122.03155,24 Apr 2025 2:00 PM,#1976d2
164M,M,37.15285,-122.03166,24 Apr 2025 6:00 PM,#1976d2
164M,M,37.15352,-122.03241,24 Apr 2025 10:00 PM,#1976d2
164M,M,37.15311,-122.03188,25 Apr 2025 2:00 AM,#1976d2
164M,M,37.15315,-122.03163,25 Apr 2025 6:00 AM,#1976d2
164M,M,37.15276,-122.03281,25 Apr 2025 10:00 AM,#1976d2
164M,M,37.15289,-122.03165,25 Apr 2025 2:00 PM,#1976d2
164M,M,37.15292,-122.03133,25 Apr 2025 6:00 PM,#1976d2
164M,M,37.15259,-122.03168,25 Apr 2025 10:00 PM,#1976d2
164M,M,37.15316,-122.03179,26 Apr 2025 2:00 AM,#1976d2
164M,M,37.15344,-122.03111,26 Apr 2025 6:00 AM,#1976d2
164M,M,37.15274,-122.03174,26 Apr 2025 10:00 AM,#1976d2
164M,M,37.15288,-122.0314,26 Apr 2025 2:00 PM,#1976d2
164M,M,37.15298,-122.03138,26 Apr 2025 6:00 PM,#1976d2
164M,M,37.14846,-122.03653,26 Apr 2025 10:00 PM,#1976d2
164M,M,37.1215,-122.05417,27 Apr 2025 2:00 AM,#1976d2
164M,M,37.09363,-122.0649,27 Apr 2025 6:00 AM,#1976d2
164M,M,37.09341,-122.06462,27 Apr 2025 10:00 AM,#1976d2
164M,M,37.09355,-122.06471,27 Apr 2025 2:00 PM,#1976d2
164M,M,37.09675,-122.0723,27 Apr 2025 6:00 PM,#1976d2
164M,M,37.13018,-122.07215,27 Apr 2025 10:00 PM,#1976d2
164M,M,37.16205,-122.08534,28 Apr 2025 2:00 AM,#1976d2
164M,M,37.1636,-122.06876,28 Apr 2025 6:00 AM,#1976d2
164M,M,37.15911,-122.05447,28 Apr 2025 10:00 AM,#1976d2
164M,M,37.15869,-122.05334,28 Apr 2025 2:00 PM,#1976d2
164M,M,37.15869,-122.05357,28 Apr 2025 6:00 PM,#1976d2
164M,M,37.17081,-122.03855,28 Apr 2025 10:00 PM,#1976d2
164M,M,37.15415,-122.00773,29 Apr 2025 2:00 AM,#1976d2
164M,M,37.13545,-121.99347,29 Apr 2025 6:00 AM,#1976d2
164M,M,37.13344,-121.99359,29 Apr 2025 10:00 AM,#1976d2
164M,M,37.13067,-121.99297,29 Apr 2025 2:00 PM,#1976d2
164M,M,37.12968,-121.99367,29 Apr 2025 6:00 PM,#1976d2
164M,M,37.10555,-121.99736,29 Apr 2025 10:00 PM,#1976d2
164M,M,37.1044,-121.99729,30 Apr 2025 2:00 AM,#1976d2
164M,M,37.10471,-121.99783,30 Apr 2025 6:00 AM,#1976d2
164M,M,37.10429,-121.99741,30 Apr 2025 10:00 AM,#1976d2
164M,M,37.10788,-122.00104,30 Apr 2025 2:00 PM,#1976d2
164M,M,37.10796,-122.00103,30 Apr 2025 6:00 PM,#1976d2
164M,M,37.108,-122.00116,30 Apr 2025 10:00 PM,#1976d2
164M,M,37.10798,-122.00115,1 May 2025 2:00 AM,#1976d2
164M,M,37.1088,-122.00372,1 May 2025 6:00 AM,#1976d2
164M,M,37.10737,-122.01019,1 May 2025 10:00 AM,#1976d2
164M,M,37.1142,-122.01794,1 May 2025 2:00 PM,#1976d2
164M,M,37.11438,-122.01807,1 May 2025 6:00 PM,#1976d2
164M,M,37.12849,-122.05505,1 May 2025 10:00 PM,#1976d2
164M,M,37.14717,-122.08722,2 May 2025 2:00 AM,#1976d2
164M,M,37.15643,-122.10683,2 May 2025 6:00 AM,#1976d2
164M,M,37.15533,-122.10738,2 May 2025 10:00 AM,#1976d2
164M,M,37.15539,-122.10754,2 May 2025 2:00 PM,#1976d2
164M,M,37.15612,-122.10847,2 May 2025 6:00 PM,#1976d2
164M,M,37.15144,-122.1142,2 May 2025 10:00 PM,#1976d2
164M,M,37.13006,-122.12955,3 May 2025 2:00 AM,#1976d2
164M,M,37.13132,-122.13125,3 May 2025 6:00 AM,#1976d2
164M,M,37.13121,-122.13135,3 May 2025 10:00 AM,#1976d2
164M,M,37.1313,-122.13123,3 May 2025 2:00 PM,#1976d2
164M,M,37.13134,-122.13126,3 May 2025 6:00 PM,#1976d2
164M,M,37.1188,-122.13025,3 May 2025 10:00 PM,#1976d2
164M,M,37.11297,-122.12862,4 May 2025 2:00 AM,#1976d2
164M,M,37.10945,-122.11972,4 May 2025 6:00 AM,#1976d2
164M,M,37.10849,-122.11833,4 May 2025 10:00 AM,#1976d2
164M,M,37.10831,-122.11854,4 May 2025 2:00 PM,#1976d2
164M,M,37.10854,-122.11842,4 May 2025 6:00 PM,#1976d2
164M,M,37.08911,-122.12398,4 May 2025 10:00 PM,#1976d2
164M,M,37.06812,-122.08261,5 May 2025 2:00 AM,#1976d2
164M,M,37.06217,-122.07542,5 May 2025 6:00 AM,#1976d2
164M,M,37.06136,-122.07117,5 May 2025 10:00 AM,#1976d2
164M,M,37.06135,-122.07128,5 May 2025 2:00 PM,#1976d2
164M,M,37.0614,-122.07124,5 May 2025 6:00 PM,#1976d2
164M,M,37.06831,-122.06692,5 May 2025 10:00 PM,#1976d2
164M,M,37.09466,-122.06084,6 May 2025 2:00 AM,#1976d2
164M,M,37.13148,-122.04575,6 May 2025 6:00 AM,#1976d2
164M,M,37.13469,-122.03886,6 May 2025 10:00 AM,#1976d2
164M,M,37.1422,-122.03484,6 May 2025 2:00 PM,#1976d2
164M,M,37.15609,-122.03279,6 May 2025 6:00 PM,#1976d2
164M,M,37.15696,-122.00254,6 May 2025 10:00 PM,#1976d2
164M,M,37.18121,-122.02903,7 May 2025 2:00 AM,#1976d2
164M,M,37.1827,-122.03789,7 May 2025 6:00 AM,#1976d2
164M,M,37.18396,-122.03675,7 May 2025 10:00 AM,#1976d2
164M,M,37.1824,-122.03632,7 May 2025 2:00 PM,#1976d2
164M,M,37.18164,-122.03638,7 May 2025 6:00 PM,#1976d2
164M,M,37.18246,-122.03611,7 May 2025 10:00 PM,#1976d2
164M,M,37.18225,-122.03627,8 May 2025 2:00 AM,#1976d2
164M,M,37.18233,-122.03626,8 May 2025 6:00 AM,#1976d2
164M,M,37.18198,-122.03635,8 May 2025 10:00 AM,#1976d2
164M,M,37.18202,-122.03622,8 May 2025 2:00 PM,#1976d2
164M,M,37.18196,-122.03635,8 May 2025 6:00 PM,#1976d2
164M,M,37.18242,-122.03641,8 May 2025 10:00 PM,#1976d2
164M,M,37.18225,-122.03632,9 May 2025 2:00 AM,#1976d2
164M,M,37.18243,-122.0362,9 May 2025 6:00 AM,#1976d2
164M,M,37.18139,-122.0364,9 May 2025 10:00 AM,#1976d2
164M,M,37.18162,-122.03639,9 May 2025 2:00 PM,#1976d2
164M,M,37.18172,-122.03626,9 May 2025 6:00 PM,#1976d2
164M,M,37.18198,-122.03638,9 May 2025 10:00 PM,#1976d2
164M,M,37.18229,-122.03623,10 May 2025 2:00 AM,#1976d2
164M,M,37.18254,-122.03619,10 May 2025 6:00 AM,#1976d2
164M,M,37.18209,-122.03643,10 May 2025 10:00 AM,#1976d2
164M,M,37.18157,-122.03635,10 May 2025 2:00 PM,#1976d2
164M,M,37.18135,-122.03639,10 May 2025 6:00 PM,#1976d2
164M,M,37.18223,-122.03614,10 May 2025 10:00 PM,#1976d2
164M,M,37.18259,-122.036,11 May 2025 2:00 AM,#1976d2
164M,M,37.1824,-122.03609,11 May 2025 6:00 AM,#1976d2
164M,M,37.1814,-122.03709,11 May 2025 10:00 AM,#1976d2
164M,M,37.18148,-122.0372,11 May 2025 2:00 PM,#1976d2
164M,M,37.18164,-122.03773,11 May 2025 6:00 PM,#1976d2
164M,M,37.175,-122.03305,11 May 2025 10:00 PM,#1976d2
164M,M,37.17524,-122.02853,12 May 2025 2:00 AM,#1976d2
164M,M,37.17412,-122.02763,12 May 2025 6:00 AM,#1976d2
164M,M,37.17374,-122.02819,12 May 2025 10:00 AM,#1976d2
164M,M,37.17397,-122.02767,12 May 2025 2:00 PM,#1976d2
164M,M,37.17281,-122.02876,12 May 2025 6:00 PM,#1976d2
164M,M,37.15964,-122.0563,12 May 2025 9:00 PM,#1976d2
164M,M,37.16122,-122.05428,13 May 2025 2:00 AM,#1976d2
164M,M,37.16233,-122.06649,13 May 2025 6:00 AM,#1976d2
164M,M,37.16201,-122.0662,13 May 2025 10:00 AM,#1976d2
164M,M,37.16196,-122.06641,13 May 2025 2:00 PM,#1976d2
164M,M,37.16258,-122.06767,13 May 2025 6:00 PM,#1976d2
164M,M,37.16786,-122.0892,13 May 2025 10:00 PM,#1976d2
164M,M,37.15584,-122.10983,14 May 2025 2:00 AM,#1976d2
164M,M,37.13679,-122.11203,14 May 2025 6:00 AM,#1976d2
164M,M,37.13639,-122.11199,14 May 2025 10:00 AM,#1976d2
164M,M,37.13645,-122.11207,14 May 2025 2:00 PM,#1976d2
164M,M,37.13641,-122.11191,14 May 2025 6:00 PM,#1976d2
164M,M,37.12428,-122.09897,14 May 2025 10:00 PM,#1976d2
164M,M,37.11721,-122.07059,15 May 2025 2:00 AM,#1976d2
164M,M,37.11292,-122.06824,15 May 2025 6:00 AM,#1976d2
164M,M,37.12225,-122.07047,15 May 2025 10:00 AM,#1976d2
164M,M,37.12241,-122.07049,15 May 2025 2:00 PM,#1976d2
164M,M,37.12418,-122.06884,15 May 2025 6:00 PM,#1976d2
164M,M,37.12296,-122.05806,15 May 2025 10:00 PM,#1976d2
164M,M,37.12341,-122.03528,16 May 2025 2:00 AM,#1976d2
164M,M,37.10773,-122.01117,16 May 2025 6:00 AM,#1976d2
164M,M,37.1042,-122.00706,16 May 2025 10:00 AM,#1976d2
164M,M,37.10152,-122.00878,16 May 2025 2:00 PM,#1976d2
164M,M,37.10126,-122.00892,16 May 2025 6:00 PM,#1976d2
164M,M,37.08184,-122.0145,16 May 2025 10:00 PM,#1976d2
164M,M,37.08139,-121.98924,17 May 2025 2:00 AM,#1976d2
164M,M,37.08326,-121.98061,17 May 2025 6:00 AM,#1976d2
164M,M,37.07955,-121.98675,17 May 2025 10:00 AM,#1976d2
164M,M,37.07961,-121.98643,17 May 2025 2:00 PM,#1976d2
164M,M,37.07963,-121.98644,17 May 2025 6:00 PM,#1976d2
164M,M,37.08287,-121.98041,17 May 2025 10:00 PM,#1976d2
164M,M,37.09275,-121.98106,18 May 2025 2:00 AM,#1976d2
164M,M,37.10711,-121.97942,18 May 2025 6:00 AM,#1976d2
164M,M,37.10717,-121.97939,18 May 2025 10:00 AM,#1976d2
164M,M,37.10726,-121.97924,18 May 2025 2:00 PM,#1976d2
164M,M,37.1072,-121.97923,18 May 2025 6:00 PM,#1976d2
164M,M,37.1108,-121.97826,18 May 2025 10:00 PM,#1976d2
164M,M,37.12031,-121.98229,19 May 2025 2:00 AM,#1976d2
164M,M,37.14759,-122.00185,19 May 2025 6:00 AM,#1976d2
164M,M,37.14864,-122.00254,19 May 2025 10:00 AM,#1976d2
164M,M,37.14854,-122.00255,19 May 2025 2:00 PM,#1976d2
164M,M,37.14859,-122.00253,19 May 2025 6:00 PM,#1976d2
164M,M,37.16138,-122.00677,19 May 2025 10:00 PM,#1976d2
164M,M,37.17048,-122.00755,20 May 2025 2:00 AM,#1976d2
164M,M,37.17706,-122.00185,20 May 2025 6:00 AM,#1976d2
164M,M,37.17767,-122.00089,20 May 2025 10:00 AM,#1976d2
164M,M,37.17873,-122.00024,20 May 2025 2:00 PM,#1976d2
164M,M,37.17875,-122.00033,20 May 2025 6:00 PM,#1976d2
164M,M,37.18401,-122.00729,20 May 2025 10:00 PM,#1976d2
164M,M,37.1734,-122.02009,21 May 2025 2:00 AM,#1976d2
164M,M,37.17189,-122.02882,21 May 2025 6:00 AM,#1976d2
164M,M,37.17191,-122.02887,21 May 2025 10:00 AM,#1976d2
164M,M,37.17164,-122.02869,21 May 2025 2:00 PM,#1976d2
164M,M,37.17171,-122.02851,21 May 2025 6:00 PM,#1976d2
164M,M,37.17083,-122.04941,21 May 2025 10:00 PM,#1976d2
164M,M,37.16686,-122.08664,22 May 2025 2:00 AM,#1976d2
164M,M,37.1463,-122.09921,22 May 2025 6:00 AM,#1976d2
164M,M,37.14243,-122.09575,22 May 2025 10:00 AM,#1976d2
164M,M,37.14012,-122.09667,22 May 2025 2:00 PM,#1976d2
164M,M,37.13988,-122.09872,22 May 2025 6:00 PM,#1976d2
164M,M,37.14962,-122.11306,22 May 2025 10:00 PM,#1976d2
164M,M,37.15253,-122.11671,23 May 2025 2:00 AM,#1976d2
164M,M,37.15915,-122.11839,23 May 2025 6:00 AM,#1976d2
164M,M,37.16067,-122.11824,23 May 2025 10:00 AM,#1976d2
164M,M,37.15976,-122.11771,23 May 2025 2:00 PM,#1976d2
164M,M,37.15636,-122.11621,23 May 2025 6:00 PM,#1976d2
164M,M,37.15057,-122.11546,23 May 2025 10:00 PM,#1976d2
164M,M,37.15094,-122.11569,24 May 2025 2:00 AM,#1976d2
164M,M,37.1506,-122.11548,24 May 2025 6:00 AM,#1976d2
164M,M,37.14935,-122.11555,24 May 2025 10:00 AM,#1976d2
164M,M,37.14957,-122.11538,24 May 2025 2:00 PM,#1976d2
164M,M,37.14959,-122.11539,24 May 2025 6:00 PM,#1976d2
164M,M,37.13872,-122.11304,24 May 2025 10:00 PM,#1976d2
164M,M,37.11903,-122.10738,25 May 2025 2:00 AM,#1976d2
164M,M,37.11512,-122.10831,25 May 2025 6:00 AM,#1976d2
164M,M,37.11149,-122.10839,25 May 2025 10:00 AM,#1976d2
164M,M,37.11135,-122.10799,25 May 2025 2:00 PM,#1976d2
164M,M,37.11124,-122.10805,25 May 2025 6:00 PM,#1976d2
164M,M,37.11663,-122.10824,25 May 2025 10:00 PM,#1976d2
164M,M,37.11637,-122.10839,26 May 2025 2:00 AM,#1976d2
164M,M,37.11586,-122.10815,26 May 2025 6:00 AM,#1976d2
164M,M,37.11123,-122.10808,26 May 2025 10:00 AM,#1976d2
164M,M,37.11128,-122.10806,26 May 2025 2:00 PM,#1976d2
164M,M,37.1112,-122.10812,26 May 2025 6:00 PM,#1976d2
164M,M,37.11658,-122.10854,26 May 2025 10:00 PM,#1976d2
164M,M,37.11624,-122.10818,27 May 2025 2:00 AM,#1976d2
164M,M,37.11628,-122.10809,27 May 2025 6:00 AM,#1976d2
164M,M,37.11602,-122.10519,27 May 2025 10:00 AM,#1976d2
164M,M,37.11644,-122.10532,27 May 2025 2:00 PM,#1976d2
164M,M,37.11652,-122.10543,27 May 2025 6:00 PM,#1976d2
164M,M,37.11629,-122.10828,27 May 2025 10:00 PM,#1976d2
164M,M,37.13257,-122.09004,28 May 2025 2:00 AM,#1976d2
164M,M,37.13918,-122.06543,28 May 2025 6:00 AM,#1976d2
164M,M,37.13964,-122.0472,28 May 2025 10:00 AM,#1976d2
164M,M,37.1396,-122.04782,28 May 2025 2:00 PM,#1976d2
164M,M,37.13956,-122.0481,28 May 2025 6:00 PM,#1976d2
164M,M,37.15933,-122.02829,28 May 2025 10:00 PM,#1976d2
164M,M,37.16524,-121.99962,29 May 2025 2:00 AM,#1976d2
164M,M,37.16895,-122.00225,29 May 2025 6:00 AM,#1976d2
164M,M,37.17621,-122.00392,29 May 2025 10:00 AM,#1976d2
164M,M,37.17617,-122.00386,29 May 2025 2:00 PM,#1976d2
164M,M,37.17645,-122.00418,29 May 2025 6:00 PM,#1976d2
164M,M,37.15591,-122.00662,29 May 2025 10:00 PM,#1976d2
164M,M,37.12682,-121.99451,30 May 2025 2:00 AM,#1976d2
164M,M,37.10116,-122.01978,30 May 2025 6:00 AM,#1976d2
164M,M,37.0906,-122.0384,30 May 2025 10:00 AM,#1976d2
164M,M,37.09047,-122.0384,30 May 2025 2:00 PM,#1976d2
164M,M,37.09061,-122.03835,30 May 2025 6:00 PM,#1976d2
164M,M,37.08284,-122.03629,30 May 2025 10:00 PM,#1976d2
164M,M,37.06238,-122.04781,31 May 2025 2:00 AM,#1976d2
164M,M,37.06157,-122.0463,31 May 2025 6:00 AM,#1976d2
164M,M,37.06408,-122.04861,31 May 2025 10:00 AM,#1976d2
164M,M,37.06365,-122.05161,31 May 2025 2:00 PM,#1976d2
164M,M,37.06366,-122.05161,31 May 2025 6:00 PM,#1976d2
164M,M,37.05737,-122.05808,31 May 2025 10:00 PM,#1976d2
164M,M,37.06241,-122.07513,1 Jun 2025 2:00 AM,#1976d2
164M,M,37.05647,-122.06836,1 Jun 2025 6:00 AM,#1976d2
164M,M,37.05639,-122.06778,1 Jun 2025 10:00 AM,#1976d2
164M,M,37.0565,-122.06815,1 Jun 2025 2:00 PM,#1976d2
164M,M,37.05663,-122.06809,1 Jun 2025 6:00 PM,#1976d2
164M,M,37.05652,-122.0681,1 Jun 2025 10:00 PM,#1976d2
164M,M,37.05655,-122.06841,2 Jun 2025 2:00 AM,#1976d2
164M,M,37.05657,-122.06837,2 Jun 2025 6:00 AM,#1976d2
164M,M,37.05669,-122.06758,2 Jun 2025 10:00 AM,#1976d2
164M,M,37.05694,-122.06754,2 Jun 2025 2:00 PM,#1976d2
164M,M,37.05648,-122.06786,2 Jun 2025 6:00 PM,#1976d2
164M,M,37.06892,-122.0668,2 Jun 2025 10:00 PM,#1976d2
164M,M,37.09348,-122.06496,3 Jun 2025 5:00 AM,#1976d2
164M,M,37.12825,-122.07355,3 Jun 2025 1:00 PM,#1976d2
164M,M,37.15166,-122.09112,3 Jun 2025 9:00 PM,#1976d2
164M,M,37.16434,-122.08002,4 Jun 2025 5:00 AM,#1976d2
164M,M,37.16832,-122.07986,4 Jun 2025 9:00 AM,#1976d2
164M,M,37.16801,-122.07811,4 Jun 2025 1:00 PM,#1976d2
164M,M,37.16933,-122.07858,4 Jun 2025 5:00 PM,#1976d2
164M,M,37.16985,-122.07497,4 Jun 2025 9:00 PM,#1976d2
164M,M,37.1614,-122.05256,5 Jun 2025 1:00 AM,#1976d2
164M,M,37.16562,-122.03826,5 Jun 2025 5:00 AM,#1976d2
164M,M,37.16563,-122.03671,5 Jun 2025 9:00 AM,#1976d2
164M,M,37.16521,-122.03392,5 Jun 2025 1:00 PM,#1976d2
164M,M,37.16515,-122.0313,5 Jun 2025 5:00 PM,#1976d2
164M,M,37.16245,-121.99701,6 Jun 2025 1:00 AM,#1976d2
164M,M,37.14766,-122.01046,6 Jun 2025 5:00 AM,#1976d2
164M,M,37.14347,-122.00792,6 Jun 2025 1:00 PM,#1976d2
164M,M,37.14171,-122.00674,6 Jun 2025 5:00 PM,#1976d2
164M,M,37.14228,-122.00616,6 Jun 2025 9:00 PM,#1976d2
164M,M,37.14231,-122.00613,7 Jun 2025 1:00 AM,#1976d2
164M,M,37.14219,-122.00579,7 Jun 2025 5:00 AM,#1976d2
164M,M,37.12321,-122.01507,7 Jun 2025 9:00 AM,#1976d2
164M,M,37.12317,-122.01514,7 Jun 2025 1:00 PM,#1976d2
164M,M,37.12309,-122.01546,7 Jun 2025 5:00 PM,#1976d2
164M,M,37.08454,-122.01508,8 Jun 2025 9:00 AM,#1976d2
164M,M,37.10139,-122.00181,9 Jun 2025 1:00 AM,#1976d2
164M,M,37.08607,-122.01849,9 Jun 2025 5:00 AM,#1976d2
164M,M,37.0849,-122.01488,9 Jun 2025 9:00 AM,#1976d2
164M,M,37.08489,-122.01493,9 Jun 2025 1:00 PM,#1976d2
164M,M,37.08494,-122.01486,9 Jun 2025 5:00 PM,#1976d2
164M,M,37.09539,-122.01913,9 Jun 2025 9:00 PM,#1976d2
164M,M,37.10368,-121.98886,10 Jun 2025 1:00 AM,#1976d2
164M,M,37.10715,-121.98102,10 Jun 2025 5:00 AM,#1976d2
164M,M,37.10695,-121.98041,10 Jun 2025 9:00 AM,#1976d2
164M,M,37.1069,-121.98046,10 Jun 2025 1:00 PM,#1976d2
164M,M,37.10693,-121.98046,10 Jun 2025 5:00 PM,#1976d2
164M,M,37.10689,-121.98049,10 Jun 2025 9:00 PM,#1976d2
164M,M,37.10169,-122.00668,11 Jun 2025 1:00 AM,#1976d2
164M,M,37.10171,-122.0065,11 Jun 2025 5:00 AM,#1976d2
164M,M,37.10313,-122.00905,11 Jun 2025 9:00 AM,#1976d2
164M,M,37.10287,-122.009,11 Jun 2025 1:00 PM,#1976d2
164M,M,37.09607,-122.03183,11 Jun 2025 9:00 PM,#1976d2
164M,M,37.0758,-122.02689,12 Jun 2025 1:00 AM,#1976d2
164M,M,37.07844,-122.01583,12 Jun 2025 1:00 PM,#1976d2
164M,M,37.07843,-122.01577,12 Jun 2025 5:00 PM,#1976d2
164M,M,37.07788,-122.01908,12 Jun 2025 9:00 PM,#1976d2
164M,M,37.06479,-122.02845,13 Jun 2025 5:00 AM,#1976d2
164M,M,37.0647,-122.02855,13 Jun 2025 9:00 AM,#1976d2
164M,M,37.06481,-122.02847,13 Jun 2025 1:00 PM,#1976d2
164M,M,37.06477,-122.02837,13 Jun 2025 5:00 PM,#1976d2
164M,M,37.06479,-122.02835,13 Jun 2025 9:00 PM,#1976d2
164M,M,37.06499,-122.02822,14 Jun 2025 1:00 AM,#1976d2
164M,M,37.06503,-122.0283,14 Jun 2025 9:00 AM,#1976d2
164M,M,37.06507,-122.02826,14 Jun 2025 5:00 PM,#1976d2
164M,M,37.06502,-122.02821,15 Jun 2025 1:00 AM,#1976d2
164M,M,37.06508,-122.02843,15 Jun 2025 5:00 AM,#1976d2
164M,M,37.06504,-122.02823,15 Jun 2025 9:00 AM,#1976d2
164M,M,37.06518,-122.02818,15 Jun 2025 1:00 PM,#1976d2
164M,M,37.06524,-122.02821,15 Jun 2025 5:00 PM,#1976d2
164M,M,37.06499,-122.02831,16 Jun 2025 1:00 AM,#1976d2
164M,M,37.08191,-122.03916,16 Jun 2025 1:00 PM,#1976d2
164M,M,37.08212,-122.03781,16 Jun 2025 9:00 PM,#1976d2
164M,M,37.13385,-122.03611,17 Jun 2025 9:00 AM,#1976d2
164M,M,37.1339,-122.03608,17 Jun 2025 5:00 PM,#1976d2
164M,M,37.15024,-122.03375,17 Jun 2025 9:00 PM,#1976d2
164M,M,37.14785,-122.00474,18 Jun 2025 5:00 AM,#1976d2
164M,M,37.14745,-121.99693,18 Jun 2025 9:00 AM,#1976d2
164M,M,37.15012,-121.99789,18 Jun 2025 5:00 PM,#1976d2
164M,M,37.14635,-121.99882,18 Jun 2025 9:00 PM,#1976d2
164M,M,37.13201,-121.98901,19 Jun 2025 1:00 AM,#1976d2
164M,M,37.11938,-121.98367,19 Jun 2025 5:00 AM,#1976d2
164M,M,37.10765,-121.97877,19 Jun 2025 9:00 AM,#1976d2
164M,M,37.10763,-121.97871,19 Jun 2025 1:00 PM,#1976d2
164M,M,37.10537,-121.97664,19 Jun 2025 5:00 PM,#1976d2
164M,M,37.10503,-121.97739,19 Jun 2025 9:00 PM,#1976d2
164M,M,37.10466,-121.97703,20 Jun 2025 1:00 AM,#1976d2
164M,M,37.10232,-121.98731,20 Jun 2025 5:00 AM,#1976d2
164M,M,37.08772,-121.98915,20 Jun 2025 9:00 AM,#1976d2
164M,M,37.08461,-122.01807,21 Jun 2025 1:00 AM,#1976d2
164M,M,37.08862,-122.01683,21 Jun 2025 5:00 AM,#1976d2
164M,M,37.0799,-122.01477,21 Jun 2025 9:00 AM,#1976d2
164M,M,37.07987,-122.01465,21 Jun 2025 1:00 PM,#1976d2
164M,M,37.07765,-122.01598,21 Jun 2025 5:00 PM,#1976d2
164M,M,37.08073,-122.0261,22 Jun 2025 1:00 AM,#1976d2
164M,M,37.08399,-122.03355,22 Jun 2025 5:00 AM,#1976d2
164M,M,37.08361,-122.0337,22 Jun 2025 9:00 AM,#1976d2
164M,M,37.07067,-122.04976,22 Jun 2025 5:00 PM,#1976d2
164M,M,37.06217,-122.04971,22 Jun 2025 9:00 PM,#1976d2
164M,M,37.05986,-122.03723,23 Jun 2025 1:00 AM,#1976d2
164M,M,37.08346,-122.01672,23 Jun 2025 5:00 AM,#1976d2
164M,M,37.08915,-122.01909,23 Jun 2025 9:00 AM,#1976d2
164M,M,37.08929,-122.01917,23 Jun 2025 1:00 PM,#1976d2
164M,M,37.09112,-122.01941,23 Jun 2025 5:00 PM,#1976d2
164M,M,37.07948,-121.98653,24 Jun 2025 5:00 AM,#1976d2
164M,M,37.07955,-121.98658,24 Jun 2025 9:00 AM,#1976d2
164M,M,37.0794,-121.98647,24 Jun 2025 1:00 PM,#1976d2
164M,M,37.0796,-121.98651,24 Jun 2025 5:00 PM,#1976d2
164M,M,37.08665,-122.01665,25 Jun 2025 5:00 AM,#1976d2
164M,M,37.0887,-122.01629,25 Jun 2025 9:00 AM,#1976d2
164M,M,37.08867,-122.0168,25 Jun 2025 1:00 PM,#1976d2
164M,M,37.08869,-122.01681,25 Jun 2025 5:00 PM,#1976d2
164M,M,37.08875,-122.01671,25 Jun 2025 9:00 PM,#1976d2
164M,M,37.10202,-122.01303,26 Jun 2025 1:00 AM,#1976d2
164M,M,37.10362,-121.97861,26 Jun 2025 5:00 AM,#1976d2
164M,M,37.10661,-121.97883,26 Jun 2025 9:00 AM,#1976d2
164M,M,37.10666,-121.97881,26 Jun 2025 1:00 PM,#1976d2
164M,M,37.10658,-121.97889,26 Jun 2025 5:00 PM,#1976d2
164M,M,37.10672,-121.97894,26 Jun 2025 9:00 PM,#1976d2
164M,M,37.10094,-121.99796,27 Jun 2025 1:00 AM,#1976d2
164M,M,37.10403,-122.00553,27 Jun 2025 9:00 AM,#1976d2
164M,M,37.10457,-122.00741,27 Jun 2025 1:00 PM,#1976d2
164M,M,37.10246,-122.00971,27 Jun 2025 9:00 PM,#1976d2
164M,M,37.11922,-122.03049,28 Jun 2025 1:00 AM,#1976d2
164M,M,37.16179,-122.05196,28 Jun 2025 9:00 AM,#1976d2
164M,M,37.16472,-122.05331,28 Jun 2025 1:00 PM,#1976d2
164M,M,37.16661,-122.0533,28 Jun 2025 5:00 PM,#1976d2
164M,M,37.15,-122.076,29 Jun 2025 1:00 AM,#1976d2
164M,M,37.12062,-122.05777,29 Jun 2025 5:00 AM,#1976d2
164M,M,37.12051,-122.05816,29 Jun 2025 9:00 PM,#1976d2
164M,M,37.12135,-122.05776,30 Jun 2025 1:00 PM,#1976d2
164M,M,37.12049,-122.05762,1 Jul 2025 1:00 AM,#1976d2
164M,M,37.12049,-122.05833,1 Jul 2025 5:00 AM,#1976d2
164M,M,37.12016,-122.05824,2 Jul 2025 5:00 AM,#1976d2
164M,M,37.11373,-122.03973,2 Jul 2025 9:00 AM,#1976d2
164M,M,37.10801,-122.0321,2 Jul 2025 1:00 PM,#1976d2
164M,M,37.08609,-122.01846,3 Jul 2025 1:00 AM,#1976d2
164M,M,37.08547,-122.01675,3 Jul 2025 5:00 AM,#1976d2
164M,M,37.08405,-122.01508,3 Jul 2025 9:00 AM,#1976d2
164M,M,37.08408,-122.01508,3 Jul 2025 1:00 PM,#1976d2
164M,M,37.08416,-122.01511,3 Jul 2025 5:00 PM,#1976d2
164M,M,37.08508,-122.01485,3 Jul 2025 9:00 PM,#1976d2
164M,M,37.09111,-121.98056,4 Jul 2025 1:00 AM,#1976d2
164M,M,37.13158,-121.98998,4 Jul 2025 9:00 AM,#1976d2
164M,M,37.13186,-121.99038,4 Jul 2025 1:00 PM,#1976d2
164M,M,37.13192,-121.99025,4 Jul 2025 5:00 PM,#1976d2
164M,M,37.15512,-122.01229,5 Jul 2025 1:00 AM,#1976d2
164M,M,37.15513,-122.01223,5 Jul 2025 5:00 AM,#1976d2
164M,M,37.15509,-122.01186,5 Jul 2025 1:00 PM,#1976d2
164M,M,37.1552,-122.0102,5 Jul 2025 5:00 PM,#1976d2
164M,M,37.15498,-122.01178,5 Jul 2025 9:00 PM,#1976d2
164M,M,37.15513,-122.01212,6 Jul 2025 1:00 AM,#1976d2
164M,M,37.15512,-122.01225,6 Jul 2025 5:00 AM,#1976d2
164M,M,37.15425,-122.01579,6 Jul 2025 9:00 AM,#1976d2
164M,M,37.15278,-122.01879,6 Jul 2025 5:00 PM,#1976d2
164M,M,37.14135,-122.0314,7 Jul 2025 1:00 AM,#1976d2
164M,M,37.13417,-122.03873,7 Jul 2025 5:00 AM,#1976d2
164M,M,37.15116,-122.07783,7 Jul 2025 1:00 PM,#1976d2
164M,M,37.14858,-122.08604,7 Jul 2025 5:00 PM,#1976d2
164M,M,37.14943,-122.08594,7 Jul 2025 9:00 PM,#1976d2
164M,M,37.15586,-122.11448,8 Jul 2025 1:00 AM,#1976d2
164M,M,37.14003,-122.11391,8 Jul 2025 5:00 AM,#1976d2
164M,M,37.13793,-122.11162,8 Jul 2025 9:00 AM,#1976d2
164M,M,37.13698,-122.11216,8 Jul 2025 1:00 PM,#1976d2
164M,M,37.13501,-122.11304,8 Jul 2025 5:00 PM,#1976d2
164M,M,37.13169,-122.11155,8 Jul 2025 9:00 PM,#1976d2
164M,M,37.11301,-122.10968,9 Jul 2025 5:00 AM,#1976d2
164M,M,37.11107,-122.10619,9 Jul 2025 1:00 PM,#1976d2
164M,M,37.09364,-122.06966,10 Jul 2025 1:00 AM,#1976d2
164M,M,37.08396,-122.03243,10 Jul 2025 5:00 AM,#1976d2
164M,M,37.08959,-122.01966,10 Jul 2025 9:00 AM,#1976d2
164M,M,37.08916,-122.0189,10 Jul 2025 1:00 PM,#1976d2
164M,M,37.08706,-122.01785,10 Jul 2025 5:00 PM,#1976d2
164M,M,37.08607,-122.01849,10 Jul 2025 9:00 PM,#1976d2
164M,M,37.1007,-121.99715,11 Jul 2025 1:00 AM,#1976d2
164M,M,37.10095,-121.99704,11 Jul 2025 9:00 PM,#1976d2
164M,M,37.10124,-121.99784,12 Jul 2025 1:00 AM,#1976d2
164M,M,37.10469,-122.00558,12 Jul 2025 9:00 AM,#1976d2
164M,M,37.10957,-122.00539,13 Jul 2025 1:00 PM,#1976d2
164M,M,37.11736,-122.01543,13 Jul 2025 9:00 PM,#1976d2
164M,M,37.15409,-122.00804,14 Jul 2025 5:00 AM,#1976d2
164M,M,37.15843,-122.02254,14 Jul 2025 9:00 AM,#1976d2
164M,M,37.15831,-122.02257,14 Jul 2025 1:00 PM,#1976d2
164M,M,37.15854,-122.02256,14 Jul 2025 5:00 PM,#1976d2
164M,M,37.1616,-122.05276,15 Jul 2025 1:00 AM,#1976d2
164M,M,37.16114,-122.05177,15 Jul 2025 5:00 AM,#1976d2
164M,M,37.16131,-122.0508,15 Jul 2025 5:00 PM,#1976d2
164M,M,37.16117,-122.05176,15 Jul 2025 9:00 PM,#1976d2
164M,M,37.16182,-122.05202,16 Jul 2025 1:00 AM,#1976d2
164M,M,37.16132,-122.05086,16 Jul 2025 5:00 PM,#1976d2
164M,M,37.16111,-122.05164,17 Jul 2025 1:00 AM,#1976d2
164M,M,37.16122,-122.05082,17 Jul 2025 9:00 AM,#1976d2
164M,M,37.16098,-122.05173,18 Jul 2025 1:00 AM,#1976d2
164M,M,37.16116,-122.05161,18 Jul 2025 9:00 AM,#1976d2
164M,M,37.16058,-122.05104,18 Jul 2025 5:00 PM,#1976d2
164M,M,37.14767,-122.05087,19 Jul 2025 1:00 AM,#1976d2
164M,M,37.15678,-122.00342,20 Jul 2025 1:00 AM,#1976d2
164M,M,37.15555,-122.00248,20 Jul 2025 5:00 AM,#1976d2
164M,M,37.15334,-122.00472,20 Jul 2025 5:00 PM,#1976d2
164M,M,37.15413,-122.00807,20 Jul 2025 9:00 PM,#1976d2
164M,M,37.15452,-122.0091,21 Jul 2025 1:00 AM,#1976d2
164M,M,37.15377,-122.00743,21 Jul 2025 5:00 AM,#1976d2
164M,M,37.15326,-122.00495,21 Jul 2025 9:00 AM,#1976d2
164M,M,37.15397,-122.00275,21 Jul 2025 5:00 PM,#1976d2
164M,M,37.15102,-122.00362,22 Jul 2025 1:00 AM,#1976d2
164M,M,37.15524,-122.00408,22 Jul 2025 5:00 AM,#1976d2
164M,M,37.15435,-122.00576,22 Jul 2025 9:00 AM,#1976d2
164M,M,37.15383,-122.0078,22 Jul 2025 1:00 PM,#1976d2
164M,M,37.15391,-122.00786,22 Jul 2025 5:00 PM,#1976d2
164M,M,37.15738,-122.0174,22 Jul 2025 9:00 PM,#1976d2
164M,M,37.15117,-122.02925,23 Jul 2025 5:00 AM,#1976d2
164M,M,37.15585,-122.03421,23 Jul 2025 9:00 AM,#1976d2
164M,M,37.15551,-122.03371,23 Jul 2025 1:00 PM,#1976d2
164M,M,37.1563,-122.03255,23 Jul 2025 5:00 PM,#1976d2
164M,M,37.15551,-122.03059,24 Jul 2025 1:00 AM,#1976d2
164M,M,37.15466,-122.03158,24 Jul 2025 5:00 AM,#1976d2
164M,M,37.15643,-122.03236,24 Jul 2025 9:00 AM,#1976d2
164M,M,37.15385,-122.03469,24 Jul 2025 5:00 PM,#1976d2
164M,M,37.1249,-122.02443,25 Jul 2025 1:00 AM,#1976d2
164M,M,37.08728,-122.01709,25 Jul 2025 9:00 AM,#1976d2
164M,M,37.08554,-122.01821,25 Jul 2025 1:00 PM,#1976d2
164M,M,37.08541,-122.01817,25 Jul 2025 5:00 PM,#1976d2
164M,M,37.08512,-122.01897,26 Jul 2025 1:00 AM,#1976d2
164M,M,37.08126,-122.03871,26 Jul 2025 5:00 AM,#1976d2
164M,M,37.08934,-122.03567,26 Jul 2025 9:00 AM,#1976d2
164M,M,37.07834,-122.04025,26 Jul 2025 1:00 PM,#1976d2
164M,M,37.07573,-122.03697,26 Jul 2025 5:00 PM,#1976d2
164M,M,37.07892,-122.02683,26 Jul 2025 9:00 PM,#1976d2
164M,M,37.08517,-122.0173,27 Jul 2025 1:00 AM,#1976d2
164M,M,37.08635,-122.0162,27 Jul 2025 5:00 AM,#1976d2
164M,M,37.08798,-122.01703,27 Jul 2025 9:00 AM,#1976d2
164M,M,37.0878,-122.01712,27 Jul 2025 1:00 PM,#1976d2
164M,M,37.08874,-122.01801,27 Jul 2025 5:00 PM,#1976d2
164M,M,37.06961,-122.02906,28 Jul 2025 1:00 AM,#1976d2
164M,M,37.06265,-122.05962,28 Jul 2025 5:00 AM,#1976d2
164M,M,37.06355,-122.06143,28 Jul 2025 9:00 AM,#1976d2
164M,M,37.06277,-122.06038,28 Jul 2025 9:00 PM,#1976d2
164M,M,37.05703,-122.0728,29 Jul 2025 5:00 AM,#1976d2
164M,M,37.05682,-122.0693,29 Jul 2025 9:00 AM,#1976d2
164M,M,37.0567,-122.06816,29 Jul 2025 9:00 PM,#1976d2
164M,M,37.05708,-122.07274,30 Jul 2025 1:00 AM,#1976d2
164M,M,37.05708,-122.07284,30 Jul 2025 5:00 AM,#1976d2
164M,M,37.0577,-122.07086,30 Jul 2025 9:00 AM,#1976d2
164M,M,37.05799,-122.07133,30 Jul 2025 1:00 PM,#1976d2
164M,M,37.05765,-122.07158,30 Jul 2025 9:00 PM,#1976d2
164M,M,37.05713,-122.07251,31 Jul 2025 5:00 AM,#1976d2
164M,M,37.05779,-122.0721,31 Jul 2025 1:00 PM,#1976d2
164M,M,37.05715,-122.07285,31 Jul 2025 5:00 PM,#1976d2
164M,M,37.05715,-122.07029,31 Jul 2025 9:00 PM,#1976d2
164M,M,37.05711,-122.07037,1 Aug 2025 1:00 AM,#1976d2
164M,M,37.05726,-122.07033,1 Aug 2025 5:00 AM,#1976d2
164M,M,37.05713,-122.07048,1 Aug 2025 9:00 AM,#1976d2
164M,M,37.05732,-122.0703,1 Aug 2025 5:00 PM,#1976d2
164M,M,37.05713,-122.07046,1 Aug 2025 9:00 PM,#1976d2
164M,M,37.05723,-122.07042,2 Aug 2025 5:00 AM,#1976d2
164M,M,37.05714,-122.07047,2 Aug 2025 9:00 AM,#1976d2
164M,M,37.05716,-122.07046,2 Aug 2025 9:00 PM,#1976d2
164M,M,37.05598,-122.06834,3 Aug 2025 1:00 AM,#1976d2
164M,M,37.05831,-122.06927,3 Aug 2025 5:00 AM,#1976d2
164M,M,37.06724,-122.06635,3 Aug 2025 9:00 AM,#1976d2
164M,M,37.0673,-122.06624,3 Aug 2025 1:00 PM,#1976d2
164M,M,37.06751,-122.06609,3 Aug 2025 5:00 PM,#1976d2
164M,M,37.16055,-122.05044,4 Aug 2025 1:00 PM,#1976d2
164M,M,37.15419,-122.00775,5 Aug 2025 1:00 AM,#1976d2
164M,M,37.16851,-122.00563,5 Aug 2025 5:00 AM,#1976d2
164M,M,37.17359,-122.00424,5 Aug 2025 9:00 AM,#1976d2
164M,M,37.1735,-122.00443,5 Aug 2025 1:00 PM,#1976d2
164M,M,37.17281,-122.00448,5 Aug 2025 9:00 PM,#1976d2
164M,M,37.14774,-122.00505,6 Aug 2025 1:00 AM,#1976d2
164M,M,37.13398,-121.99349,6 Aug 2025 5:00 AM,#1976d2
164M,M,37.13008,-121.99171,8 Aug 2025 1:00 AM,#1976d2
164M,M,37.13034,-121.99107,8 Aug 2025 5:00 AM,#1976d2
164M,M,37.13014,-121.99047,8 Aug 2025 9:00 AM,#1976d2
164M,M,37.13005,-121.99068,8 Aug 2025 9:00 PM,#1976d2
164M,M,37.13047,-121.99131,9 Aug 2025 1:00 AM,#1976d2
164M,M,37.13013,-121.99072,9 Aug 2025 5:00 AM,#1976d2
164M,M,37.12999,-121.99068,9 Aug 2025 9:00 AM,#1976d2
164M,M,37.08593,-122.0183,10 Aug 2025 5:00 AM,#1976d2
164M,M,37.08454,-122.01508,10 Aug 2025 9:00 AM,#1976d2
164M,M,37.08435,-122.01509,10 Aug 2025 1:00 PM,#1976d2
164M,M,37.11558,-122.03923,11 Aug 2025 1:00 AM,#1976d2
164M,M,37.14719,-122.03075,11 Aug 2025 5:00 AM,#1976d2
164M,M,37.15574,-122.03326,11 Aug 2025 9:00 AM,#1976d2
164M,M,37.16014,-122.03278,11 Aug 2025 1:00 PM,#1976d2
164M,M,37.16477,-122.03052,11 Aug 2025 9:00 PM,#1976d2
164M,M,37.17272,-122.0056,12 Aug 2025 9:00 AM,#1976d2
164M,M,37.17159,-122.00613,12 Aug 2025 1:00 PM,#1976d2
164M,M,37.17156,-122.00635,12 Aug 2025 5:00 PM,#1976d2
164M,M,37.16863,-122.00533,12 Aug 2025 9:00 PM,#1976d2
164M,M,37.15453,-122.00717,13 Aug 2025 1:00 AM,#1976d2
164M,M,37.14736,-122.00851,13 Aug 2025 5:00 AM,#1976d2
164M,M,37.15221,-122.01855,13 Aug 2025 9:00 AM,#1976d2
164M,M,37.15642,-122.02637,13 Aug 2025 9:00 PM,#1976d2
164M,M,37.16379,-122.08782,14 Aug 2025 9:00 AM,#1976d2
164M,M,37.16307,-122.08871,14 Aug 2025 1:00 PM,#1976d2
164M,M,37.13002,-122.11835,15 Aug 2025 1:00 AM,#1976d2
164M,M,37.10749,-122.10164,15 Aug 2025 9:00 AM,#1976d2
164M,M,37.10467,-122.09674,15 Aug 2025 1:00 PM,#1976d2
164M,M,37.1047,-122.09662,15 Aug 2025 5:00 PM,#1976d2
164M,M,37.10514,-122.09581,15 Aug 2025 9:00 PM,#1976d2
164M,M,37.06031,-122.05556,16 Aug 2025 9:00 AM,#1976d2
164M,M,37.06073,-122.0539,16 Aug 2025 1:00 PM,#1976d2
164M,M,37.05692,-122.05665,17 Aug 2025 5:00 AM,#1976d2
164M,M,37.05661,-122.05364,17 Aug 2025 9:00 AM,#1976d2
164M,M,37.05607,-122.05296,17 Aug 2025 1:00 PM,#1976d2
164M,M,37.05644,-122.05739,17 Aug 2025 5:00 PM,#1976d2
164M,M,37.06029,-122.05745,17 Aug 2025 9:00 PM,#1976d2
164M,M,37.06449,-122.07202,18 Aug 2025 1:00 AM,#1976d2
164M,M,37.0645,-122.07196,18 Aug 2025 5:00 AM,#1976d2
164M,M,37.06428,-122.07314,18 Aug 2025 9:00 AM,#1976d2
164M,M,37.0671,-122.06617,19 Aug 2025 1:00 AM,#1976d2
164M,M,37.0631,-122.05025,20 Aug 2025 5:00 AM,#1976d2
164M,M,37.06321,-122.04986,20 Aug 2025 9:00 AM,#1976d2
164M,M,37.06319,-122.05,21 Aug 2025 1:00 AM,#1976d2
164M,M,37.06324,-122.04977,21 Aug 2025 5:00 AM,#1976d2
164M,M,37.08937,-122.03516,21 Aug 2025 9:00 PM,#1976d2
164M,M,37.13271,-122.03593,22 Aug 2025 5:00 AM,#1976d2
164M,M,37.15378,-122.04999,22 Aug 2025 9:00 PM,#1976d2
164M,M,37.156,-122.03288,23 Aug 2025 5:00 AM,#1976d2
164M,M,37.15888,-122.02238,23 Aug 2025 9:00 AM,#1976d2
164M,M,37.15829,-122.02272,23 Aug 2025 1:00 PM,#1976d2
164M,M,37.15831,-122.02256,23 Aug 2025 5:00 PM,#1976d2
164M,M,37.14883,-122.00008,24 Aug 2025 1:00 AM,#1976d2
164M,M,37.11148,-121.97883,24 Aug 2025 5:00 AM,#1976d2
164M,M,37.10781,-121.98048,24 Aug 2025 9:00 AM,#1976d2
164M,M,37.10508,-121.98168,24 Aug 2025 1:00 PM,#1976d2
164M,M,37.09663,-121.98408,25 Aug 2025 1:00 AM,#1976d2
164M,M,37.08296,-121.99586,25 Aug 2025 5:00 AM,#1976d2
164M,M,37.09195,-121.99935,25 Aug 2025 9:00 AM,#1976d2
164M,M,37.09549,-121.99382,25 Aug 2025 1:00 PM,#1976d2
164M,M,37.09567,-121.9938,25 Aug 2025 5:00 PM,#1976d2
164M,M,37.09562,-121.99384,25 Aug 2025 9:00 PM,#1976d2
164M,M,37.11028,-122.00584,26 Aug 2025 1:00 AM,#1976d2
164M,M,37.11084,-122.00719,26 Aug 2025 5:00 AM,#1976d2
164M,M,37.11088,-122.007,26 Aug 2025 9:00 AM,#1976d2
164M,M,37.11083,-122.00697,26 Aug 2025 1:00 PM,#1976d2
164M,M,37.12617,-122.05685,27 Aug 2025 1:00 AM,#1976d2
164M,M,37.11245,-122.05835,27 Aug 2025 5:00 AM,#1976d2
164M,M,37.1026,-122.07663,27 Aug 2025 9:00 AM,#1976d2
164M,M,37.14365,-122.06916,27 Aug 2025 9:00 PM,#1976d2
164M,M,37.13937,-122.11357,28 Aug 2025 5:00 AM,#1976d2
164M,M,37.13761,-122.11366,28 Aug 2025 9:00 AM,#1976d2
164M,M,37.13702,-122.11215,28 Aug 2025 1:00 PM,#1976d2
164M,M,37.06888,-122.06208,29 Aug 2025 5:00 AM,#1976d2
164M,M,37.06876,-122.06261,29 Aug 2025 9:00 AM,#1976d2
164M,M,37.06871,-122.06258,29 Aug 2025 1:00 PM,#1976d2
164M,M,37.06858,-122.06323,29 Aug 2025 9:00 PM,#1976d2
164M,M,37.05473,-122.07235,30 Aug 2025 1:00 AM,#1976d2
164M,M,37.05347,-122.05931,30 Aug 2025 5:00 AM,#1976d2
164M,M,37.06081,-122.05394,30 Aug 2025 9:00 AM,#1976d2
164M,M,37.06073,-122.05397,30 Aug 2025 1:00 PM,#1976d2
164M,M,37.0578,-122.04751,30 Aug 2025 9:00 PM,#1976d2
164M,M,37.0568,-122.02525,31 Aug 2025 1:00 AM,#1976d2
164M,M,37.05681,-122.02506,31 Aug 2025 5:00 AM,#1976d2
164M,M,37.06845,-122.02232,31 Aug 2025 9:00 AM,#1976d2
164M,M,37.06848,-122.02235,31 Aug 2025 1:00 PM,#1976d2
164M,M,37.09454,-121.98441,1 Sep 2025 9:00 AM,#1976d2
164M,M,37.09493,-121.98479,1 Sep 2025 5:00 PM,#1976d2
164M,M,37.09523,-121.98474,1 Sep 2025 9:00 PM,#1976d2
164M,M,37.09561,-121.98418,2 Sep 2025 9:00 AM,#1976d2
164M,M,37.09546,-121.98479,2 Sep 2025 1:00 PM,#1976d2
164M,M,37.09488,-121.9849,2 Sep 2025 5:00 PM,#1976d2
164M,M,37.09525,-121.9847,2 Sep 2025 9:00 PM,#1976d2
164M,M,37.09491,-121.9845,3 Sep 2025 9:00 PM,#1976d2
164M,M,37.09492,-121.98467,4 Sep 2025 5:00 AM,#1976d2
164M,M,37.11173,-121.9791,4 Sep 2025 9:00 AM,#1976d2
164M,M,37.15677,-122.01089,5 Sep 2025 5:00 AM,#1976d2
164M,M,37.16096,-122.03194,5 Sep 2025 1:00 PM,#1976d2
164M,M,37.15208,-122.03744,5 Sep 2025 9:00 PM,#1976d2
164M,M,37.16419,-122.07971,6 Sep 2025 5:00 AM,#1976d2
164M,M,37.16147,-122.06776,6 Sep 2025 9:00 AM,#1976d2
164M,M,37.15161,-122.05824,6 Sep 2025 9:00 PM,#1976d2
164M,M,37.12458,-122.06508,7 Sep 2025 1:00 AM,#1976d2
164M,M,37.11765,-122.0651,7 Sep 2025 5:00 AM,#1976d2
164M,M,37.11475,-122.07619,7 Sep 2025 1:00 PM,#1976d2
164M,M,37.09782,-122.0843,7 Sep 2025 9:00 PM,#1976d2
164M,M,37.08684,-122.07703,8 Sep 2025 1:00 AM,#1976d2
164M,M,37.09338,-122.07255,8 Sep 2025 5:00 AM,#1976d2
164M,M,37.09576,-122.06534,8 Sep 2025 9:00 AM,#1976d2
164M,M,37.09667,-122.06658,8 Sep 2025 1:00 PM,#1976d2
164M,M,37.09522,-122.06559,8 Sep 2025 9:00 PM,#1976d2
164M,M,37.07407,-122.06205,9 Sep 2025 1:00 AM,#1976d2
164M,M,37.0557,-122.07059,9 Sep 2025 9:00 AM,#1976d2
164M,M,37.05489,-122.07269,9 Sep 2025 1:00 PM,#1976d2
164M,M,37.05434,-122.07281,9 Sep 2025 9:00 PM,#1976d2
164M,M,37.05817,-122.07179,10 Sep 2025 1:00 AM,#1976d2
164M,M,37.05765,-122.07134,10 Sep 2025 5:00 AM,#1976d2
164M,M,37.05695,-122.06716,10 Sep 2025 1:00 PM,#1976d2
164M,M,37.05686,-122.06718,10 Sep 2025 5:00 PM,#1976d2
164M,M,37.06159,-122.06116,10 Sep 2025 9:00 PM,#1976d2
164M,M,37.05591,-122.03758,11 Sep 2025 1:00 AM,#1976d2
164M,M,37.09071,-122.0199,11 Sep 2025 1:00 PM,#1976d2
164M,M,37.09156,-122.01999,11 Sep 2025 5:00 PM,#1976d2
164M,M,37.11513,-122.02397,11 Sep 2025 9:00 PM,#1976d2
164M,M,37.13402,-122.04286,12 Sep 2025 9:00 AM,#1976d2
164M,M,37.12325,-122.05944,12 Sep 2025 1:00 PM,#1976d2
164M,M,37.12228,-122.05979,12 Sep 2025 5:00 PM,#1976d2
164M,M,37.08997,-122.07732,13 Sep 2025 5:00 AM,#1976d2
164M,M,37.0938,-122.07399,13 Sep 2025 9:00 AM,#1976d2
164M,M,37.09379,-122.0742,13 Sep 2025 1:00 PM,#1976d2
164M,M,37.09382,-122.07407,13 Sep 2025 5:00 PM,#1976d2
164M,M,37.08992,-122.07722,13 Sep 2025 9:00 PM,#1976d2
164M,M,37.08981,-122.07725,14 Sep 2025 1:00 AM,#1976d2
164M,M,37.09799,-122.07845,14 Sep 2025 9:00 AM,#1976d2
164M,M,37.0899,-122.07733,14 Sep 2025 9:00 PM,#1976d2
164M,M,37.08984,-122.07721,15 Sep 2025 1:00 AM,#1976d2
164M,M,37.09007,-122.07739,15 Sep 2025 5:00 AM,#1976d2
164M,M,37.11501,-122.07606,15 Sep 2025 9:00 AM,#1976d2
164M,M,37.11564,-122.07695,15 Sep 2025 5:00 PM,#1976d2
164M,M,37.12808,-122.07333,15 Sep 2025 9:00 PM,#1976d2
164M,M,37.13658,-122.06043,16 Sep 2025 1:00 AM,#1976d2
164M,M,37.14739,-122.0306,16 Sep 2025 5:00 AM,#1976d2
164M,M,37.14723,-122.03076,16 Sep 2025 9:00 AM,#1976d2
164M,M,37.15364,-122.03498,16 Sep 2025 1:00 PM,#1976d2
164M,M,37.17073,-122.00411,17 Sep 2025 1:00 AM,#1976d2
164M,M,37.18195,-122.00407,17 Sep 2025 5:00 AM,#1976d2
164M,M,37.17534,-122.00533,17 Sep 2025 9:00 AM,#1976d2
164M,M,37.17543,-122.00528,17 Sep 2025 1:00 PM,#1976d2
164M,M,37.16983,-121.99911,17 Sep 2025 9:00 PM,#1976d2
164M,M,37.14594,-122.00741,18 Sep 2025 1:00 AM,#1976d2
164M,M,37.146,-122.00748,18 Sep 2025 5:00 AM,#1976d2
164M,M,37.14599,-122.00745,18 Sep 2025 9:00 AM,#1976d2
164M,M,37.14594,-122.00742,18 Sep 2025 1:00 PM,#1976d2
164M,M,37.14621,-122.0073,18 Sep 2025 5:00 PM,#1976d2
164M,M,37.14693,-122.00438,18 Sep 2025 9:00 PM,#1976d2
164M,M,37.14595,-122.00751,19 Sep 2025 5:00 AM,#1976d2
164M,M,37.14576,-122.00712,19 Sep 2025 9:00 AM,#1976d2
164M,M,37.14593,-122.00743,19 Sep 2025 1:00 PM,#1976d2
164M,M,37.14593,-122.00739,19 Sep 2025 5:00 PM,#1976d2
164M,M,37.14595,-122.00743,19 Sep 2025 9:00 PM,#1976d2
164M,M,37.14558,-122.00719,20 Sep 2025 5:00 AM,#1976d2
164M,M,37.14576,-122.00713,20 Sep 2025 9:00 AM,#1976d2
164M,M,37.14592,-122.00746,20 Sep 2025 1:00 PM,#1976d2
164M,M,37.14576,-122.00718,20 Sep 2025 5:00 PM,#1976d2
164M,M,37.14643,-122.00755,20 Sep 2025 9:00 PM,#1976d2
164M,M,37.13457,-122.03906,21 Sep 2025 5:00 AM,#1976d2
164M,M,37.12909,-122.04002,21 Sep 2025 9:00 AM,#1976d2
164M,M,37.12685,-122.04668,21 Sep 2025 9:00 PM,#1976d2
164M,M,37.11308,-122.05431,22 Sep 2025 1:00 AM,#1976d2
164M,M,37.12468,-122.02606,22 Sep 2025 9:00 AM,#1976d2
164M,M,37.1236,-122.02926,22 Sep 2025 1:00 PM,#1976d2
164M,M,37.12009,-122.02486,22 Sep 2025 9:00 PM,#1976d2
164M,M,37.1102,-122.00793,23 Sep 2025 1:00 AM,#1976d2
164M,M,37.10368,-121.9831,23 Sep 2025 5:00 AM,#1976d2
164M,M,37.10978,-121.97769,23 Sep 2025 9:00 PM,#1976d2
164M,M,37.10923,-121.97849,24 Sep 2025 9:00 AM,#1976d2
164M,M,37.10926,-121.97838,24 Sep 2025 1:00 PM,#1976d2
164M,M,37.10917,-121.97847,24 Sep 2025 5:00 PM,#1976d2
164M,M,37.09715,-121.98602,25 Sep 2025 1:00 AM,#1976d2
164M,M,37.0979,-121.98458,25 Sep 2025 5:00 AM,#1976d2
164M,M,37.09776,-121.98424,25 Sep 2025 9:00 AM,#1976d2
164M,M,37.09771,-121.98428,25 Sep 2025 1:00 PM,#1976d2
164M,M,37.09792,-121.98421,25 Sep 2025 5:00 PM,#1976d2
164M,M,37.08931,-122.03968,26 Sep 2025 5:00 AM,#1976d2
164M,M,37.09008,-122.03922,26 Sep 2025 9:00 AM,#1976d2
164M,M,37.09011,-122.03921,26 Sep 2025 1:00 PM,#1976d2
164M,M,37.08249,-122.04295,26 Sep 2025 9:00 PM,#1976d2
164M,M,37.07671,-122.05916,27 Sep 2025 1:00 AM,#1976d2
164M,M,37.13297,-122.07623,27 Sep 2025 1:00 PM,#1976d2
164M,M,37.13733,-122.08817,27 Sep 2025 5:00 PM,#1976d2
164M,M,37.13663,-122.09304,27 Sep 2025 9:00 PM,#1976d2
164M,M,37.13924,-122.0937,28 Sep 2025 1:00 AM,#1976d2
164M,M,37.13949,-122.09366,28 Sep 2025 5:00 AM,#1976d2
164M,M,37.12974,-122.09664,28 Sep 2025 5:00 PM,#1976d2
164M,M,37.12967,-122.09653,28 Sep 2025 9:00 PM,#1976d2
164M,M,37.13875,-122.06121,29 Sep 2025 5:00 AM,#1976d2
164M,M,37.12217,-122.03403,29 Sep 2025 5:00 PM,#1976d2
164M,M,37.12213,-122.03395,29 Sep 2025 9:00 PM,#1976d2
164M,M,37.11766,-122.03173,30 Sep 2025 1:00 AM,#1976d2
164M,M,37.11736,-122.03218,30 Sep 2025 5:00 AM,#1976d2
164M,M,37.11228,-122.03031,30 Sep 2025 9:00 AM,#1976d2
164M,M,37.1123,-122.03024,30 Sep 2025 1:00 PM,#1976d2
164M,M,37.11207,-122.03057,30 Sep 2025 5:00 PM,#1976d2
164M,M,37.11211,-122.03062,1 Oct 2025 5:00 AM,#1976d2
164M,M,37.11147,-122.02867,1 Oct 2025 9:00 AM,#1976d2
164M,M,37.11047,-122.02779,1 Oct 2025 1:00 PM,#1976d2
164M,M,37.11053,-122.0278,1 Oct 2025 5:00 PM,#1976d2
164M,M,37.1091,-122.02422,2 Oct 2025 1:00 PM,#1976d2
164M,M,37.10249,-122.01965,2 Oct 2025 9:00 PM,#1976d2
164M,M,37.09538,-122.03147,3 Oct 2025 1:00 AM,#1976d2
164M,M,37.09171,-122.03787,3 Oct 2025 5:00 AM,#1976d2
164M,M,37.09142,-122.03907,3 Oct 2025 9:00 AM,#1976d2
164M,M,37.09158,-122.03925,3 Oct 2025 1:00 PM,#1976d2
164M,M,37.08993,-122.03975,3 Oct 2025 5:00 PM,#1976d2
164M,M,37.08373,-122.04163,3 Oct 2025 9:00 PM,#1976d2
164M,M,37.05824,-122.05766,4 Oct 2025 1:00 AM,#1976d2
164M,M,37.06046,-122.06114,4 Oct 2025 5:00 AM,#1976d2
164M,M,37.06044,-122.06105,4 Oct 2025 9:00 AM,#1976d2
164M,M,37.06305,-122.06062,4 Oct 2025 1:00 PM,#1976d2
164M,M,37.06288,-122.06069,4 Oct 2025 5:00 PM,#1976d2
164M,M,37.05474,-122.07345,5 Oct 2025 1:00 AM,#1976d2
164M,M,37.06018,-122.07572,5 Oct 2025 9:00 AM,#1976d2
164M,M,37.05984,-122.076,5 Oct 2025 1:00 PM,#1976d2
164M,M,37.06004,-122.0757,5 Oct 2025 5:00 PM,#1976d2
164M,M,37.05985,-122.07593,5 Oct 2025 9:00 PM,#1976d2
164M,M,37.0609,-122.07377,6 Oct 2025 1:00 AM,#1976d2
164M,M,37.06006,-122.07565,6 Oct 2025 1:00 PM,#1976d2
164M,M,37.06023,-122.07558,6 Oct 2025 5:00 PM,#1976d2
164M,M,37.06002,-122.07586,6 Oct 2025 9:00 PM,#1976d2
164M,M,37.06087,-122.07377,7 Oct 2025 5:00 AM,#1976d2
164M,M,37.06159,-122.07206,7 Oct 2025 9:00 AM,#1976d2
164M,M,37.06169,-122.07201,7 Oct 2025 5:00 PM,#1976d2
164M,M,37.06171,-122.07211,7 Oct 2025 9:00 PM,#1976d2
164M,M,37.05777,-122.07365,8 Oct 2025 1:00 AM,#1976d2
164M,M,37.05312,-122.07253,8 Oct 2025 5:00 AM,#1976d2
164M,M,37.05598,-122.06859,8 Oct 2025 9:00 PM,#1976d2
164M,M,37.05509,-122.06477,9 Oct 2025 1:00 AM,#1976d2
164M,M,37.05502,-122.06516,9 Oct 2025 5:00 AM,#1976d2
164M,M,37.05537,-122.06565,9 Oct 2025 9:00 AM,#1976d2
164M,M,37.05545,-122.06545,9 Oct 2025 1:00 PM,#1976d2
164M,M,37.05493,-122.06562,9 Oct 2025 5:00 PM,#1976d2
164M,M,37.05901,-122.06027,9 Oct 2025 9:00 PM,#1976d2
164M,M,37.05474,-122.03699,10 Oct 2025 1:00 AM,#1976d2
164M,M,37.06603,-122.01775,10 Oct 2025 5:00 AM,#1976d2
164M,M,37.06837,-122.02236,10 Oct 2025 9:00 AM,#1976d2
164M,M,37.06865,-122.02298,10 Oct 2025 1:00 PM,#1976d2
164M,M,37.06858,-122.02289,10 Oct 2025 5:00 PM,#1976d2
164M,M,37.071,-122.02513,10 Oct 2025 9:00 PM,#1976d2
164M,M,37.07857,-122.02206,11 Oct 2025 1:00 AM,#1976d2
164M,M,37.09708,-121.98248,11 Oct 2025 9:00 AM,#1976d2
164M,M,37.09669,-121.98509,11 Oct 2025 1:00 PM,#1976d2
164M,M,37.09638,-121.98492,11 Oct 2025 5:00 PM,#1976d2
164M,M,37.09725,-121.98524,11 Oct 2025 9:00 PM,#1976d2
164M,M,37.09735,-121.98466,12 Oct 2025 1:00 AM,#1976d2
164M,M,37.09783,-121.98422,12 Oct 2025 5:00 AM,#1976d2
164M,M,37.09768,-121.98431,12 Oct 2025 9:00 AM,#1976d2
164M,M,37.09765,-121.98428,12 Oct 2025 1:00 PM,#1976d2
164M,M,37.09719,-121.98464,12 Oct 2025 5:00 PM,#1976d2
164M,M,37.0972,-121.9845,12 Oct 2025 9:00 PM,#1976d2
164M,M,37.09484,-121.98474,13 Oct 2025 1:00 AM,#1976d2
164M,M,37.09498,-121.9846,13 Oct 2025 5:00 AM,#1976d2
164M,M,37.09545,-121.98283,13 Oct 2025 9:00 AM,#1976d2
164M,M,37.09762,-121.98445,13 Oct 2025 1:00 PM,#1976d2
164M,M,37.09699,-121.98409,13 Oct 2025 5:00 PM,#1976d2
164M,M,37.103,-121.98098,14 Oct 2025 1:00 AM,#1976d2
164M,M,37.1055,-121.98097,14 Oct 2025 9:00 AM,#1976d2
164M,M,37.10779,-121.97984,14 Oct 2025 1:00 PM,#1976d2
164M,M,37.10709,-121.97987,14 Oct 2025 5:00 PM,#1976d2
164M,M,37.10614,-121.97835,14 Oct 2025 9:00 PM,#1976d2
164M,M,37.10292,-121.98048,15 Oct 2025 1:00 AM,#1976d2
164M,M,37.10367,-121.98325,15 Oct 2025 5:00 PM,#1976d2
164M,M,37.10362,-121.9825,15 Oct 2025 9:00 PM,#1976d2
164M,M,37.10368,-121.98246,16 Oct 2025 5:00 AM,#1976d2
164M,M,37.10366,-121.98229,16 Oct 2025 5:00 PM,#1976d2
164M,M,37.10402,-121.98159,17 Oct 2025 1:00 PM,#1976d2
164M,M,37.10703,-122.00695,18 Oct 2025 1:00 PM,#1976d2
164M,M,37.10693,-122.00948,18 Oct 2025 5:00 PM,#1976d2
164M,M,37.12395,-122.02705,18 Oct 2025 9:00 PM,#1976d2
164M,M,37.1239,-122.0295,19 Oct 2025 1:00 AM,#1976d2
164M,M,37.13485,-122.03855,19 Oct 2025 5:00 AM,#1976d2
164M,M,37.14717,-122.0306,19 Oct 2025 9:00 AM,#1976d2
164M,M,37.14701,-122.03066,19 Oct 2025 5:00 PM,#1976d2
164M,M,37.147,-122.03058,20 Oct 2025 1:00 AM,#1976d2
164M,M,37.14742,-122.03107,20 Oct 2025 9:00 AM,#1976d2
164M,M,37.14708,-122.0307,20 Oct 2025 9:00 PM,#1976d2
164M,M,37.147,-122.03067,21 Oct 2025 1:00 AM,#1976d2
164M,M,37.14729,-122.03069,21 Oct 2025 5:00 AM,#1976d2
164M,M,37.14714,-122.03075,21 Oct 2025 9:00 PM,#1976d2
164M,M,37.15684,-122.03491,22 Oct 2025 9:00 AM,#1976d2
164M,M,37.15706,-122.03503,22 Oct 2025 1:00 PM,#1976d2
164M,M,37.15851,-122.02912,22 Oct 2025 5:00 PM,#1976d2
164M,M,37.15379,-122.00793,22 Oct 2025 9:00 PM,#1976d2
164M,M,37.15505,-122.01165,23 Oct 2025 1:00 AM,#1976d2
164M,M,37.14808,-122.00592,23 Oct 2025 5:00 AM,#1976d2
164M,M,37.14587,-122.00736,23 Oct 2025 9:00 AM,#1976d2
164M,M,37.14586,-122.00736,23 Oct 2025 1:00 PM,#1976d2
164M,M,37.14587,-122.00733,23 Oct 2025 5:00 PM,#1976d2
164M,M,37.14684,-122.01022,23 Oct 2025 9:00 PM,#1976d2
164M,M,37.14837,-122.00117,24 Oct 2025 1:00 AM,#1976d2
164M,M,37.1464,-122.00173,24 Oct 2025 9:00 AM,#1976d2
164M,M,37.14597,-122.00176,24 Oct 2025 1:00 PM,#1976d2
164M,M,37.14587,-122.00169,24 Oct 2025 5:00 PM,#1976d2
164M,M,37.15268,-122.00645,24 Oct 2025 9:00 PM,#1976d2
164M,M,37.15256,-122.01283,25 Oct 2025 1:00 AM,#1976d2
164M,M,37.15503,-122.01144,25 Oct 2025 5:00 AM,#1976d2
164M,M,37.1538,-122.00787,25 Oct 2025 9:00 AM,#1976d2
164M,M,37.15389,-122.00704,25 Oct 2025 5:00 PM,#1976d2
164M,M,37.15883,-122.02513,25 Oct 2025 9:00 PM,#1976d2
164M,M,37.15968,-122.02445,26 Oct 2025 1:00 AM,#1976d2
164M,M,37.15567,-122.02071,26 Oct 2025 5:00 AM,#1976d2
164M,M,37.15385,-122.00702,26 Oct 2025 9:00 AM,#1976d2
164M,M,37.1539,-122.00769,26 Oct 2025 1:00 PM,#1976d2
164M,M,37.15304,-122.01166,26 Oct 2025 5:00 PM,#1976d2
164M,M,37.15996,-122.02712,27 Oct 2025 1:00 AM,#1976d2
164M,M,37.13824,-122.02777,27 Oct 2025 5:00 AM,#1976d2
164M,M,37.13809,-122.02791,27 Oct 2025 9:00 AM,#1976d2
164M,M,37.13828,-122.0277,27 Oct 2025 1:00 PM,#1976d2
164M,M,37.13837,-122.02773,27 Oct 2025 5:00 PM,#1976d2
164M,M,37.12867,-122.02401,27 Oct 2025 9:00 PM,#1976d2
164M,M,37.10512,-121.99421,28 Oct 2025 1:00 AM,#1976d2
164M,M,37.09499,-121.98459,28 Oct 2025 5:00 AM,#1976d2
164M,M,37.09487,-121.98463,28 Oct 2025 9:00 AM,#1976d2
164M,M,37.09482,-121.98439,28 Oct 2025 1:00 PM,#1976d2
164M,M,37.09466,-121.98439,28 Oct 2025 5:00 PM,#1976d2
164M,M,37.09476,-121.98455,28 Oct 2025 9:00 PM,#1976d2
164M,M,37.09466,-121.98438,29 Oct 2025 1:00 AM,#1976d2
164M,M,37.09488,-121.98465,29 Oct 2025 5:00 AM,#1976d2
164M,M,37.09495,-121.98447,29 Oct 2025 1:00 PM,#1976d2
164M,M,37.09466,-121.98453,29 Oct 2025 5:00 PM,#1976d2
164M,M,37.09472,-121.98451,30 Oct 2025 1:00 AM,#1976d2
164M,M,37.09466,-121.98472,30 Oct 2025 5:00 AM,#1976d2
164M,M,37.08936,-121.98969,30 Oct 2025 9:00 AM,#1976d2
164M,M,37.08835,-121.99052,30 Oct 2025 1:00 PM,#1976d2
164M,M,37.07855,-122.01768,31 Oct 2025 9:00 AM,#1976d2
164M,M,37.07841,-122.01942,31 Oct 2025 1:00 PM,#1976d2
164M,M,37.07841,-122.01939,31 Oct 2025 5:00 PM,#1976d2
164M,M,37.07904,-122.03016,31 Oct 2025 9:00 PM,#1976d2
164M,M,37.07872,-122.05795,1 Nov 2025 1:00 AM,#1976d2
164M,M,37.09948,-122.07935,1 Nov 2025 5:00 AM,#1976d2
164M,M,37.1153,-122.07696,1 Nov 2025 9:00 AM,#1976d2
164M,M,37.12413,-122.06286,1 Nov 2025 1:00 PM,#1976d2
164M,M,37.1263,-122.0639,1 Nov 2025 5:00 PM,#1976d2
164M,M,37.15598,-122.03285,2 Nov 2025 1:00 AM,#1976d2
164M,M,37.15679,-122.00346,2 Nov 2025 4:00 AM,#1976d2
164M,M,37.14564,-121.99002,2 Nov 2025 8:00 AM,#1976d2
164M,M,37.14576,-121.98872,2 Nov 2025 4:00 PM,#1976d2
164M,M,37.14238,-121.98733,2 Nov 2025 8:00 PM,#1976d2
164M,M,37.1424,-121.98705,3 Nov 2025 12:00 AM,#1976d2
164M,M,37.14241,-121.98753,3 Nov 2025 4:00 AM,#1976d2
164M,M,37.13531,-121.99252,3 Nov 2025 12:00 PM,#1976d2
164M,M,37.13453,-121.99277,3 Nov 2025 8:00 PM,#1976d2
164M,M,37.13445,-121.99287,4 Nov 2025 12:00 AM,#1976d2
164M,M,37.10635,-121.98087,4 Nov 2025 8:00 AM,#1976d2
164M,M,37.10683,-121.98059,4 Nov 2025 12:00 PM,#1976d2
164M,M,37.10698,-121.98044,4 Nov 2025 4:00 PM,#1976d2
164M,M,37.10697,-121.98056,5 Nov 2025 12:00 AM,#1976d2
164M,M,37.1071,-121.98049,5 Nov 2025 4:00 AM,#1976d2
164M,M,37.10799,-121.97915,5 Nov 2025 8:00 AM,#1976d2
164M,M,37.10794,-121.97948,5 Nov 2025 12:00 PM,#1976d2
164M,M,37.10794,-121.97949,5 Nov 2025 4:00 PM,#1976d2
164M,M,37.10704,-121.98062,6 Nov 2025 12:00 AM,#1976d2
164M,M,37.15591,-122.03294,7 Nov 2025 12:00 AM,#1976d2
164M,M,37.15589,-122.03292,7 Nov 2025 4:00 AM,#1976d2
164M,M,37.16169,-122.03368,7 Nov 2025 12:00 PM,#1976d2
164M,M,37.16246,-122.03368,7 Nov 2025 4:00 PM,#1976d2
164M,M,37.15379,-122.00854,8 Nov 2025 4:00 AM,#1976d2
164M,M,37.15428,-122.01713,8 Nov 2025 8:00 AM,#1976d2
164M,M,37.15427,-122.01705,8 Nov 2025 4:00 PM,#1976d2
164M,M,37.15733,-122.03036,8 Nov 2025 8:00 PM,#1976d2
164M,M,37.14244,-122.07869,9 Nov 2025 4:00 AM,#1976d2
164M,M,37.1346,-122.09671,9 Nov 2025 8:00 AM,#1976d2
164M,M,37.13475,-122.09672,9 Nov 2025 12:00 PM,#1976d2
164M,M,37.13408,-122.09685,9 Nov 2025 4:00 PM,#1976d2
164M,M,37.13009,-122.10329,9 Nov 2025 8:00 PM,#1976d2
164M,M,37.127,-122.10561,10 Nov 2025 12:00 AM,#1976d2
164M,M,37.12668,-122.10512,10 Nov 2025 4:00 AM,#1976d2
164M,M,37.1237,-122.09494,10 Nov 2025 8:00 AM,#1976d2
164M,M,37.12141,-122.09267,10 Nov 2025 12:00 PM,#1976d2
164M,M,37.12161,-122.09252,10 Nov 2025 4:00 PM,#1976d2
164M,M,37.10032,-122.08912,10 Nov 2025 8:00 PM,#1976d2
164M,M,37.07973,-122.07929,11 Nov 2025 8:00 AM,#1976d2
164M,M,37.07948,-122.0795,11 Nov 2025 4:00 PM,#1976d2
164M,M,37.08041,-122.07981,11 Nov 2025 8:00 PM,#1976d2
164M,M,37.07955,-122.07941,12 Nov 2025 4:00 AM,#1976d2
164M,M,37.07958,-122.07936,12 Nov 2025 8:00 AM,#1976d2
164M,M,37.07954,-122.07944,12 Nov 2025 12:00 PM,#1976d2
164M,M,37.07963,-122.07935,13 Nov 2025 12:00 AM,#1976d2
164M,M,37.07963,-122.07952,13 Nov 2025 4:00 AM,#1976d2
164M,M,37.07949,-122.07949,13 Nov 2025 8:00 AM,#1976d2
164M,M,37.07954,-122.07935,14 Nov 2025 4:00 AM,#1976d2
164M,M,37.07961,-122.07934,14 Nov 2025 4:00 PM,#1976d2
164M,M,37.07964,-122.06481,15 Nov 2025 12:00 AM,#1976d2
164M,M,37.09404,-122.06316,15 Nov 2025 4:00 AM,#1976d2
164M,M,37.09486,-122.06072,15 Nov 2025 8:00 AM,#1976d2
164M,M,37.09488,-122.06075,15 Nov 2025 12:00 PM,#1976d2
164M,M,37.09484,-122.06071,15 Nov 2025 4:00 PM,#1976d2
164M,M,37.13348,-122.03987,15 Nov 2025 8:00 PM,#1976d2
164M,M,37.15777,-122.03128,16 Nov 2025 4:00 AM,#1976d2
164M,M,37.15759,-122.03061,16 Nov 2025 12:00 PM,#1976d2
164M,M,37.16533,-122.03181,16 Nov 2025 8:00 PM,#1976d2
164M,M,37.16544,-122.03197,17 Nov 2025 8:00 AM,#1976d2
164M,M,37.16549,-122.03196,17 Nov 2025 12:00 PM,#1976d2
164M,M,37.16542,-122.03204,17 Nov 2025 4:00 PM,#1976d2
164M,M,37.15762,-122.03091,17 Nov 2025 8:00 PM,#1976d2
164M,M,37.15757,-122.03054,18 Nov 2025 12:00 AM,#1976d2
164M,M,37.16541,-122.03197,18 Nov 2025 4:00 AM,#1976d2
164M,M,37.16533,-122.03181,18 Nov 2025 12:00 PM,#1976d2
164M,M,37.16525,-122.03159,18 Nov 2025 4:00 PM,#1976d2
164M,M,37.16212,-122.03299,18 Nov 2025 8:00 PM,#1976d2
164M,M,37.1603,-122.02966,19 Nov 2025 12:00 AM,#1976d2
164M,M,37.15775,-122.0303,19 Nov 2025 4:00 AM,#1976d2
164M,M,37.15565,-122.0336,19 Nov 2025 12:00 PM,#1976d2
164M,M,37.15747,-122.03075,19 Nov 2025 4:00 PM,#1976d2
164M,M,37.15887,-122.00779,19 Nov 2025 8:00 PM,#1976d2
164M,M,37.15787,-122.03149,20 Nov 2025 8:00 AM,#1976d2
164M,M,37.15786,-122.03136,20 Nov 2025 12:00 PM,#1976d2
164M,M,37.15789,-122.03136,20 Nov 2025 4:00 PM,#1976d2
164M,M,37.1597,-122.02814,20 Nov 2025 8:00 PM,#1976d2
164M,M,37.15418,-122.00946,21 Nov 2025 12:00 AM,#1976d2
164M,M,37.13226,-122.03611,21 Nov 2025 4:00 PM,#1976d2
164M,M,37.15599,-122.03289,21 Nov 2025 8:00 PM,#1976d2
164M,M,37.15751,-122.03063,22 Nov 2025 12:00 AM,#1976d2
164M,M,37.17469,-122.03219,22 Nov 2025 4:00 AM,#1976d2
164M,M,37.17399,-122.03194,22 Nov 2025 8:00 AM,#1976d2
164M,M,37.17512,-122.03111,22 Nov 2025 12:00 PM,#1976d2
164M,M,37.17533,-122.03106,22 Nov 2025 4:00 PM,#1976d2
164M,M,37.1552,-122.00268,22 Nov 2025 8:00 PM,#1976d2
164M,M,37.13733,-121.98666,23 Nov 2025 12:00 AM,#1976d2
164M,M,37.10881,-121.98766,23 Nov 2025 4:00 AM,#1976d2
164M,M,37.09542,-121.9828,23 Nov 2025 8:00 AM,#1976d2
164M,M,37.09542,-121.98295,23 Nov 2025 12:00 PM,#1976d2
164M,M,37.09545,-121.98273,23 Nov 2025 4:00 PM,#1976d2
164M,M,37.08982,-121.98918,24 Nov 2025 4:00 AM,#1976d2
164M,M,37.09001,-121.98923,24 Nov 2025 8:00 AM,#1976d2
164M,M,37.09012,-121.99086,24 Nov 2025 12:00 PM,#1976d2
164M,M,37.09017,-121.99183,24 Nov 2025 4:00 PM,#1976d2
164M,M,37.06887,-122.01456,24 Nov 2025 8:00 PM,#1976d2
164M,M,37.06189,-122.04123,25 Nov 2025 12:00 AM,#1976d2
164M,M,37.06104,-122.07113,25 Nov 2025 8:00 AM,#1976d2
164M,M,37.06223,-122.07105,25 Nov 2025 12:00 PM,#1976d2
164M,M,37.06207,-122.07117,25 Nov 2025 4:00 PM,#1976d2
164M,M,37.06605,-122.07538,26 Nov 2025 12:00 AM,#1976d2
164M,M,37.06641,-122.07556,26 Nov 2025 8:00 AM,#1976d2
164M,M,37.0666,-122.07435,26 Nov 2025 12:00 PM,#1976d2
164M,M,37.0667,-122.07452,26 Nov 2025 4:00 PM,#1976d2
164M,M,37.06656,-122.07452,26 Nov 2025 8:00 PM,#1976d2
164M,M,37.06545,-122.07609,27 Nov 2025 12:00 AM,#1976d2
164M,M,37.06727,-122.06654,27 Nov 2025 8:00 AM,#1976d2
164M,M,37.06726,-122.06651,27 Nov 2025 12:00 PM,#1976d2
164M,M,37.06725,-122.06651,27 Nov 2025 4:00 PM,#1976d2
164M,M,37.08001,-122.06124,27 Nov 2025 8:00 PM,#1976d2
164M,M,37.13411,-122.04189,28 Nov 2025 4:00 AM,#1976d2
164M,M,37.1334,-122.04002,28 Nov 2025 8:00 AM,#1976d2
164M,M,37.13621,-122.03702,28 Nov 2025 12:00 PM,#1976d2
164M,M,37.14585,-122.03291,28 Nov 2025 4:00 PM,#1976d2
164M,M,37.16679,-122.0294,28 Nov 2025 8:00 PM,#1976d2
164M,M,37.16926,-122.02922,29 Nov 2025 12:00 AM,#1976d2
164M,M,37.16924,-122.02925,29 Nov 2025 4:00 AM,#1976d2
164M,M,37.17344,-122.02879,29 Nov 2025 8:00 AM,#1976d2
164M,M,37.17354,-122.02864,29 Nov 2025 12:00 PM,#1976d2
164M,M,37.18409,-122.03796,29 Nov 2025 8:00 PM,#1976d2
164M,M,37.1774,-122.0169,30 Nov 2025 12:00 AM,#1976d2
164M,M,37.15444,-122.00697,30 Nov 2025 4:00 AM,#1976d2
164M,M,37.15501,-122.00499,30 Nov 2025 8:00 AM,#1976d2
164M,M,37.15316,-122.00538,30 Nov 2025 12:00 PM,#1976d2
164M,M,37.15228,-122.00325,30 Nov 2025 4:00 PM,#1976d2
164M,M,37.14784,-122.00362,30 Nov 2025 8:00 PM,#1976d2
164M,M,37.13073,-121.99168,1 Dec 2025 8:00 AM,#1976d2
164M,M,37.13098,-121.99172,1 Dec 2025 12:00 PM,#1976d2
164M,M,37.13068,-121.99161,1 Dec 2025 4:00 PM,#1976d2
164M,M,37.11769,-121.99975,1 Dec 2025 8:00 PM,#1976d2
164M,M,37.11767,-122.00045,2 Dec 2025 12:00 AM,#1976d2
164M,M,37.11789,-122.0003,2 Dec 2025 4:00 AM,#1976d2
164M,M,37.11094,-122.0127,2 Dec 2025 8:00 AM,#1976d2
164M,M,37.11104,-122.01259,2 Dec 2025 12:00 PM,#1976d2
164M,M,37.11097,-122.01262,2 Dec 2025 4:00 PM,#1976d2
164M,M,37.12243,-122.02705,2 Dec 2025 8:00 PM,#1976d2
164M,M,37.13659,-122.09206,3 Dec 2025 4:00 AM,#1976d2
164M,M,37.13435,-122.09335,3 Dec 2025 8:00 AM,#1976d2
164M,M,37.13432,-122.09322,3 Dec 2025 12:00 PM,#1976d2
164M,M,37.1364,-122.08952,3 Dec 2025 4:00 PM,#1976d2
164M,M,37.1622,-122.07824,3 Dec 2025 8:00 PM,#1976d2
164M,M,37.17808,-122.03917,4 Dec 2025 8:00 AM,#1976d2
164M,M,37.17602,-122.03532,4 Dec 2025 12:00 PM,#1976d2
164M,M,37.1748,-122.03307,4 Dec 2025 4:00 PM,#1976d2
164M,M,37.17791,-122.00446,4 Dec 2025 8:00 PM,#1976d2
164M,M,37.16883,-122.00309,5 Dec 2025 12:00 PM,#1976d2
164M,M,37.16887,-122.00319,5 Dec 2025 4:00 PM,#1976d2
164M,M,37.15425,-122.00773,5 Dec 2025 8:00 PM,#1976d2
164M,M,37.14481,-121.99638,6 Dec 2025 12:00 AM,#1976d2
164M,M,37.11796,-121.98257,6 Dec 2025 4:00 AM,#1976d2
164M,M,37.11812,-121.98251,6 Dec 2025 8:00 AM,#1976d2
164M,M,37.11795,-121.98219,6 Dec 2025 12:00 PM,#1976d2
164M,M,37.11788,-121.98216,6 Dec 2025 4:00 PM,#1976d2
164M,M,37.09547,-121.98272,7 Dec 2025 12:00 AM,#1976d2
164M,M,37.09544,-121.9827,7 Dec 2025 4:00 AM,#1976d2
164M,M,37.08821,-121.98891,7 Dec 2025 8:00 AM,#1976d2
164M,M,37.08816,-121.98882,7 Dec 2025 12:00 PM,#1976d2
164M,M,37.08804,-121.98892,7 Dec 2025 4:00 PM,#1976d2
164M,M,37.08381,-122.01215,7 Dec 2025 8:00 PM,#1976d2
164M,M,37.06738,-122.02111,9 Dec 2025 12:00 AM,#1976d2
164M,M,37.0546,-122.03522,9 Dec 2025 4:00 AM,#1976d2
164M,M,37.06294,-122.05,9 Dec 2025 8:00 AM,#1976d2
164M,M,37.06453,-122.05335,9 Dec 2025 12:00 PM,#1976d2
164M,M,37.06441,-122.05364,9 Dec 2025 4:00 PM,#1976d2
164M,M,37.0565,-122.07384,9 Dec 2025 8:00 PM,#1976d2
164M,M,37.05601,-122.06929,10 Dec 2025 12:00 AM,#1976d2
164M,M,37.056,-122.06931,10 Dec 2025 4:00 AM,#1976d2
164M,M,37.05631,-122.06821,10 Dec 2025 8:00 AM,#1976d2
164M,M,37.05624,-122.06813,10 Dec 2025 4:00 PM,#1976d2
164M,M,37.05634,-122.06826,10 Dec 2025 8:00 PM,#1976d2
164M,M,37.0575,-122.06709,11 Dec 2025 12:00 AM,#1976d2
164M,M,37.05709,-122.06728,11 Dec 2025 4:00 AM,#1976d2
164M,M,37.05704,-122.06718,11 Dec 2025 8:00 AM,#1976d2
164M,M,37.05759,-122.06719,11 Dec 2025 12:00 PM,#1976d2
164M,M,37.05739,-122.06709,11 Dec 2025 8:00 PM,#1976d2
164M,M,37.0572,-122.06725,12 Dec 2025 12:00 AM,#1976d2
164M,M,37.05744,-122.06712,12 Dec 2025 4:00 AM,#1976d2
164M,M,37.09362,-122.05867,12 Dec 2025 8:00 AM,#1976d2
164M,M,37.09376,-122.05876,12 Dec 2025 12:00 PM,#1976d2
164M,M,37.09375,-122.05869,12 Dec 2025 4:00 PM,#1976d2
164M,M,37.11522,-122.07532,12 Dec 2025 8:00 PM,#1976d2
164M,M,37.13696,-122.07709,13 Dec 2025 4:00 AM,#1976d2
164M,M,37.13715,-122.07554,13 Dec 2025 4:00 PM,#1976d2
164M,M,37.14787,-122.04939,13 Dec 2025 8:00 PM,#1976d2
164M,M,37.15438,-122.03296,14 Dec 2025 12:00 AM,#1976d2
164M,M,37.15429,-122.03345,14 Dec 2025 4:00 AM,#1976d2
164M,M,37.15514,-122.03354,14 Dec 2025 8:00 AM,#1976d2
164M,M,37.15521,-122.03355,14 Dec 2025 12:00 PM,#1976d2
164M,M,37.1552,-122.03355,14 Dec 2025 4:00 PM,#1976d2
164M,M,37.15489,-122.01491,14 Dec 2025 8:00 PM,#1976d2
164M,M,37.12147,-122.02831,15 Dec 2025 4:00 AM,#1976d2
164M,M,37.10563,-122.00575,15 Dec 2025 12:00 PM,#1976d2
164M,M,37.10555,-122.00585,15 Dec 2025 4:00 PM,#1976d2
164M,M,37.07605,-121.99679,16 Dec 2025 12:00 AM,#1976d2
164M,M,37.07614,-121.99085,16 Dec 2025 4:00 AM,#1976d2
164M,M,37.08387,-121.99653,16 Dec 2025 8:00 AM,#1976d2
164M,M,37.08389,-121.99654,16 Dec 2025 12:00 PM,#1976d2
164M,M,37.08395,-121.99652,16 Dec 2025 4:00 PM,#1976d2
164M,M,37.08205,-122.00018,16 Dec 2025 8:00 PM,#1976d2
164M,M,37.0817,-122.0203,17 Dec 2025 12:00 AM,#1976d2
164M,M,37.06508,-122.02671,17 Dec 2025 4:00 AM,#1976d2
164M,M,37.07175,-122.03599,17 Dec 2025 8:00 AM,#1976d2
164M,M,37.07169,-122.03599,17 Dec 2025 12:00 PM,#1976d2
164M,M,37.06694,-122.04977,17 Dec 2025 8:00 PM,#1976d2
164M,M,37.05526,-122.06575,18 Dec 2025 12:00 AM,#1976d2
164M,M,37.07372,-122.10328,18 Dec 2025 4:00 AM,#1976d2
164M,M,37.06132,-122.10257,18 Dec 2025 8:00 AM,#1976d2
164M,M,37.05935,-122.10271,18 Dec 2025 12:00 PM,#1976d2
164M,M,37.05936,-122.10273,18 Dec 2025 4:00 PM,#1976d2
164M,M,37.04551,-122.0901,18 Dec 2025 8:00 PM,#1976d2
164M,M,36.97413,-122.0756,19 Dec 2025 8:00 AM,#1976d2
164M,M,36.97412,-122.07553,19 Dec 2025 12:00 PM,#1976d2
164M,M,36.97407,-122.07564,19 Dec 2025 4:00 PM,#1976d2
164M,M,36.97996,-122.07129,19 Dec 2025 8:00 PM,#1976d2
164M,M,36.96975,-122.08612,20 Dec 2025 12:00 AM,#1976d2
164M,M,36.99198,-122.08333,20 Dec 2025 8:00 AM,#1976d2
164M,M,36.99177,-122.08318,20 Dec 2025 12:00 PM,#1976d2
164M,M,36.99209,-122.08334,20 Dec 2025 4:00 PM,#1976d2
164M,M,37.00961,-122.05733,20 Dec 2025 8:00 PM,#1976d2
164M,M,37.01648,-122.04589,22 Dec 2025 12:00 AM,#1976d2
164M,M,37.0163,-122.04584,22 Dec 2025 4:00 AM,#1976d2
164M,M,37.01637,-122.04577,22 Dec 2025 8:00 PM,#1976d2
164M,M,37.01624,-122.04575,23 Dec 2025 12:00 AM,#1976d2
164M,M,37.01728,-122.04662,23 Dec 2025 8:00 AM,#1976d2
164M,M,37.01633,-122.04575,23 Dec 2025 8:00 PM,#1976d2
164M,M,37.0164,-122.04576,24 Dec 2025 4:00 AM,#1976d2
164M,M,37.01643,-122.04607,24 Dec 2025 8:00 AM,#1976d2
164M,M,37.01765,-122.04604,24 Dec 2025 12:00 PM,#1976d2
164M,M,37.01633,-122.04582,25 Dec 2025 4:00 AM,#1976d2
164M,M,37.01762,-122.04591,25 Dec 2025 8:00 AM,#1976d2
164M,M,37.01756,-122.04601,25 Dec 2025 4:00 PM,#1976d2
164M,M,37.01626,-122.04605,25 Dec 2025 8:00 PM,#1976d2
164M,M,37.03889,-122.03339,26 Dec 2025 8:00 AM,#1976d2
164M,M,37.03894,-122.03344,26 Dec 2025 12:00 PM,#1976d2
164M,M,37.03897,-122.03335,26 Dec 2025 4:00 PM,#1976d2
164M,M,37.03899,-122.03344,26 Dec 2025 8:00 PM,#1976d2
164M,M,37.04667,-122.03452,27 Dec 2025 12:00 AM,#1976d2
164M,M,37.07932,-122.04309,27 Dec 2025 4:00 AM,#1976d2
164M,M,37.1082,-122.01742,27 Dec 2025 8:00 AM,#1976d2
164M,M,37.14559,-122.03281,27 Dec 2025 4:00 PM,#1976d2
164M,M,37.1681,-122.00397,28 Dec 2025 12:00 AM,#1976d2
164M,M,37.17554,-122.03107,28 Dec 2025 8:00 AM,#1976d2
164M,M,37.1755,-122.03101,28 Dec 2025 12:00 PM,#1976d2
164M,M,37.17555,-122.03099,28 Dec 2025 4:00 PM,#1976d2
164M,M,37.18805,-122.04474,28 Dec 2025 8:00 PM,#1976d2
164M,M,37.17385,-122.04465,29 Dec 2025 4:00 AM,#1976d2
164M,M,37.1737,-122.04462,29 Dec 2025 8:00 AM,#1976d2
164M,M,37.17243,-122.04752,29 Dec 2025 12:00 PM,#1976d2
164M,M,37.17251,-122.04739,29 Dec 2025 4:00 PM,#1976d2
164M,M,37.178,-122.05834,29 Dec 2025 8:00 PM,#1976d2
164M,M,37.16965,-122.06238,30 Dec 2025 12:00 AM,#1976d2
164M,M,37.16775,-122.06814,30 Dec 2025 4:00 AM,#1976d2
164M,M,37.16743,-122.06948,30 Dec 2025 8:00 AM,#1976d2
164M,M,37.16748,-122.06944,30 Dec 2025 12:00 PM,#1976d2
164M,M,37.16632,-122.06888,31 Dec 2025 8:00 AM,#1976d2
164M,M,37.16604,-122.06925,31 Dec 2025 12:00 PM,#1976d2
164M,M,37.16599,-122.06867,31 Dec 2025 4:00 PM,#1976d2
164M,M,37.14718,-122.049,1 Jan 2026 12:00 PM,#1976d2
164M,M,37.10219,-122.0732,2 Jan 2026 12:00 AM,#1976d2
164M,M,37.1309,-122.03695,2 Jan 2026 12:00 PM,#1976d2
164M,M,37.13192,-122.03682,2 Jan 2026 4:00 PM,#1976d2
164M,M,37.14643,-122.02593,2 Jan 2026 8:00 PM,#1976d2
164M,M,37.13154,-121.99152,4 Jan 2026 12:00 AM,#1976d2
164M,M,37.13166,-121.99164,4 Jan 2026 8:00 PM,#1976d2
164M,M,37.1109,-121.99621,5 Jan 2026 12:00 AM,#1976d2
164M,M,37.08106,-122.01357,6 Jan 2026 12:00 AM,#1976d2
164M,M,37.08311,-122.01463,6 Jan 2026 12:00 PM,#1976d2
164M,M,37.08316,-122.01459,6 Jan 2026 4:00 PM,#1976d2
164M,M,37.0956,-122.01814,6 Jan 2026 8:00 PM,#1976d2
164M,M,37.15023,-122.038,7 Jan 2026 4:00 AM,#1976d2
164M,M,37.15891,-122.02834,7 Jan 2026 8:00 AM,#1976d2
164M,M,37.15889,-122.02856,7 Jan 2026 12:00 PM,#1976d2
164M,M,37.15848,-122.02693,7 Jan 2026 4:00 PM,#1976d2
164M,M,37.15685,-122.00299,7 Jan 2026 8:00 PM,#1976d2
164M,M,37.18772,-122.03944,8 Jan 2026 4:00 AM,#1976d2
164M,M,37.18604,-122.04381,8 Jan 2026 8:00 AM,#1976d2
164M,M,37.18593,-122.04379,8 Jan 2026 12:00 PM,#1976d2
164M,M,37.18604,-122.04364,8 Jan 2026 4:00 PM,#1976d2
164M,M,37.18563,-122.04368,8 Jan 2026 8:00 PM,#1976d2
164M,M,37.18574,-122.0439,9 Jan 2026 4:00 AM,#1976d2
164M,M,37.18516,-122.04379,9 Jan 2026 8:00 AM,#1976d2
164M,M,37.1851,-122.04371,9 Jan 2026 12:00 PM,#1976d2
164M,M,37.18564,-122.04379,9 Jan 2026 8:00 PM,#1976d2
164M,M,37.18556,-122.04375,10 Jan 2026 12:00 AM,#1976d2
164M,M,37.18557,-122.04382,10 Jan 2026 4:00 AM,#1976d2
164M,M,37.18591,-122.04385,10 Jan 2026 8:00 AM,#1976d2
164M,M,37.18599,-122.04388,10 Jan 2026 12:00 PM,#1976d2
164M,M,37.18607,-122.04384,10 Jan 2026 4:00 PM,#1976d2
164M,M,37.18609,-122.04374,10 Jan 2026 8:00 PM,#1976d2
164M,M,37.18591,-122.04147,11 Jan 2026 12:00 AM,#1976d2
164M,M,37.16049,-122.03432,11 Jan 2026 8:00 AM,#1976d2
164M,M,37.16055,-122.03425,11 Jan 2026 12:00 PM,#1976d2
164M,M,37.16062,-122.03424,11 Jan 2026 4:00 PM,#1976d2
164M,M,37.15571,-122.03452,11 Jan 2026 8:00 PM,#1976d2
164M,M,37.14233,-122.05177,12 Jan 2026 8:00 AM,#1976d2
164M,M,37.13769,-122.05989,12 Jan 2026 12:00 PM,#1976d2
164M,M,37.12888,-122.06258,12 Jan 2026 4:00 PM,#1976d2
164M,M,37.10878,-122.07135,12 Jan 2026 8:00 PM,#1976d2
164M,M,37.10395,-122.07506,13 Jan 2026 12:00 AM,#1976d2
164M,M,37.10396,-122.07503,13 Jan 2026 4:00 AM,#1976d2
164M,M,37.10412,-122.07512,13 Jan 2026 8:00 AM,#1976d2
164M,M,37.10421,-122.07505,13 Jan 2026 12:00 PM,#1976d2
164M,M,37.10424,-122.07488,13 Jan 2026 4:00 PM,#1976d2
164M,M,37.11134,-122.06861,13 Jan 2026 8:00 PM,#1976d2
164M,M,37.12579,-122.06644,14 Jan 2026 12:00 AM,#1976d2
164M,M,37.12611,-122.06352,14 Jan 2026 4:00 AM,#1976d2
164M,M,37.12988,-122.06432,14 Jan 2026 8:00 AM,#1976d2
164M,M,37.12943,-122.06441,14 Jan 2026 12:00 PM,#1976d2
164M,M,37.1288,-122.0612,14 Jan 2026 4:00 PM,#1976d2
164M,M,37.11137,-122.06842,14 Jan 2026 8:00 PM,#1976d2
164M,M,37.11125,-122.06848,15 Jan 2026 12:00 AM,#1976d2
164M,M,37.11118,-122.06862,15 Jan 2026 4:00 AM,#1976d2
164M,M,37.11113,-122.06869,15 Jan 2026 8:00 AM,#1976d2
164M,M,37.11116,-122.0688,15 Jan 2026 12:00 PM,#1976d2
164M,M,37.1112,-122.06898,15 Jan 2026 4:00 PM,#1976d2
164M,M,37.11146,-122.06886,16 Jan 2026 4:00 AM,#1976d2
164M,M,37.11182,-122.06931,16 Jan 2026 12:00 PM,#1976d2
164M,M,37.11128,-122.06857,17 Jan 2026 12:00 AM,#1976d2
164M,M,37.11101,-122.06857,17 Jan 2026 4:00 AM,#1976d2
164M,M,37.11154,-122.06907,17 Jan 2026 8:00 AM,#1976d2
164M,M,37.11157,-122.06886,17 Jan 2026 12:00 PM,#1976d2
164M,M,37.13082,-122.04489,18 Jan 2026 12:00 AM,#1976d2
164M,M,37.13078,-122.04488,18 Jan 2026 4:00 AM,#1976d2
164M,M,37.13081,-122.04485,18 Jan 2026 8:00 AM,#1976d2
164M,M,37.13176,-122.044,18 Jan 2026 12:00 PM,#1976d2
164M,M,37.13464,-122.03873,18 Jan 2026 4:00 PM,#1976d2
164M,M,37.15411,-122.00771,19 Jan 2026 12:00 AM,#1976d2
164M,M,37.15476,-122.00672,19 Jan 2026 4:00 AM,#1976d2
164M,M,37.16725,-122.00382,19 Jan 2026 12:00 PM,#1976d2
164M,M,37.16734,-122.00373,19 Jan 2026 4:00 PM,#1976d2
164M,M,37.16814,-122.01273,19 Jan 2026 8:00 PM,#1976d2
164M,M,37.14541,-121.99442,20 Jan 2026 12:00 AM,#1976d2
164M,M,37.14666,-121.99628,20 Jan 2026 4:00 AM,#1976d2
164M,M,37.14726,-122.00155,20 Jan 2026 12:00 PM,#1976d2
164M,M,37.14707,-122.0015,20 Jan 2026 4:00 PM,#1976d2
164M,M,37.12905,-122.01176,21 Jan 2026 12:00 AM,#1976d2
164M,M,37.08056,-122.03846,21 Jan 2026 8:00 AM,#1976d2
164M,M,37.08054,-122.03841,21 Jan 2026 12:00 PM,#1976d2
164M,M,37.08049,-122.03844,21 Jan 2026 4:00 PM,#1976d2
164M,M,37.06077,-122.06908,22 Jan 2026 12:00 AM,#1976d2
164M,M,37.06007,-122.07174,22 Jan 2026 4:00 AM,#1976d2
164M,M,37.06129,-122.0713,22 Jan 2026 8:00 AM,#1976d2
164M,M,37.06146,-122.07135,22 Jan 2026 4:00 PM,#1976d2
164M,M,37.07425,-122.06395,23 Jan 2026 12:00 AM,#1976d2
164M,M,37.08757,-122.0539,23 Jan 2026 4:00 AM,#1976d2
164M,M,37.08105,-122.04753,23 Jan 2026 8:00 AM,#1976d2
164M,M,37.08337,-122.04115,23 Jan 2026 12:00 PM,#1976d2
164M,M,37.0819,-122.03918,23 Jan 2026 4:00 PM,#1976d2
164M,M,37.08661,-122.03002,24 Jan 2026 12:00 AM,#1976d2
164M,M,37.0921,-122.02667,24 Jan 2026 4:00 AM,#1976d2
164M,M,37.09111,-122.02595,24 Jan 2026 8:00 AM,#1976d2
164M,M,37.09097,-122.02616,24 Jan 2026 12:00 PM,#1976d2
164M,M,37.09097,-122.02612,24 Jan 2026 4:00 PM,#1976d2
164M,M,37.09093,-122.02615,24 Jan 2026 8:00 PM,#1976d2
164M,M,37.09092,-122.02611,25 Jan 2026 12:00 AM,#1976d2
164M,M,37.09096,-122.02605,25 Jan 2026 4:00 AM,#1976d2
164M,M,37.09095,-122.02615,25 Jan 2026 8:00 AM,#1976d2
164M,M,37.09076,-122.02593,25 Jan 2026 12:00 PM,#1976d2
164M,M,37.09074,-122.026,25 Jan 2026 4:00 PM,#1976d2
164M,M,37.09428,-122.03233,25 Jan 2026 8:00 PM,#1976d2
164M,M,37.09453,-122.0323,26 Jan 2026 12:00 AM,#1976d2
164M,M,37.09466,-122.03229,26 Jan 2026 4:00 AM,#1976d2
164M,M,37.09444,-122.0323,26 Jan 2026 8:00 AM,#1976d2
164M,M,37.09522,-122.03212,26 Jan 2026 12:00 PM,#1976d2
164M,M,37.0952,-122.03221,26 Jan 2026 4:00 PM,#1976d2
164M,M,37.10522,-122.01495,26 Jan 2026 8:00 PM,#1976d2
164M,M,37.10963,-122.00468,27 Jan 2026 12:00 AM,#1976d2
164M,M,37.1096,-122.00511,27 Jan 2026 4:00 AM,#1976d2
164M,M,37.10795,-122.00185,27 Jan 2026 12:00 PM,#1976d2
164M,M,37.10789,-122.00195,27 Jan 2026 4:00 PM,#1976d2
164M,M,37.11756,-121.99676,27 Jan 2026 8:00 PM,#1976d2
164M,M,37.11512,-121.99458,28 Jan 2026 4:00 AM,#1976d2
164M,M,37.11486,-121.99449,28 Jan 2026 8:00 AM,#1976d2
164M,M,37.11494,-121.99426,28 Jan 2026 12:00 PM,#1976d2
164M,M,37.11496,-121.99436,28 Jan 2026 4:00 PM,#1976d2
164M,M,37.11471,-121.99426,28 Jan 2026 8:00 PM,#1976d2
164M,M,37.10536,-121.98142,29 Jan 2026 4:00 AM,#1976d2
164M,M,37.1072,-121.97963,29 Jan 2026 8:00 AM,#1976d2
164M,M,37.10712,-121.97947,29 Jan 2026 12:00 PM,#1976d2
164M,M,37.10715,-121.9792,29 Jan 2026 4:00 PM,#1976d2
164M,M,37.10969,-121.97893,29 Jan 2026 8:00 PM,#1976d2
164M,M,37.1116,-121.97734,30 Jan 2026 12:00 AM,#1976d2
164M,M,37.1096,-121.9798,30 Jan 2026 4:00 AM,#1976d2
164M,M,37.10722,-121.97929,30 Jan 2026 8:00 AM,#1976d2
164M,M,37.1067,-121.97913,30 Jan 2026 12:00 PM,#1976d2
164M,M,37.10627,-121.97853,30 Jan 2026 4:00 PM,#1976d2
164M,M,37.09621,-121.98896,31 Jan 2026 12:00 AM,#1976d2
164M,M,37.0698,-121.9953,31 Jan 2026 4:00 AM,#1976d2
164M,M,37.07946,-121.98674,31 Jan 2026 8:00 AM,#1976d2
164M,M,37.08018,-121.98615,31 Jan 2026 4:00 PM,#1976d2
164M,M,37.08382,-121.99109,31 Jan 2026 8:00 PM,#1976d2
164M,M,37.08153,-122.00474,1 Feb 2026 12:00 AM,#1976d2
164M,M,37.06863,-122.01843,1 Feb 2026 4:00 AM,#1976d2
164M,M,37.06857,-122.01835,1 Feb 2026 8:00 AM,#1976d2
164M,M,37.06863,-122.01823,1 Feb 2026 12:00 PM,#1976d2
164M,M,37.06857,-122.01869,1 Feb 2026 4:00 PM,#1976d2
164M,M,37.07138,-122.02466,1 Feb 2026 8:00 PM,#1976d2
164M,M,37.07112,-122.04588,2 Feb 2026 12:00 AM,#1976d2
164M,M,37.05634,-122.07018,2 Feb 2026 8:00 AM,#1976d2
164M,M,37.05626,-122.0702,2 Feb 2026 12:00 PM,#1976d2
164M,M,37.05632,-122.07011,2 Feb 2026 4:00 PM,#1976d2
164M,M,37.05602,-122.07401,2 Feb 2026 8:00 PM,#1976d2
164M,M,37.06503,-122.07882,3 Feb 2026 12:00 AM,#1976d2
164M,M,37.07956,-122.07961,3 Feb 2026 4:00 AM,#1976d2
164M,M,37.09272,-122.06545,3 Feb 2026 8:00 AM,#1976d2
164M,M,37.09332,-122.06495,3 Feb 2026 12:00 PM,#1976d2
164M,M,37.0934,-122.06494,3 Feb 2026 4:00 PM,#1976d2
164M,M,37.09374,-122.06464,3 Feb 2026 8:00 PM,#1976d2
164M,M,37.11482,-122.07249,4 Feb 2026 4:00 AM,#1976d2
164M,M,37.1149,-122.07241,4 Feb 2026 8:00 AM,#1976d2
164M,M,37.11659,-122.0721,4 Feb 2026 12:00 PM,#1976d2
164M,M,37.11886,-122.07147,4 Feb 2026 4:00 PM,#1976d2
164M,M,37.10373,-122.08517,4 Feb 2026 8:00 PM,#1976d2
164M,M,37.1003,-122.09528,5 Feb 2026 4:00 AM,#1976d2
164M,M,37.10044,-122.09521,5 Feb 2026 8:00 AM,#1976d2
164M,M,37.10042,-122.09508,5 Feb 2026 12:00 PM,#1976d2
164M,M,37.10034,-122.0952,5 Feb 2026 4:00 PM,#1976d2
164M,M,37.1004,-122.09509,5 Feb 2026 8:00 PM,#1976d2
164M,M,37.10396,-122.09676,6 Feb 2026 12:00 AM,#1976d2
164M,M,37.10606,-122.09833,6 Feb 2026 4:00 AM,#1976d2
164M,M,37.10816,-122.10011,6 Feb 2026 8:00 AM,#1976d2
164M,M,37.10817,-122.10015,6 Feb 2026 12:00 PM,#1976d2
164M,M,37.10886,-122.10062,6 Feb 2026 4:00 PM,#1976d2
164M,M,37.10997,-122.1061,6 Feb 2026 8:00 PM,#1976d2
164M,M,37.11285,-122.11181,7 Feb 2026 12:00 AM,#1976d2
164M,M,37.11167,-122.10862,7 Feb 2026 8:00 AM,#1976d2
164M,M,37.11142,-122.10863,7 Feb 2026 12:00 PM,#1976d2
164M,M,37.1115,-122.10857,7 Feb 2026 4:00 PM,#1976d2
164M,M,37.11153,-122.10873,7 Feb 2026 8:00 PM,#1976d2
164M,M,37.11152,-122.11243,8 Feb 2026 12:00 AM,#1976d2
164M,M,37.12324,-122.10046,8 Feb 2026 4:00 AM,#1976d2
164M,M,37.11889,-122.09745,8 Feb 2026 8:00 AM,#1976d2
164M,M,37.11905,-122.09392,8 Feb 2026 12:00 PM,#1976d2
164M,M,37.1279,-122.05692,9 Feb 2026 12:00 AM,#1976d2
164M,M,37.13163,-122.04405,9 Feb 2026 8:00 AM,#1976d2
164M,M,37.13156,-122.04411,9 Feb 2026 12:00 PM,#1976d2
164M,M,37.13334,-122.03973,9 Feb 2026 8:00 PM,#1976d2
164M,M,37.15594,-122.03294,10 Feb 2026 12:00 AM,#1976d2
164M,M,37.15596,-122.03291,10 Feb 2026 4:00 AM,#1976d2
164M,M,37.15617,-122.03266,10 Feb 2026 8:00 AM,#1976d2
164M,M,37.15616,-122.03265,10 Feb 2026 12:00 PM,#1976d2
164M,M,37.16109,-122.0297,10 Feb 2026 4:00 PM,#1976d2
164M,M,37.17108,-121.99574,11 Feb 2026 8:00 AM,#1976d2
164M,M,37.17329,-122.00172,12 Feb 2026 12:00 AM,#1976d2
164M,M,37.17332,-122.00174,12 Feb 2026 4:00 AM,#1976d2
164M,M,37.17331,-122.00175,12 Feb 2026 8:00 AM,#1976d2
164M,M,37.17272,-122.00414,12 Feb 2026 12:00 PM,#1976d2
164M,M,37.17276,-122.00406,12 Feb 2026 4:00 PM,#1976d2
164M,M,37.12214,-122.02748,13 Feb 2026 12:00 AM,#1976d2
164M,M,37.09465,-122.03343,13 Feb 2026 4:00 AM,#1976d2
164M,M,37.08537,-122.03646,13 Feb 2026 8:00 AM,#1976d2
164M,M,37.08552,-122.03658,13 Feb 2026 12:00 PM,#1976d2
164M,M,37.08546,-122.03648,13 Feb 2026 4:00 PM,#1976d2
164M,M,37.08554,-122.03632,13 Feb 2026 8:00 PM,#1976d2
164M,M,37.08543,-122.03638,14 Feb 2026 12:00 AM,#1976d2
164M,M,37.09042,-122.03783,14 Feb 2026 8:00 AM,#1976d2
164M,M,37.09046,-122.03782,14 Feb 2026 12:00 PM,#1976d2
164M,M,37.09044,-122.03783,14 Feb 2026 4:00 PM,#1976d2
164M,M,37.09046,-122.03783,14 Feb 2026 8:00 PM,#1976d2
164M,M,37.09045,-122.03781,15 Feb 2026 12:00 AM,#1976d2
164M,M,37.09152,-122.0393,15 Feb 2026 8:00 AM,#1976d2
164M,M,37.09149,-122.03925,15 Feb 2026 4:00 PM,#1976d2
164M,M,37.10612,-122.01804,19 Feb 2026 12:00 AM,#1976d2
164M,M,37.10616,-122.01859,19 Feb 2026 4:00 PM,#1976d2
164M,M,37.11274,-122.01459,20 Feb 2026 12:00 AM,#1976d2
164M,M,37.11272,-122.01414,20 Feb 2026 4:00 AM,#1976d2
164M,M,37.1125,-122.01392,20 Feb 2026 8:00 AM,#1976d2
164M,M,37.11085,-122.01187,20 Feb 2026 4:00 PM,#1976d2
164M,M,37.10889,-122.0006,20 Feb 2026 8:00 PM,#1976d2
164M,M,37.10831,-121.98774,21 Feb 2026 12:00 AM,#1976d2
164M,M,37.11054,-121.97999,21 Feb 2026 12:00 PM,#1976d2
164M,M,37.11026,-121.97968,21 Feb 2026 4:00 PM,#1976d2
164M,M,37.10551,-121.98105,21 Feb 2026 8:00 PM,#1976d2
164M,M,37.1095,-121.9796,22 Feb 2026 12:00 AM,#1976d2
164M,M,37.11277,-121.97922,22 Feb 2026 4:00 AM,#1976d2
164M,M,37.11269,-121.97925,22 Feb 2026 8:00 AM,#1976d2
164M,M,37.11282,-121.97932,22 Feb 2026 12:00 PM,#1976d2
164M,M,37.1128,-121.97927,22 Feb 2026 4:00 PM,#1976d2
164M,M,37.11876,-121.98242,22 Feb 2026 8:00 PM,#1976d2
164M,M,37.12391,-121.97582,23 Feb 2026 12:00 AM,#1976d2
164M,M,37.12468,-121.97716,23 Feb 2026 4:00 AM,#1976d2
164M,M,37.12472,-121.97705,23 Feb 2026 8:00 AM,#1976d2
164M,M,37.12831,-121.98009,23 Feb 2026 12:00 PM,#1976d2
164M,M,37.12809,-121.9802,23 Feb 2026 4:00 PM,#1976d2
164M,M,37.12789,-121.98059,23 Feb 2026 8:00 PM,#1976d2
164M,M,37.12812,-121.98042,24 Feb 2026 12:00 AM,#1976d2
164M,M,37.13034,-121.98312,24 Feb 2026 4:00 AM,#1976d2
164M,M,37.13023,-121.98305,24 Feb 2026 8:00 AM,#1976d2
164M,M,37.1309,-121.98412,24 Feb 2026 12:00 PM,#1976d2
164M,M,37.13087,-121.98406,24 Feb 2026 4:00 PM,#1976d2
164M,M,37.13086,-121.98405,24 Feb 2026 8:00 PM,#1976d2
164M,M,37.14766,-121.98956,25 Feb 2026 12:00 AM,#1976d2
164M,M,37.15689,-121.9938,25 Feb 2026 8:00 AM,#1976d2
164M,M,37.14901,-121.99677,26 Feb 2026 12:00 AM,#1976d2
164M,M,37.14897,-121.99681,26 Feb 2026 4:00 AM,#1976d2
164M,M,37.14895,-121.99677,26 Feb 2026 8:00 AM,#1976d2
164M,M,37.14785,-121.9992,26 Feb 2026 12:00 PM,#1976d2
164M,M,37.14789,-121.99895,26 Feb 2026 4:00 PM,#1976d2
164M,M,37.13202,-122.00971,27 Feb 2026 12:00 AM,#1976d2
164M,M,37.12291,-122.01582,27 Feb 2026 8:00 AM,#1976d2
164M,M,37.12091,-122.02216,27 Feb 2026 4:00 PM,#1976d2
164M,M,37.11459,-122.0357,27 Feb 2026 8:00 PM,#1976d2
164M,M,37.07954,-122.07947,28 Feb 2026 4:00 AM,#1976d2
164M,M,37.07052,-122.07774,28 Feb 2026 8:00 AM,#1976d2
164M,M,37.07017,-122.07843,28 Feb 2026 4:00 PM,#1976d2
164M,M,37.07102,-122.0787,28 Feb 2026 8:00 PM,#1976d2
164M,M,37.07092,-122.07854,1 Mar 2026 12:00 AM,#1976d2
164M,M,37.07104,-122.0783,1 Mar 2026 4:00 AM,#1976d2
164M,M,37.07122,-122.07803,1 Mar 2026 8:00 AM,#1976d2
164M,M,37.07098,-122.0783,2 Mar 2026 8:00 PM,#1976d2
164M,M,37.06884,-122.07558,3 Mar 2026 8:00 AM,#1976d2
164M,M,37.06869,-122.07553,3 Mar 2026 12:00 PM,#1976d2
164M,M,37.06876,-122.07559,3 Mar 2026 4:00 PM,#1976d2
164M,M,37.06017,-122.07417,4 Mar 2026 12:00 AM,#1976d2
164M,M,37.05713,-122.07497,4 Mar 2026 4:00 AM,#1976d2
164M,M,37.05715,-122.06905,4 Mar 2026 8:00 AM,#1976d2
164M,M,37.05647,-122.06992,4 Mar 2026 12:00 PM,#1976d2
164M,M,37.05652,-122.06985,4 Mar 2026 4:00 PM,#1976d2
164M,M,37.05425,-122.07264,4 Mar 2026 8:00 PM,#1976d2
164M,M,37.06504,-122.07793,5 Mar 2026 12:00 AM,#1976d2
164M,M,37.06869,-122.07556,5 Mar 2026 8:00 AM,#1976d2
164M,M,37.06843,-122.07576,5 Mar 2026 12:00 PM,#1976d2
164M,M,37.06839,-122.07588,5 Mar 2026 4:00 PM,#1976d2
164M,M,37.05577,-122.03775,6 Mar 2026 4:00 AM,#1976d2
164M,M,37.05935,-122.04175,6 Mar 2026 8:00 AM,#1976d2
164M,M,37.05943,-122.04195,6 Mar 2026 12:00 PM,#1976d2
164M,M,37.05935,-122.04199,6 Mar 2026 4:00 PM,#1976d2
164M,M,37.05732,-122.04105,6 Mar 2026 8:00 PM,#1976d2
164M,M,37.05733,-122.04105,7 Mar 2026 12:00 AM,#1976d2
164M,M,37.05722,-122.04111,7 Mar 2026 4:00 AM,#1976d2
164M,M,37.05961,-122.04171,7 Mar 2026 8:00 AM,#1976d2
164M,M,37.05943,-122.0418,7 Mar 2026 12:00 PM,#1976d2
164M,M,37.05952,-122.04179,7 Mar 2026 8:00 PM,#1976d2
164M,M,37.05581,-122.03768,8 Mar 2026 12:00 AM,#1976d2
164M,M,37.06374,-122.04287,8 Mar 2026 9:00 AM,#1976d2
164M,M,37.06372,-122.04287,8 Mar 2026 5:00 PM,#1976d2
164M,M,37.07505,-122.04413,8 Mar 2026 9:00 PM,#1976d2
164M,M,37.09321,-122.03426,9 Mar 2026 1:00 AM,#1976d2
164M,M,37.10747,-122.01714,9 Mar 2026 9:00 AM,#1976d2
164M,M,37.1082,-122.01725,9 Mar 2026 1:00 PM,#1976d2
164M,M,37.10818,-122.01731,9 Mar 2026 5:00 PM,#1976d2
164M,M,37.11198,-122.01427,9 Mar 2026 9:00 PM,#1976d2
164M,M,37.12931,-121.99471,10 Mar 2026 1:00 AM,#1976d2
164M,M,37.13066,-121.98932,10 Mar 2026 5:00 AM,#1976d2
164M,M,37.13052,-121.98941,10 Mar 2026 9:00 AM,#1976d2
164M,M,37.1318,-121.99221,10 Mar 2026 1:00 PM,#1976d2
164M,M,37.13193,-121.99225,10 Mar 2026 5:00 PM,#1976d2
164M,M,37.13102,-121.98813,10 Mar 2026 9:00 PM,#1976d2
164M,M,37.12805,-121.97903,11 Mar 2026 1:00 AM,#1976d2
164M,M,37.12454,-121.97723,11 Mar 2026 5:00 AM,#1976d2
164M,M,37.12463,-121.97726,11 Mar 2026 9:00 AM,#1976d2
164M,M,37.12258,-121.97731,11 Mar 2026 1:00 PM,#1976d2
164M,M,37.12255,-121.97726,11 Mar 2026 5:00 PM,#1976d2
164M,M,37.0963,-121.9856,12 Mar 2026 5:00 AM,#1976d2
164M,M,37.09691,-121.98367,12 Mar 2026 9:00 AM,#1976d2
164M,M,37.09698,-121.9847,12 Mar 2026 1:00 PM,#1976d2
164M,M,37.09693,-121.98468,12 Mar 2026 5:00 PM,#1976d2
164M,M,37.0965,-121.98257,12 Mar 2026 9:00 PM,#1976d2
164M,M,37.09656,-121.98306,13 Mar 2026 1:00 AM,#1976d2
164M,M,37.09703,-121.9828,13 Mar 2026 5:00 AM,#1976d2
164M,M,37.0956,-121.98277,13 Mar 2026 9:00 AM,#1976d2
164M,M,37.09552,-121.98273,13 Mar 2026 1:00 PM,#1976d2
164M,M,37.09564,-121.98272,13 Mar 2026 5:00 PM,#1976d2
164M,M,37.09632,-121.98553,13 Mar 2026 9:00 PM,#1976d2
164M,M,37.09746,-121.98559,14 Mar 2026 1:00 AM,#1976d2
164M,M,37.09641,-121.98192,14 Mar 2026 5:00 AM,#1976d2
164M,M,37.09645,-121.982,14 Mar 2026 9:00 AM,#1976d2
164M,M,37.09768,-121.98454,14 Mar 2026 5:00 PM,#1976d2
164M,M,37.10369,-121.97846,15 Mar 2026 1:00 AM,#1976d2
164M,M,37.10567,-121.99306,15 Mar 2026 5:00 AM,#1976d2
164M,M,37.10561,-121.99328,15 Mar 2026 9:00 AM,#1976d2
164M,M,37.10573,-121.99317,15 Mar 2026 1:00 PM,#1976d2
164M,M,37.10555,-121.99316,15 Mar 2026 5:00 PM,#1976d2
164M,M,37.10553,-121.99309,15 Mar 2026 9:00 PM,#1976d2
164M,M,37.1068,-122.0075,16 Mar 2026 1:00 AM,#1976d2
164M,M,37.10739,-122.01017,16 Mar 2026 9:00 AM,#1976d2
164M,M,37.10734,-122.0103,16 Mar 2026 1:00 PM,#1976d2
164M,M,37.10737,-122.01025,16 Mar 2026 5:00 PM,#1976d2
164M,M,37.11214,-122.01435,16 Mar 2026 9:00 PM,#1976d2
164M,M,37.12245,-122.02698,17 Mar 2026 1:00 AM,#1976d2
164M,M,37.13123,-122.02843,17 Mar 2026 9:00 AM,#1976d2
164M,M,37.13115,-122.02829,17 Mar 2026 1:00 PM,#1976d2
164M,M,37.13137,-122.02846,17 Mar 2026 5:00 PM,#1976d2
164M,M,37.1509,-122.03696,18 Mar 2026 1:00 AM,#1976d2
164M,M,37.15455,-122.03582,18 Mar 2026 9:00 AM,#1976d2
164M,M,37.15656,-122.035,18 Mar 2026 1:00 PM,#1976d2
164M,M,37.15672,-122.03503,18 Mar 2026 5:00 PM,#1976d2
164M,M,37.17054,-122.02999,19 Mar 2026 1:00 AM,#1976d2
164M,M,37.18324,-122.03733,19 Mar 2026 9:00 AM,#1976d2
164M,M,37.18325,-122.03719,19 Mar 2026 1:00 PM,#1976d2
164M,M,37.18322,-122.03736,19 Mar 2026 5:00 PM,#1976d2
164M,M,37.17883,-122.00008,20 Mar 2026 5:00 AM,#1976d2
164M,M,37.17764,-122.0009,20 Mar 2026 9:00 AM,#1976d2
164M,M,37.17467,-122.00311,20 Mar 2026 1:00 PM,#1976d2
164M,M,37.15775,-121.99387,21 Mar 2026 5:00 AM,#1976d2
164M,M,37.15411,-122.00536,21 Mar 2026 9:00 AM,#1976d2
164M,M,37.15411,-122.00537,21 Mar 2026 1:00 PM,#1976d2
164M,M,37.15416,-122.0054,21 Mar 2026 5:00 PM,#1976d2
164M,M,37.14962,-121.99967,21 Mar 2026 9:00 PM,#1976d2
164M,M,37.13397,-121.9855,22 Mar 2026 1:00 AM,#1976d2
164M,M,37.13151,-121.98524,22 Mar 2026 1:00 PM,#1976d2
164M,M,37.13157,-121.98529,22 Mar 2026 5:00 PM,#1976d2
164M,M,37.12966,-121.98331,22 Mar 2026 9:00 PM,#1976d2
164M,M,37.12923,-121.98305,23 Mar 2026 1:00 AM,#1976d2
164M,M,37.11182,-121.97904,23 Mar 2026 5:00 AM,#1976d2
164M,M,37.11193,-121.97906,23 Mar 2026 9:00 AM,#1976d2
164M,M,37.11168,-121.97909,23 Mar 2026 1:00 PM,#1976d2
164M,M,37.10403,-121.97906,23 Mar 2026 9:00 PM,#1976d2
164M,M,37.09469,-121.98512,24 Mar 2026 1:00 AM,#1976d2
164M,M,37.09676,-121.98231,24 Mar 2026 5:00 AM,#1976d2
164M,M,37.1035,-121.99657,24 Mar 2026 9:00 AM,#1976d2
164M,M,37.10362,-121.99665,24 Mar 2026 1:00 PM,#1976d2
164M,M,37.10353,-121.99661,24 Mar 2026 5:00 PM,#1976d2
164M,M,37.10629,-121.99627,24 Mar 2026 9:00 PM,#1976d2
164M,M,37.10603,-121.9966,25 Mar 2026 1:00 AM,#1976d2
164M,M,37.10609,-122.00443,25 Mar 2026 9:00 AM,#1976d2
164M,M,37.10726,-122.01017,25 Mar 2026 1:00 PM,#1976d2
164M,M,37.10744,-122.0102,25 Mar 2026 5:00 PM,#1976d2
164M,M,37.08915,-122.03529,25 Mar 2026 9:00 PM,#1976d2
164M,M,37.06595,-122.05435,26 Mar 2026 1:00 AM,#1976d2
164M,M,37.0547,-122.07328,26 Mar 2026 5:00 AM,#1976d2
164M,M,37.05746,-122.07056,26 Mar 2026 9:00 AM,#1976d2
164M,M,37.05755,-122.07042,26 Mar 2026 1:00 PM,#1976d2
164M,M,37.05629,-122.07105,26 Mar 2026 5:00 PM,#1976d2
164M,M,37.05927,-122.07085,26 Mar 2026 9:00 PM,#1976d2
164M,M,37.06125,-122.07693,27 Mar 2026 1:00 AM,#1976d2
164M,M,37.06047,-122.08954,27 Mar 2026 9:00 AM,#1976d2
164M,M,37.06056,-122.08912,27 Mar 2026 1:00 PM,#1976d2
164M,M,37.06018,-122.08929,27 Mar 2026 5:00 PM,#1976d2
164M,M,37.04513,-122.0955,28 Mar 2026 1:00 AM,#1976d2
164M,M,37.03949,-122.09266,28 Mar 2026 5:00 AM,#1976d2
164M,M,37.0391,-122.09965,28 Mar 2026 9:00 AM,#1976d2
164M,M,37.03937,-122.10015,28 Mar 2026 5:00 PM,#1976d2
164M,M,37.03903,-122.09894,28 Mar 2026 9:00 PM,#1976d2
164M,M,37.03466,-122.08266,29 Mar 2026 1:00 AM,#1976d2
164M,M,37.02985,-122.08257,29 Mar 2026 5:00 AM,#1976d2
164M,M,37.02703,-122.0824,29 Mar 2026 9:00 AM,#1976d2
164M,M,37.02732,-122.08303,30 Mar 2026 1:00 AM,#1976d2
164M,M,37.02729,-122.08297,30 Mar 2026 5:00 AM,#1976d2
164M,M,37.02516,-122.07539,30 Mar 2026 9:00 AM,#1976d2
164M,M,37.02512,-122.07549,30 Mar 2026 1:00 PM,#1976d2
164M,M,37.02493,-122.07514,30 Mar 2026 5:00 PM,#1976d2
164M,M,36.98986,-122.07851,31 Mar 2026 1:00 AM,#1976d2
164M,M,36.97679,-122.08424,31 Mar 2026 9:00 AM,#1976d2
164M,M,36.97328,-122.08368,31 Mar 2026 1:00 PM,#1976d2
164M,M,36.96896,-122.08344,31 Mar 2026 5:00 PM,#1976d2
164M,M,36.97594,-122.08508,1 Apr 2026 9:00 AM,#1976d2
164M,M,36.97759,-122.08411,1 Apr 2026 1:00 PM,#1976d2
164M,M,36.98405,-122.08806,1 Apr 2026 5:00 PM,#1976d2
164M,M,36.99407,-122.11454,1 Apr 2026 9:00 PM,#1976d2
164M,M,36.98461,-122.10144,2 Apr 2026 5:00 AM,#1976d2
164M,M,36.98849,-122.098,2 Apr 2026 9:00 AM,#1976d2
164M,M,36.99602,-122.09689,2 Apr 2026 1:00 PM,#1976d2
164M,M,37.00272,-122.09892,2 Apr 2026 5:00 PM,#1976d2
164M,M,37.02939,-122.07102,3 Apr 2026 5:00 AM,#1976d2
164M,M,37.02697,-122.06944,3 Apr 2026 9:00 AM,#1976d2
164M,M,37.02684,-122.06946,3 Apr 2026 1:00 PM,#1976d2
164M,M,37.027,-122.0694,3 Apr 2026 5:00 PM,#1976d2
164M,M,37.02706,-122.06915,4 Apr 2026 1:00 AM,#1976d2
164M,M,37.02692,-122.06933,4 Apr 2026 9:00 AM,#1976d2
164M,M,37.02669,-122.06954,4 Apr 2026 1:00 PM,#1976d2
164M,M,37.02699,-122.0694,4 Apr 2026 5:00 PM,#1976d2
164M,M,37.02703,-122.06923,4 Apr 2026 9:00 PM,#1976d2
164M,M,37.02386,-122.0703,5 Apr 2026 9:00 AM,#1976d2
164M,M,37.02401,-122.07059,5 Apr 2026 1:00 PM,#1976d2
164M,M,37.02692,-122.06921,5 Apr 2026 9:00 PM,#1976d2
164M,M,37.02697,-122.0696,6 Apr 2026 1:00 AM,#1976d2
164M,M,37.02684,-122.06937,6 Apr 2026 5:00 AM,#1976d2
164M,M,37.02507,-122.07548,6 Apr 2026 1:00 PM,#1976d2
164M,M,37.02714,-122.06955,7 Apr 2026 5:00 AM,#1976d2
164M,M,37.02452,-122.06754,7 Apr 2026 9:00 AM,#1976d2
164M,M,37.02517,-122.06747,7 Apr 2026 1:00 PM,#1976d2
164M,M,37.00566,-122.06866,8 Apr 2026 9:00 AM,#1976d2
164M,M,37.00473,-122.06972,8 Apr 2026 1:00 PM,#1976d2
164M,M,37.00481,-122.06994,8 Apr 2026 5:00 PM,#1976d2
164M,M,37.00428,-122.07194,8 Apr 2026 9:00 PM,#1976d2
164M,M,37.0102,-122.09866,9 Apr 2026 1:00 AM,#1976d2
164M,M,36.99821,-122.10386,9 Apr 2026 5:00 AM,#1976d2
164M,M,36.99457,-122.10701,9 Apr 2026 9:00 AM,#1976d2
164M,M,36.99428,-122.10706,9 Apr 2026 1:00 PM,#1976d2
164M,M,36.99468,-122.10674,9 Apr 2026 5:00 PM,#1976d2
164M,M,36.99438,-122.1069,9 Apr 2026 9:00 PM,#1976d2
164M,M,36.98949,-122.11227,10 Apr 2026 5:00 AM,#1976d2
164M,M,36.99926,-122.12444,10 Apr 2026 9:00 PM,#1976d2
164M,M,37.00664,-122.11391,11 Apr 2026 1:00 AM,#1976d2
164M,M,37.00716,-122.09774,11 Apr 2026 5:00 AM,#1976d2
164M,M,37.0144,-122.09716,11 Apr 2026 9:00 AM,#1976d2
164M,M,37.05951,-122.08302,12 Apr 2026 5:00 AM,#1976d2
164M,M,37.06057,-122.08775,13 Apr 2026 1:00 AM,#1976d2
164M,M,37.06063,-122.08768,13 Apr 2026 5:00 AM,#1976d2
164M,M,37.06117,-122.09049,13 Apr 2026 1:00 PM,#1976d2
164M,M,37.08401,-122.09373,13 Apr 2026 9:00 PM,#1976d2
164M,M,37.15518,-122.03356,14 Apr 2026 9:00 AM,#1976d2
164M,M,37.15757,-122.03059,14 Apr 2026 1:00 PM,#1976d2
164M,M,37.15392,-122.0076,14 Apr 2026 5:00 PM,#1976d2
164M,M,37.15162,-122.00434,14 Apr 2026 9:00 PM,#1976d2
164M,M,37.14731,-122.00136,15 Apr 2026 5:00 AM,#1976d2
164M,M,37.14668,-122.00167,15 Apr 2026 9:00 AM,#1976d2
164M,M,37.14591,-122.00139,15 Apr 2026 1:00 PM,#1976d2
164M,M,37.14711,-121.99764,15 Apr 2026 5:00 PM,#1976d2
164M,M,37.14763,-122.0016,15 Apr 2026 9:00 PM,#1976d2
164M,M,37.14668,-122.00404,16 Apr 2026 1:00 AM,#1976d2
164M,M,37.14692,-122.0043,16 Apr 2026 5:00 AM,#1976d2
164M,M,37.14661,-122.00986,16 Apr 2026 9:00 AM,#1976d2
164M,M,37.1459,-122.00859,16 Apr 2026 1:00 PM,#1976d2
164M,M,37.14738,-122.007,16 Apr 2026 5:00 PM,#1976d2
164M,M,37.1521,-122.00464,16 Apr 2026 9:00 PM,#1976d2
164M,M,37.15821,-122.00865,17 Apr 2026 1:00 AM,#1976d2
164M,M,37.15737,-122.00587,17 Apr 2026 5:00 AM,#1976d2
164M,M,37.15411,-122.00616,17 Apr 2026 9:00 AM,#1976d2
164M,M,37.15352,-122.00774,17 Apr 2026 1:00 PM,#1976d2
164M,M,37.15387,-122.00697,17 Apr 2026 5:00 PM,#1976d2
164M,M,37.15818,-122.00864,17 Apr 2026 9:00 PM,#1976d2
164M,M,37.15816,-122.00861,18 Apr 2026 1:00 AM,#1976d2
164M,M,37.15815,-122.00863,18 Apr 2026 5:00 AM,#1976d2
164M,M,37.15807,-122.00883,18 Apr 2026 9:00 AM,#1976d2
164M,M,37.15792,-122.00887,18 Apr 2026 1:00 PM,#1976d2
164M,M,37.15791,-122.00887,18 Apr 2026 5:00 PM,#1976d2
164M,M,37.15792,-122.00872,18 Apr 2026 9:00 PM,#1976d2
164M,M,37.15803,-122.00859,19 Apr 2026 1:00 AM,#1976d2
164M,M,37.15811,-122.0087,19 Apr 2026 5:00 AM,#1976d2
164M,M,37.15789,-122.00876,19 Apr 2026 1:00 PM,#1976d2
164M,M,37.15786,-122.0089,19 Apr 2026 5:00 PM,#1976d2
164M,M,37.15713,-122.00867,19 Apr 2026 9:00 PM,#1976d2
164M,M,37.17389,-122.00315,20 Apr 2026 1:00 AM,#1976d2
164M,M,37.15669,-122.01006,20 Apr 2026 5:00 AM,#1976d2
164M,M,37.15792,-122.00882,20 Apr 2026 1:00 PM,#1976d2
164M,M,37.15785,-122.00885,20 Apr 2026 5:00 PM,#1976d2
164M,M,37.1582,-122.00828,21 Apr 2026 1:00 AM,#1976d2
164M,M,37.15821,-122.00826,21 Apr 2026 5:00 AM,#1976d2
164M,M,37.15813,-122.00826,21 Apr 2026 9:00 AM,#1976d2
164M,M,37.15801,-122.00882,21 Apr 2026 1:00 PM,#1976d2
164M,M,37.15815,-122.00829,21 Apr 2026 5:00 PM,#1976d2
164M,M,37.1582,-122.00825,21 Apr 2026 9:00 PM,#1976d2
164M,M,37.15818,-122.00827,22 Apr 2026 1:00 AM,#1976d2
164M,M,37.15821,-122.00831,22 Apr 2026 5:00 AM,#1976d2
164M,M,37.1582,-122.00828,22 Apr 2026 9:00 AM,#1976d2
164M,M,37.15818,-122.00829,22 Apr 2026 1:00 PM,#1976d2
164M,M,37.15823,-122.00826,22 Apr 2026 5:00 PM,#1976d2
164M,M,37.15821,-122.00826,22 Apr 2026 9:00 PM,#1976d2
164M,M,37.15803,-122.00873,23 Apr 2026 1:00 AM,#1976d2
164M,M,37.15819,-122.00826,23 Apr 2026 5:00 AM,#1976d2
164M,M,37.15818,-122.00828,23 Apr 2026 9:00 AM,#1976d2
164M,M,37.15799,-122.00876,23 Apr 2026 1:00 PM,#1976d2
164M,M,37.15802,-122.00874,23 Apr 2026 5:00 PM,#1976d2
164M,M,37.15809,-122.00874,23 Apr 2026 9:00 PM,#1976d2
164M,M,37.15813,-122.00864,24 Apr 2026 1:00 AM,#1976d2
164M,M,37.14721,-122.0025,24 Apr 2026 5:00 AM,#1976d2
164M,M,37.14697,-122.00999,24 Apr 2026 9:00 AM,#1976d2
164M,M,37.14688,-122.01028,24 Apr 2026 1:00 PM,#1976d2
164M,M,37.14695,-122.01042,24 Apr 2026 5:00 PM,#1976d2
164M,M,37.15965,-122.02781,24 Apr 2026 9:00 PM,#1976d2
164M,M,37.13832,-122.02828,25 Apr 2026 1:00 AM,#1976d2
164M,M,37.11003,-122.0135,25 Apr 2026 9:00 AM,#1976d2
164M,M,37.10696,-122.00882,25 Apr 2026 1:00 PM,#1976d2
164M,M,37.10444,-121.99746,25 Apr 2026 5:00 PM,#1976d2
164M,M,37.10334,-121.98294,26 Apr 2026 1:00 AM,#1976d2
164M,M,37.10342,-121.98306,26 Apr 2026 5:00 AM,#1976d2
164M,M,37.10624,-121.97837,26 Apr 2026 9:00 AM,#1976d2
164M,M,37.1072,-121.97947,26 Apr 2026 1:00 PM,#1976d2
164M,M,37.10711,-121.97943,26 Apr 2026 5:00 PM,#1976d2
164M,M,37.10684,-121.97966,26 Apr 2026 9:00 PM,#1976d2
164M,M,37.10662,-121.97961,27 Apr 2026 1:00 AM,#1976d2
164M,M,37.10648,-121.97974,27 Apr 2026 5:00 AM,#1976d2
164M,M,37.1072,-121.97958,27 Apr 2026 9:00 AM,#1976d2
164M,M,37.10717,-121.97954,27 Apr 2026 1:00 PM,#1976d2
164M,M,37.10781,-121.97987,27 Apr 2026 5:00 PM,#1976d2
164M,M,37.10714,-121.97955,27 Apr 2026 9:00 PM,#1976d2
164M,M,37.13186,-121.99038,28 Apr 2026 5:00 AM,#1976d2
164M,M,37.13185,-121.9903,28 Apr 2026 9:00 AM,#1976d2
164M,M,37.13298,-121.99327,28 Apr 2026 1:00 PM,#1976d2
164M,M,37.13299,-121.99358,28 Apr 2026 5:00 PM,#1976d2
164M,M,37.16873,-121.99995,29 Apr 2026 5:00 AM,#1976d2
164M,M,37.16899,-122.00052,29 Apr 2026 9:00 AM,#1976d2
164M,M,37.169,-122.0005,29 Apr 2026 1:00 PM,#1976d2
164M,M,37.16867,-122.00005,29 Apr 2026 5:00 PM,#1976d2
164M,M,37.16885,-122.00027,29 Apr 2026 9:00 PM,#1976d2
164M,M,37.15911,-121.99915,30 Apr 2026 5:00 AM,#1976d2
164M,M,37.15922,-121.99949,30 Apr 2026 5:00 PM,#1976d2
164M,M,37.11005,-122.00822,1 May 2026 5:00 AM,#1976d2
164M,M,37.10349,-121.99669,1 May 2026 1:00 PM,#1976d2
164M,M,37.10351,-121.99417,1 May 2026 5:00 PM,#1976d2
164M,M,37.10511,-121.98828,1 May 2026 9:00 PM,#1976d2
164M,M,37.10332,-121.97969,2 May 2026 1:00 AM,#1976d2
164M,M,37.10356,-121.97968,2 May 2026 5:00 AM,#1976d2
164M,M,37.10631,-121.98078,2 May 2026 9:00 AM,#1976d2
164M,M,37.10638,-121.98078,2 May 2026 1:00 PM,#1976d2
164M,M,37.10653,-121.98096,2 May 2026 5:00 PM,#1976d2
164M,M,37.10303,-121.97958,2 May 2026 9:00 PM,#1976d2
164M,M,37.07961,-121.98671,3 May 2026 5:00 AM,#1976d2
164M,M,37.07967,-121.98685,3 May 2026 9:00 AM,#1976d2
164M,M,37.08525,-121.99716,3 May 2026 1:00 PM,#1976d2
164M,M,37.08995,-121.99895,3 May 2026 5:00 PM,#1976d2
164M,M,37.0833,-122.01224,4 May 2026 1:00 AM,#1976d2
164M,M,37.07854,-122.01363,4 May 2026 9:00 AM,#1976d2
164M,M,37.07871,-122.01443,4 May 2026 1:00 PM,#1976d2
164M,M,37.07864,-122.01448,4 May 2026 5:00 PM,#1976d2
164M,M,37.08366,-122.01817,4 May 2026 9:00 PM,#1976d2
164M,M,37.08371,-122.0181,5 May 2026 5:00 AM,#1976d2
164M,M,37.08432,-122.01814,5 May 2026 9:00 AM,#1976d2
164M,M,37.08551,-122.01827,5 May 2026 1:00 PM,#1976d2
164M,M,37.08552,-122.01825,5 May 2026 5:00 PM,#1976d2
164M,M,37.08735,-122.01933,5 May 2026 9:00 PM,#1976d2
164M,M,37.08429,-122.03361,6 May 2026 5:00 AM,#1976d2
164M,M,37.06331,-122.04391,6 May 2026 9:00 AM,#1976d2
164M,M,37.07233,-122.04414,6 May 2026 1:00 PM,#1976d2
164M,M,37.07673,-122.04156,6 May 2026 5:00 PM,#1976d2
164M,M,37.08337,-122.04192,6 May 2026 9:00 PM,#1976d2
164M,M,37.07678,-122.04167,7 May 2026 5:00 AM,#1976d2
164M,M,37.07685,-122.04172,7 May 2026 9:00 AM,#1976d2
164M,M,37.06524,-122.05069,7 May 2026 9:00 PM,#1976d2
164M,M,37.06383,-122.09262,8 May 2026 9:00 AM,#1976d2
164M,M,37.06386,-122.0926,8 May 2026 1:00 PM,#1976d2
164M,M,37.03906,-122.09703,9 May 2026 1:00 AM,#1976d2
164M,M,36.9929,-122.1043,9 May 2026 9:00 AM,#1976d2
164M,M,36.99373,-122.10713,9 May 2026 1:00 PM,#1976d2
164M,M,36.99337,-122.10678,9 May 2026 5:00 PM,#1976d2
164M,M,36.99103,-122.09143,9 May 2026 9:00 PM,#1976d2
164M,M,36.98577,-122.08556,10 May 2026 5:00 AM,#1976d2
164M,M,36.98585,-122.08597,10 May 2026 9:00 PM,#1976d2
164M,M,36.98925,-122.08405,11 May 2026 1:00 AM,#1976d2
164M,M,36.98981,-122.07832,11 May 2026 5:00 AM,#1976d2
164M,M,36.98897,-122.0776,11 May 2026 9:00 AM,#1976d2
164M,M,36.98829,-122.07745,11 May 2026 1:00 PM,#1976d2
164M,M,37.00749,-122.08866,12 May 2026 5:00 AM,#1976d2
164M,M,37.00755,-122.08839,12 May 2026 5:00 PM,#1976d2
164M,M,37.00753,-122.08855,12 May 2026 9:00 PM,#1976d2
164M,M,37.00769,-122.08839,13 May 2026 5:00 AM,#1976d2
164M,M,37.00767,-122.08829,13 May 2026 9:00 AM,#1976d2
164M,M,37.00752,-122.08821,13 May 2026 1:00 PM,#1976d2
164M,M,37.00755,-122.08851,13 May 2026 9:00 PM,#1976d2
164M,M,37.00757,-122.08855,14 May 2026 5:00 AM,#1976d2
164M,M,37.00753,-122.08825,14 May 2026 9:00 AM,#1976d2
164M,M,37.00763,-122.08858,14 May 2026 9:00 PM,#1976d2
164M,M,37.0075,-122.0872,15 May 2026 1:00 AM,#1976d2
164M,M,37.00757,-122.08853,15 May 2026 5:00 AM,#1976d2
164M,M,37.00779,-122.08839,15 May 2026 9:00 AM,#1976d2
164M,M,37.00764,-122.08838,15 May 2026 1:00 PM,#1976d2
164M,M,37.00782,-122.08836,15 May 2026 5:00 PM,#1976d2
164M,M,37.00759,-122.08852,15 May 2026 9:00 PM,#1976d2
164M,M,37.01016,-122.0921,16 May 2026 5:00 AM,#1976d2
164M,M,37.0155,-122.09686,16 May 2026 9:00 AM,#1976d2
164M,M,37.01512,-122.09735,16 May 2026 1:00 PM,#1976d2
164M,M,37.0152,-122.0975,16 May 2026 5:00 PM,#1976d2
164M,M,37.02539,-122.1236,16 May 2026 9:00 PM,#1976d2
164M,M,37.01363,-122.11128,17 May 2026 1:00 AM,#1976d2
164M,M,37.01363,-122.11131,17 May 2026 5:00 AM,#1976d2
164M,M,37.01179,-122.10491,17 May 2026 9:00 AM,#1976d2
164M,M,37.01135,-122.10493,17 May 2026 1:00 PM,#1976d2
164M,M,36.99452,-122.1152,18 May 2026 5:00 AM,#1976d2
164M,M,36.98907,-122.13213,18 May 2026 1:00 PM,#1976d2
164M,M,36.99118,-122.07854,19 May 2026 5:00 AM,#1976d2
164M,M,36.99112,-122.07863,19 May 2026 9:00 AM,#1976d2
164M,M,36.9906,-122.07832,19 May 2026 1:00 PM,#1976d2
164M,M,36.99045,-122.07841,19 May 2026 5:00 PM,#1976d2
164M,M,36.99104,-122.07855,19 May 2026 9:00 PM,#1976d2
164M,M,36.98905,-122.07788,20 May 2026 1:00 AM,#1976d2
164M,M,36.99255,-122.08109,20 May 2026 5:00 AM,#1976d2
164M,M,36.99244,-122.08306,20 May 2026 9:00 AM,#1976d2
164M,M,36.99176,-122.08253,21 May 2026 1:00 AM,#1976d2
164M,M,36.99102,-122.08413,21 May 2026 5:00 AM,#1976d2
164M,M,36.98478,-122.09109,21 May 2026 9:00 AM,#1976d2
164M,M,36.99513,-122.09184,21 May 2026 9:00 PM,#1976d2
164M,M,37.02164,-122.11199,22 May 2026 1:00 AM,#1976d2
164M,M,37.05656,-122.09049,22 May 2026 5:00 AM,#1976d2
164M,M,37.06365,-122.09215,22 May 2026 9:00 AM,#1976d2
164M,M,37.0636,-122.0921,22 May 2026 1:00 PM,#1976d2
164M,M,37.06359,-122.09208,22 May 2026 5:00 PM,#1976d2
164M,M,37.06581,-122.08513,22 May 2026 9:00 PM,#1976d2
164M,M,37.10854,-122.01485,23 May 2026 5:00 AM,#1976d2
164M,M,37.10889,-122.01434,23 May 2026 9:00 AM,#1976d2
164M,M,37.10915,-122.014,23 May 2026 1:00 PM,#1976d2
164M,M,37.10891,-122.01389,23 May 2026 5:00 PM,#1976d2
164M,M,37.10888,-122.014,23 May 2026 9:00 PM,#1976d2
164M,M,37.10895,-122.01401,24 May 2026 1:00 AM,#1976d2
164M,M,37.13069,-121.99417,24 May 2026 5:00 AM,#1976d2
164M,M,37.13184,-121.99364,24 May 2026 9:00 AM,#1976d2
164M,M,37.13193,-121.99368,24 May 2026 1:00 PM,#1976d2
164M,M,37.13704,-121.9968,24 May 2026 9:00 PM,#1976d2
164M,M,37.18236,-122.03658,25 May 2026 9:00 AM,#1976d2
164M,M,37.18327,-122.03548,25 May 2026 1:00 PM,#1976d2
164M,M,37.18338,-122.03494,25 May 2026 5:00 PM,#1976d2
164M,M,37.18154,-122.03552,25 May 2026 9:00 PM,#1976d2
164M,M,37.18213,-122.03503,26 May 2026 5:00 AM,#1976d2
164M,M,37.18203,-122.03489,26 May 2026 9:00 AM,#1976d2
164M,M,37.18207,-122.03509,26 May 2026 1:00 PM,#1976d2
164M,M,37.18211,-122.03525,26 May 2026 5:00 PM,#1976d2
164M,M,37.18421,-122.03658,26 May 2026 9:00 PM,#1976d2
164M,M,37.19788,-122.0213,27 May 2026 5:00 AM,#1976d2
164M,M,37.20447,-122.01573,27 May 2026 9:00 AM,#1976d2
164M,M,37.20583,-122.02158,27 May 2026 1:00 PM,#1976d2
164M,M,37.20579,-122.02159,27 May 2026 5:00 PM,#1976d2
164M,M,37.2095,-122.01022,28 May 2026 1:00 AM,#1976d2
164M,M,37.21572,-122.007,28 May 2026 5:00 AM,#1976d2
164M,M,37.22404,-122.00679,28 May 2026 1:00 PM,#1976d2
164M,M,37.22392,-122.00677,28 May 2026 5:00 PM,#1976d2
164M,M,37.22393,-122.00671,28 May 2026 9:00 PM,#1976d2
164M,M,37.21833,-122.00866,29 May 2026 9:00 AM,#1976d2
164M,M,37.21781,-122.00431,29 May 2026 1:00 PM,#1976d2
164M,M,37.21349,-122.00309,29 May 2026 5:00 PM,#1976d2
164M,M,37.21464,-121.9922,30 May 2026 1:00 AM,#1976d2
164M,M,37.20742,-121.99306,30 May 2026 5:00 AM,#1976d2
164M,M,37.2056,-121.99811,30 May 2026 9:00 AM,#1976d2
164M,M,37.201,-122.00153,30 May 2026 1:00 PM,#1976d2
164M,M,37.20085,-122.00165,30 May 2026 5:00 PM,#1976d2
164M,M,37.19277,-122.03268,31 May 2026 1:00 AM,#1976d2
164M,M,37.17423,-122.01203,31 May 2026 5:00 AM,#1976d2
164M,M,37.16372,-121.99899,31 May 2026 1:00 PM,#1976d2
164M,M,37.16373,-121.9989,31 May 2026 5:00 PM,#1976d2
164M,M,37.1579,-122.00456,31 May 2026 9:00 PM,#1976d2
164M,M,37.13633,-122.00201,1 Jun 2026 1:00 AM,#1976d2
164M,M,37.1364,-122.00127,1 Jun 2026 5:00 AM,#1976d2
164M,M,37.13632,-122.00146,1 Jun 2026 9:00 AM,#1976d2
164M,M,37.13658,-122.00231,1 Jun 2026 1:00 PM,#1976d2
164M,M,37.13643,-122.00146,1 Jun 2026 5:00 PM,#1976d2
164M,M,37.13642,-122.00141,1 Jun 2026 9:00 PM,#1976d2
164M,M,37.13719,-122.00121,2 Jun 2026 1:00 AM,#1976d2
164M,M,37.13645,-122.00128,2 Jun 2026 5:00 PM,#1976d2
164M,M,37.1364,-122.00128,3 Jun 2026 1:00 AM,#1976d2
164M,M,37.13654,-122.00177,3 Jun 2026 1:00 PM,#1976d2
164M,M,37.13638,-122.00148,3 Jun 2026 5:00 PM,#1976d2
164M,M,37.13625,-122.00131,3 Jun 2026 9:00 PM,#1976d2
164M,M,37.13722,-122.00121,4 Jun 2026 1:00 AM,#1976d2
164M,M,37.13682,-122.00137,4 Jun 2026 5:00 AM,#1976d2
164M,M,37.13719,-122.00126,4 Jun 2026 9:00 AM,#1976d2
164M,M,37.13646,-122.00172,4 Jun 2026 1:00 PM,#1976d2
164M,M,37.13652,-122.0012,4 Jun 2026 5:00 PM,#1976d2
164M,M,37.13723,-122.00121,5 Jun 2026 1:00 AM,#1976d2
164M,M,37.13548,-121.99538,5 Jun 2026 9:00 AM,#1976d2
164M,M,37.1354,-121.99548,5 Jun 2026 5:00 PM,#1976d2
164M,M,37.13831,-121.99323,5 Jun 2026 9:00 PM,#1976d2
164M,M,37.15894,-122.01021,6 Jun 2026 1:00 AM,#1976d2
164M,M,37.16301,-122.00745,6 Jun 2026 5:00 AM,#1976d2
164M,M,37.16316,-122.00727,6 Jun 2026 9:00 AM,#1976d2
164M,M,37.16319,-122.00732,6 Jun 2026 1:00 PM,#1976d2
164M,M,37.16319,-122.00738,6 Jun 2026 9:00 PM,#1976d2
164M,M,37.16312,-122.00742,7 Jun 2026 1:00 AM,#1976d2
164M,M,37.17398,-122.00325,7 Jun 2026 9:00 AM,#1976d2
164M,M,37.17392,-122.00322,7 Jun 2026 1:00 PM,#1976d2
164M,M,37.17704,-122.00232,7 Jun 2026 5:00 PM,#1976d2
164M,M,37.17909,-122.00366,7 Jun 2026 9:00 PM,#1976d2
164M,M,37.1574,-122.03062,8 Jun 2026 1:00 AM,#1976d2
164M,M,37.14785,-122.03563,8 Jun 2026 5:00 AM,#1976d2
164M,M,37.14864,-122.03648,8 Jun 2026 9:00 AM,#1976d2
164M,M,37.13598,-122.03153,8 Jun 2026 1:00 PM,#1976d2
164M,M,37.1319,-122.0262,8 Jun 2026 5:00 PM,#1976d2
164M,M,37.12379,-122.01262,9 Jun 2026 1:00 AM,#1976d2
164M,M,37.12259,-122.01304,9 Jun 2026 5:00 AM,#1976d2
164M,M,37.1226,-122.01289,9 Jun 2026 9:00 AM,#1976d2
164M,M,37.12255,-122.01293,9 Jun 2026 5:00 PM,#1976d2
164M,M,37.1226,-122.01298,9 Jun 2026 9:00 PM,#1976d2
164M,M,37.12258,-122.01289,10 Jun 2026 5:00 AM,#1976d2
164M,M,37.12259,-122.01308,10 Jun 2026 9:00 AM,#1976d2
164M,M,37.12213,-122.01297,10 Jun 2026 1:00 PM,#1976d2
164M,M,37.12197,-122.01274,10 Jun 2026 5:00 PM,#1976d2
164M,M,37.12242,-122.01265,10 Jun 2026 9:00 PM,#1976d2
164M,M,37.12235,-122.0132,11 Jun 2026 1:00 AM,#1976d2
164M,M,37.12295,-122.01395,11 Jun 2026 9:00 AM,#1976d2
164M,M,37.09636,-121.9842,12 Jun 2026 1:00 AM,#1976d2
164M,M,37.08345,-121.99683,12 Jun 2026 9:00 AM,#1976d2
164M,M,37.08165,-121.99666,12 Jun 2026 5:00 PM,#1976d2
164M,M,37.08229,-121.99807,12 Jun 2026 9:00 PM,#1976d2
164M,M,37.05525,-122.01694,13 Jun 2026 9:00 AM,#1976d2
164M,M,37.05539,-122.01704,14 Jun 2026 5:00 AM,#1976d2
164M,M,37.05592,-122.01715,14 Jun 2026 1:00 PM,#1976d2
164M,M,37.05329,-122.01831,15 Jun 2026 1:00 AM,#1976d2
164M,M,37.05589,-122.01712,15 Jun 2026 5:00 PM,#1976d2
164M,M,37.05523,-122.01794,16 Jun 2026 5:00 AM,#1976d2
164M,M,37.0558,-122.01707,16 Jun 2026 9:00 AM,#1976d2
164M,M,37.05578,-122.01717,16 Jun 2026 5:00 PM,#1976d2
164M,M,37.05359,-122.01826,16 Jun 2026 9:00 PM,#1976d2
164M,M,37.04992,-122.02097,17 Jun 2026 1:00 AM,#1976d2
164M,M,36.98188,-122.0868,18 Jun 2026 9:00 AM,#1976d2
164M,M,36.98169,-122.08681,18 Jun 2026 1:00 PM,#1976d2
164M,M,36.98055,-122.08624,18 Jun 2026 5:00 PM,#1976d2
164M,M,37.00383,-122.08815,19 Jun 2026 5:00 AM,#1976d2
164M,M,36.99152,-122.10641,19 Jun 2026 5:00 PM,#1976d2
164M,M,36.98819,-122.10022,19 Jun 2026 9:00 PM,#1976d2
164M,M,37.0126,-122.04581,20 Jun 2026 5:00 AM,#1976d2
164M,M,37.01249,-122.04597,20 Jun 2026 9:00 AM,#1976d2
164M,M,37.01269,-122.04672,20 Jun 2026 1:00 PM,#1976d2
164M,M,37.01261,-122.04669,20 Jun 2026 9:00 PM,#1976d2
164M,M,37.01263,-122.04672,21 Jun 2026 5:00 AM,#1976d2
164M,M,37.01268,-122.04686,21 Jun 2026 9:00 AM,#1976d2
164M,M,37.01266,-122.04667,21 Jun 2026 9:00 PM,#1976d2
164M,M,37.01287,-122.04683,22 Jun 2026 1:00 AM,#1976d2
164M,M,37.01264,-122.04698,22 Jun 2026 5:00 PM,#1976d2
164M,M,37.01265,-122.04671,22 Jun 2026 9:00 PM,#1976d2
164M,M,37.01262,-122.04668,23 Jun 2026 1:00 AM,#1976d2
164M,M,37.01996,-122.03885,23 Jun 2026 9:00 AM,#1976d2
164M,M,37.01986,-122.03873,23 Jun 2026 1:00 PM,#1976d2
164M,M,37.02005,-122.03893,23 Jun 2026 5:00 PM,#1976d2
164M,M,37.02094,-122.01434,24 Jun 2026 5:00 AM,#1976d2
164M,M,37.0268,-122.01221,24 Jun 2026 9:00 AM,#1976d2
164M,M,37.0222,-122.01271,24 Jun 2026 1:00 PM,#1976d2
164M,M,37.01972,-122.01215,24 Jun 2026 5:00 PM,#1976d2
164M,M,37.02112,-122.01275,24 Jun 2026 9:00 PM,#1976d2
164M,M,37.02499,-121.9922,25 Jun 2026 1:00 AM,#1976d2
164M,M,37.01016,-121.97707,25 Jun 2026 5:00 AM,#1976d2
164M,M,37.01061,-121.97698,25 Jun 2026 9:00 AM,#1976d2
164M,M,37.01045,-121.97728,25 Jun 2026 1:00 PM,#1976d2
164M,M,37.0101,-121.97707,25 Jun 2026 9:00 PM,#1976d2
164M,M,37.0106,-121.98105,26 Jun 2026 5:00 AM,#1976d2
164M,M,37.01288,-121.9787,26 Jun 2026 9:00 AM,#1976d2
164M,M,37.01291,-121.97833,26 Jun 2026 1:00 PM,#1976d2
164M,M,37.02068,-121.97343,27 Jun 2026 1:00 AM,#1976d2
164M,M,37.02179,-121.97423,27 Jun 2026 5:00 PM,#1976d2
164M,M,37.0234,-121.97224,27 Jun 2026 9:00 PM,#1976d2
164M,M,37.06825,-121.88239,28 Jun 2026 1:00 PM,#1976d2
164M,M,37.06642,-121.86458,28 Jun 2026 9:00 PM,#1976d2
164M,M,37.05182,-121.85337,29 Jun 2026 5:00 AM,#1976d2
164M,M,37.0434,-121.85674,29 Jun 2026 5:00 PM,#1976d2
164M,M,37.04309,-121.85773,30 Jun 2026 1:00 AM,#1976d2
164M,M,37.0449,-121.85576,30 Jun 2026 5:00 AM,#1976d2
164M,M,37.04395,-121.85712,30 Jun 2026 1:00 PM,#1976d2
164M,M,37.05382,-121.86126,30 Jun 2026 5:00 PM,#1976d2
164M,M,37.0658,-121.87182,1 Jul 2026 9:00 AM,#1976d2
164M,M,37.0659,-121.87186,1 Jul 2026 1:00 PM,#1976d2
164M,M,37.07236,-121.86886,1 Jul 2026 9:00 PM,#1976d2
164M,M,37.06369,-121.84447,2 Jul 2026 1:00 AM,#1976d2
164M,M,37.05468,-121.8474,2 Jul 2026 5:00 AM,#1976d2
164M,M,37.0449,-121.86469,2 Jul 2026 1:00 PM,#1976d2
164M,M,37.03537,-121.86772,2 Jul 2026 5:00 PM,#1976d2
164M,M,37.00953,-121.88621,3 Jul 2026 1:00 AM,#1976d2
164M,M,37.00813,-121.90775,3 Jul 2026 9:00 AM,#1976d2
164M,M,37.00809,-121.90764,3 Jul 2026 1:00 PM,#1976d2
164M,M,37.00807,-121.90785,3 Jul 2026 5:00 PM,#1976d2
164M,M,36.99394,-121.90265,4 Jul 2026 1:00 AM,#1976d2
164M,M,36.98042,-121.90513,4 Jul 2026 5:00 AM,#1976d2
164M,M,36.98458,-121.90724,4 Jul 2026 1:00 PM,#1976d2
164M,M,36.98982,-121.89733,5 Jul 2026 1:00 AM,#1976d2
164M,M,36.98998,-121.89712,5 Jul 2026 5:00 AM,#1976d2
164M,M,36.99136,-121.89668,5 Jul 2026 9:00 AM,#1976d2
164M,M,36.9912,-121.89678,5 Jul 2026 5:00 PM,#1976d2
164M,M,36.99126,-121.89661,5 Jul 2026 9:00 PM,#1976d2
164M,M,36.99112,-121.89687,6 Jul 2026 1:00 AM,#1976d2
164M,M,36.99133,-121.89671,6 Jul 2026 5:00 AM,#1976d2
164M,M,36.99041,-121.89838,6 Jul 2026 5:00 PM,#1976d2
164M,M,36.99873,-121.90099,6 Jul 2026 9:00 PM,#1976d2
164M,M,37.00858,-121.90258,7 Jul 2026 1:00 AM,#1976d2
164M,M,37.02665,-121.89739,7 Jul 2026 1:00 PM,#1976d2
164M,M,37.02858,-121.89447,7 Jul 2026 5:00 PM,#1976d2
164M,M,37.00785,-121.93434,8 Jul 2026 5:00 AM,#1976d2
164M,M,37.0077,-121.93433,8 Jul 2026 9:00 AM,#1976d2
164M,M,37.00826,-121.93456,8 Jul 2026 1:00 PM,#1976d2
164M,M,37.00817,-121.9343,8 Jul 2026 9:00 PM,#1976d2
164M,M,37.00834,-121.93394,9 Jul 2026 1:00 AM,#1976d2
164M,M,37.01099,-121.93159,9 Jul 2026 5:00 AM,#1976d2
164M,M,37.01036,-121.93108,9 Jul 2026 9:00 AM,#1976d2
164M,M,37.01022,-121.93106,9 Jul 2026 1:00 PM,#1976d2
164M,M,37.01018,-121.9313,9 Jul 2026 5:00 PM,#1976d2
164M,M,37.00994,-121.93107,9 Jul 2026 9:00 PM,#1976d2
164M,M,37.01576,-121.92712,10 Jul 2026 1:00 AM,#1976d2
164M,M,36.99984,-121.94362,11 Jul 2026 9:00 AM,#1976d2
164M,M,37.00108,-121.94109,11 Jul 2026 1:00 PM,#1976d2
164M,M,37.00069,-121.94114,11 Jul 2026 5:00 PM,#1976d2
164M,M,37.00106,-121.94064,11 Jul 2026 9:00 PM,#1976d2
164M,M,37.01134,-121.93549,12 Jul 2026 1:00 AM,#1976d2
164M,M,37.02986,-121.91878,12 Jul 2026 5:00 AM,#1976d2
164M,M,37.01039,-121.90942,12 Jul 2026 9:00 PM,#1976d2
164M,M,36.99347,-121.95609,13 Jul 2026 5:00 AM,#1976d2
164M,M,36.99512,-121.95557,13 Jul 2026 5:00 PM,#1976d2
164M,M,36.99438,-121.95579,14 Jul 2026 1:00 AM,#1976d2
164M,M,37.00248,-121.93839,15 Jul 2026 9:00 AM,#1976d2
164M,M,37.00246,-121.93837,15 Jul 2026 1:00 PM,#1976d2
164M,M,37.02067,-121.90884,16 Jul 2026 1:00 AM,#1976d2
164M,M,37.01978,-121.90277,16 Jul 2026 5:00 AM,#1976d2
164M,M,37.0219,-121.89529,16 Jul 2026 9:00 AM,#1976d2
164M,M,37.02193,-121.89535,16 Jul 2026 5:00 PM,#1976d2
164M,M,37.01818,-121.89809,16 Jul 2026 9:00 PM,#1976d2
164M,M,36.98863,-121.89947,17 Jul 2026 5:00 AM,#1976d2
164M,M,36.98978,-121.89812,17 Jul 2026 9:00 AM,#1976d2
164M,M,36.98989,-121.89829,17 Jul 2026 1:00 PM,#1976d2
164M,M,36.98968,-121.89818,17 Jul 2026 5:00 PM,#1976d2
164M,M,36.99385,-121.89727,17 Jul 2026 9:00 PM,#1976d2
164M,M,37.00539,-121.88563,18 Jul 2026 1:00 AM,#1976d2
164M,M,37.02196,-121.89184,18 Jul 2026 5:00 AM,#1976d2
164M,M,37.02066,-121.89541,18 Jul 2026 9:00 AM,#1976d2
164M,M,37.02143,-121.89676,18 Jul 2026 5:00 PM,#1976d2
164M,M,37.02137,-121.89672,18 Jul 2026 9:00 PM,#1976d2
164M,M,37.0199,-121.89262,19 Jul 2026 1:00 AM,#1976d2
164M,M,37.02079,-121.89182,19 Jul 2026 5:00 AM,#1976d2
164M,M,37.02127,-121.89823,19 Jul 2026 9:00 AM,#1976d2
164M,M,37.02115,-121.89799,19 Jul 2026 1:00 PM,#1976d2
164M,M,37.01885,-121.89249,20 Jul 2026 1:00 AM,#1976d2
164M,M,37.02346,-121.89373,20 Jul 2026 9:00 AM,#1976d2
164M,M,37.04662,-121.87591,21 Jul 2026 9:00 AM,#1976d2
164M,M,37.06079,-121.86633,21 Jul 2026 5:00 PM,#1976d2
164M,M,37.07235,-121.85847,21 Jul 2026 9:00 PM,#1976d2
164M,M,37.00389,-121.8194,22 Jul 2026 5:00 AM,#1976d2
164M,M,37.00373,-121.82053,22 Jul 2026 9:00 AM,#1976d2
164M,M,37.00372,-121.82066,22 Jul 2026 1:00 PM,#1976d2
164M,M,37.00387,-121.82055,22 Jul 2026 5:00 PM,#1976d2
164M,M,37.01231,-121.82251,23 Jul 2026 5:00 AM,#1976d2
164M,M,37.01335,-121.82362,23 Jul 2026 9:00 AM,#1976d2
164M,M,37.01199,-121.82084,23 Jul 2026 5:00 PM,#1976d2
164M,M,37.01236,-121.82104,24 Jul 2026 5:00 AM,#1976d2
164M,M,37.01291,-121.81742,25 Jul 2026 5:00 AM,#1976d2
164M,M,37.01275,-121.81765,25 Jul 2026 1:00 PM,#1976d2
164M,M,37.01273,-121.81744,25 Jul 2026 5:00 PM,#1976d2
164M,M,37.0127,-121.81705,25 Jul 2026 9:00 PM,#1976d2
164M,M,37.01254,-121.81702,26 Jul 2026 1:00 AM,#1976d2
164M,M,37.01265,-121.81699,26 Jul 2026 5:00 AM,#1976d2
164M,M,37.01291,-121.81612,26 Jul 2026 5:00 PM,#1976d2
164M,M,37.0127,-121.81607,26 Jul 2026 9:00 PM,#1976d2
164M,M,37.01276,-121.81596,27 Jul 2026 1:00 AM,#1976d2
164M,M,37.01274,-121.81569,27 Jul 2026 5:00 AM,#1976d2
