Seconds,R_Time,Lat,Long,Animal_ID,Sex,Step_m,Interval_s,Speed_kmh,Heading,State_Num
0,2024-12-22 10:00:00,37.16276,-122.00568,164M,M,0.0,0,0.0,1.53496,1
43200,2024-12-22 22:00:00,37.16277,-122.00533,164M,M,31.0,43200,0.0026,3.36177,1
100800,2024-12-23 14:00:00,37.15376,-122.00786,164M,M,1026.6,57600,0.0642,3.27366,2
115200,2024-12-23 18:00:00,37.15364,-122.00788,164M,M,13.5,14400,0.0034,5.77898,1
129600,2024-12-23 22:00:00,37.15377,-122.00797,164M,M,16.5,14400,0.0041,3.20334,1
201600,2024-12-24 18:00:00,37.10733,-122.01157,164M,M,5173.7,72000,0.2587,5.10829,2
216000,2024-12-24 22:00:00,37.10735,-122.01163,164M,M,5.8,14400,0.0014,4.56148,1
259200,2024-12-25 10:00:00,37.09902,-122.08015,164M,M,6146.8,43200,0.5122,4.82282,3
273600,2024-12-25 14:00:00,37.09915,-122.08162,164M,M,131.2,14400,0.0328,4.33793,1
288000,2024-12-25 18:00:00,37.09736,-122.08733,164M,M,544.1,14400,0.136,5.89098,2
302400,2024-12-25 22:00:00,37.12238,-122.10031,164M,M,3010.8,14400,0.7527,5.86321,3
316800,2024-12-26 02:00:00,37.14637,-122.11375,164M,M,2921.5,14400,0.7304,0.21332,3
360000,2024-12-26 14:00:00,37.15406,-122.11166,164M,M,874.9,43200,0.0729,0.92561,2
374400,2024-12-26 18:00:00,37.15956,-122.10249,164M,M,1017.1,14400,0.2543,1.97894,2
446400,2024-12-27 14:00:00,37.15743,-122.09631,164M,M,596.7,72000,0.0298,2.49903,1
460800,2024-12-27 18:00:00,37.15595,-122.09492,164M,M,205.6,14400,0.0514,2.45039,2
475200,2024-12-27 22:00:00,37.14963,-122.08836,164M,M,912.1,14400,0.228,0.45105,2
489600,2024-12-28 02:00:00,37.16702,-122.07779,164M,M,2148.6,14400,0.5372,4.57729,3
504000,2024-12-28 06:00:00,37.16525,-122.09412,164M,M,1460.3,14400,0.3651,1.58543,2
532800,2024-12-28 14:00:00,37.16509,-122.08047,164M,M,1209.7,28800,0.1512,2.46875,2
547200,2024-12-28 18:00:00,37.16506,-122.08044,164M,M,4.3,14400,0.0011,4.40456,1
590400,2024-12-29 06:00:00,37.15392,-122.12437,164M,M,4085.3,43200,0.3404,2.80955,2
662400,2024-12-30 02:00:00,37.13429,-122.11588,164M,M,2308.8,72000,0.1154,0.52444,2
691200,2024-12-30 10:00:00,37.15457,-122.10116,164M,M,2605.3,28800,0.3257,1.40464,2
705600,2024-12-30 14:00:00,37.15548,-122.09435,164M,M,611.9,14400,0.153,3.89065,2
720000,2024-12-30 18:00:00,37.15536,-122.09449,164M,M,18.2,14400,0.0046,4.60334,1
734400,2024-12-30 22:00:00,37.15512,-122.09724,164M,M,245.2,14400,0.0613,1.66417,2
748800,2024-12-31 02:00:00,37.15409,-122.08345,164M,M,1227.5,14400,0.3069,1.36309,2
763200,2024-12-31 06:00:00,37.15635,-122.06999,164M,M,1219.0,14400,0.3048,3.0097,2
777600,2024-12-31 10:00:00,37.14896,-122.06876,164M,M,828.9,14400,0.2072,3.68039,2
792000,2024-12-31 14:00:00,37.1488,-122.06888,164M,M,20.7,14400,0.0052,2.63735,1
806400,2024-12-31 18:00:00,37.14867,-122.06879,164M,M,16.5,14400,0.0041,4.6706,1
820800,2024-12-31 22:00:00,37.14866,-122.06909,164M,M,26.6,14400,0.0067,2.08826,1
878400,2025-01-01 14:00:00,37.12828,-122.0242,164M,M,4579.2,57600,0.2862,2.2034,2
921600,2025-01-02 02:00:00,37.10299,-121.98096,164M,M,4754.8,43200,0.3962,0.37455,2
936000,2025-01-02 06:00:00,37.10581,-121.97957,164M,M,336.9,14400,0.0842,0.02975,2
950400,2025-01-02 10:00:00,37.10715,-121.97952,164M,M,149.1,14400,0.0373,1.1749,1
964800,2025-01-02 14:00:00,37.10719,-121.9794,164M,M,11.5,14400,0.0029,6.22739,1
993600,2025-01-02 22:00:00,37.10976,-121.97958,164M,M,286.2,28800,0.0358,3.85161,1
1036800,2025-01-03 10:00:00,37.07803,-122.01376,164M,M,4651.7,43200,0.3876,0.85953,2
1051200,2025-01-03 14:00:00,37.07825,-122.01344,164M,M,37.5,14400,0.0094,3.52116,1
1065600,2025-01-03 18:00:00,37.07819,-122.01347,164M,M,7.2,14400,0.0018,5.15984,1
1080000,2025-01-03 22:00:00,37.081,-122.02081,164M,M,722.2,14400,0.1806,4.0873,2
1094400,2025-01-04 02:00:00,37.07682,-122.02807,164M,M,794.3,14400,0.1986,5.09782,2
1108800,2025-01-04 06:00:00,37.08016,-122.03839,164M,M,988.0,14400,0.247,5.10507,2
1123200,2025-01-04 10:00:00,37.08054,-122.03954,164M,M,110.4,14400,0.0276,3.81498,1
1137600,2025-01-04 14:00:00,37.08048,-122.0396,164M,M,8.5,14400,0.0021,3.70813,1
1166400,2025-01-04 22:00:00,37.06387,-122.05284,164M,M,2188.8,28800,0.2736,4.55034,2
1180800,2025-01-05 02:00:00,37.06093,-122.07536,164M,M,2024.8,14400,0.5062,0.30273,3
1195200,2025-01-05 06:00:00,37.07904,-122.06827,164M,M,2109.7,14400,0.5274,0.15407,3
1209600,2025-01-05 10:00:00,37.08505,-122.0671,164M,M,676.3,14400,0.1691,2.42349,2
1224000,2025-01-05 14:00:00,37.08484,-122.06687,164M,M,31.0,14400,0.0078,6.14266,1
1238400,2025-01-05 18:00:00,37.09031,-122.06784,164M,M,614.3,14400,0.1536,5.03134,2
1252800,2025-01-05 22:00:00,37.09595,-122.08926,164M,M,2000.7,14400,0.5002,5.6775,3
1310400,2025-01-06 14:00:00,37.10826,-122.09995,164M,M,1665.1,57600,0.1041,5.89577,2
1339200,2025-01-06 22:00:00,37.13237,-122.11229,164M,M,2895.6,28800,0.3619,6.07089,2
1353600,2025-01-07 02:00:00,37.15182,-122.11755,164M,M,2212.4,14400,0.5531,1.41012,3
1368000,2025-01-07 06:00:00,37.15499,-122.09299,164M,M,2205.0,14400,0.5512,0.76507,3
1382400,2025-01-07 10:00:00,37.16553,-122.08029,164M,M,1624.9,14400,0.4062,6.0073,2
1396800,2025-01-07 14:00:00,37.16705,-122.08083,164M,M,175.7,14400,0.0439,3.66137,1
1411200,2025-01-07 18:00:00,37.15829,-122.08712,164M,M,1122.3,14400,0.2806,0.41525,2
1425600,2025-01-07 22:00:00,37.16655,-122.08255,164M,M,1003.8,14400,0.2509,1.27591,2
1468800,2025-01-08 10:00:00,37.17821,-122.03433,164M,M,4464.8,43200,0.3721,4.55677,2
1483200,2025-01-08 14:00:00,37.1782,-122.03441,164M,M,7.2,14400,0.0018,2.22715,1
1497600,2025-01-08 18:00:00,37.17588,-122.03063,164M,M,422.7,14400,0.1057,2.59598,2
1540800,2025-01-09 06:00:00,37.14958,-122.0106,164M,M,3420.9,43200,0.2851,6.09109,2
1555200,2025-01-09 10:00:00,37.15167,-122.01111,164M,M,236.8,14400,0.0592,6.16981,2
1569600,2025-01-09 14:00:00,37.15174,-122.01112,164M,M,7.8,14400,0.002,2.95823,1
1627200,2025-01-10 06:00:00,37.07826,-121.99404,164M,M,8309.8,57600,0.5194,5.92255,3
1641600,2025-01-10 10:00:00,37.08505,-121.99725,164M,M,806.9,14400,0.2017,1.01092,2
1656000,2025-01-10 14:00:00,37.08516,-121.99703,164M,M,23.0,14400,0.0058,3.14159,1
1670400,2025-01-10 18:00:00,37.08443,-121.99703,164M,M,81.2,14400,0.0203,4.77063,1
1684800,2025-01-10 22:00:00,37.08536,-122.01706,164M,M,1779.8,14400,0.4449,3.85681,2
1699200,2025-01-11 02:00:00,37.06229,-122.04217,164M,M,3397.5,14400,0.8494,4.52242,3
1713600,2025-01-11 06:00:00,37.05811,-122.06939,164M,M,2459.7,14400,0.6149,2.56016,3
1728000,2025-01-11 10:00:00,37.05658,-122.06813,164M,M,203.6,14400,0.0509,2.11552,2
1742400,2025-01-11 14:00:00,37.05614,-122.06722,164M,M,94.4,14400,0.0236,5.39593,1
1756800,2025-01-11 18:00:00,37.05848,-122.07082,164M,M,412.0,14400,0.103,3.73331,2
1771200,2025-01-11 22:00:00,37.05544,-122.07338,164M,M,407.3,14400,0.1018,2.76487,2
1785600,2025-01-12 02:00:00,37.05427,-122.0728,164M,M,139.9,14400,0.035,0.39612,1
1814400,2025-01-12 10:00:00,37.07657,-122.06111,164M,M,2687.8,28800,0.336,5.86261,2
1828800,2025-01-12 14:00:00,37.07789,-122.06185,164M,M,160.8,14400,0.0402,5.63021,1
1843200,2025-01-12 18:00:00,37.08056,-122.06441,164M,M,373.8,14400,0.0934,5.24873,2
1857600,2025-01-12 22:00:00,37.09399,-122.09274,164M,M,2923.2,14400,0.7308,5.8704,3
1900800,2025-01-13 10:00:00,37.12563,-122.11012,164M,M,3841.0,43200,0.3201,4.90143,2
1915200,2025-01-13 14:00:00,37.12572,-122.11071,164M,M,53.3,14400,0.0133,0.19329,1
1944000,2025-01-13 22:00:00,37.12906,-122.10989,164M,M,378.4,28800,0.0473,6.14897,1
1958400,2025-01-14 02:00:00,37.1437,-122.11237,164M,M,1642.7,14400,0.4107,0.22551,2
1987200,2025-01-14 10:00:00,37.17298,-122.10394,164M,M,3340.4,28800,0.4175,3.89053,2
2001600,2025-01-14 14:00:00,37.17292,-122.10401,164M,M,9.1,14400,0.0023,1.96133,1
2030400,2025-01-14 22:00:00,37.16465,-122.07881,164M,M,2414.8,28800,0.3019,0.42754,2
2044800,2025-01-15 02:00:00,37.17752,-122.07145,164M,M,1572.7,14400,0.3932,0.67277,2
2059200,2025-01-15 06:00:00,37.17757,-122.0714,164M,M,7.1,14400,0.0018,3.9681,1
2073600,2025-01-15 10:00:00,37.17564,-122.07403,164M,M,316.8,14400,0.0792,4.10352,2
2088000,2025-01-15 14:00:00,37.17554,-122.07421,164M,M,19.4,14400,0.0049,0.91315,1
2102400,2025-01-15 18:00:00,37.17562,-122.07408,164M,M,14.6,14400,0.0036,1.05348,1
2116800,2025-01-15 22:00:00,37.18386,-122.0559,164M,M,1853.0,14400,0.4633,1.60842,2
2145600,2025-01-16 06:00:00,37.18327,-122.03628,164M,M,1739.4,28800,0.2174,3.49349,2
2160000,2025-01-16 10:00:00,37.18212,-122.03681,164M,M,136.2,14400,0.0341,4.47034,1
2174400,2025-01-16 14:00:00,37.18128,-122.04108,164M,M,389.6,14400,0.0974,0.92396,2
2188800,2025-01-16 18:00:00,37.18199,-122.0399,164M,M,131.0,14400,0.0328,4.53188,1
2217600,2025-01-17 02:00:00,37.17816,-122.06622,164M,M,2370.4,28800,0.2963,1.89377,2
2232000,2025-01-17 06:00:00,37.17812,-122.06607,164M,M,14.0,14400,0.0035,3.96795,1
2246400,2025-01-17 10:00:00,37.16544,-122.08334,164M,M,2080.7,14400,0.5202,4.11742,3
2260800,2025-01-17 14:00:00,37.16311,-122.08766,164M,M,462.2,14400,0.1156,4.3424,2
2275200,2025-01-17 18:00:00,37.16294,-122.08821,164M,M,52.3,14400,0.0131,2.90456,1
2289600,2025-01-17 22:00:00,37.14928,-122.08407,164M,M,1562.6,14400,0.3907,4.81952,2
2304000,2025-01-18 02:00:00,37.15263,-122.12323,164M,M,3490.6,14400,0.8726,6.05552,3
2318400,2025-01-18 06:00:00,37.15693,-122.12448,164M,M,490.8,14400,0.1227,0.20587,2
2332800,2025-01-18 10:00:00,37.1588,-122.12399,164M,M,212.4,14400,0.0531,0.69078,2
2361600,2025-01-18 18:00:00,37.16041,-122.12232,164M,M,232.3,28800,0.029,2.26545,1
2376000,2025-01-18 22:00:00,37.15701,-122.1172,164M,M,590.6,14400,0.1476,1.20612,2
2390400,2025-01-19 02:00:00,37.16447,-122.09267,164M,M,2326.6,14400,0.5817,2.39161,3
2419200,2025-01-19 10:00:00,37.14602,-122.07111,164M,M,2803.5,28800,0.3504,2.06967,2
2433600,2025-01-19 14:00:00,37.13292,-122.04096,164M,M,3043.7,14400,0.7609,1.06557,3
2448000,2025-01-19 18:00:00,37.13348,-122.03969,164M,M,128.7,14400,0.0322,2.49423,1
2462400,2025-01-19 22:00:00,37.1087,-122.0162,164M,M,3454.0,14400,0.8635,2.64477,3
2520000,2025-01-20 14:00:00,37.08972,-122.0033,164M,M,2400.6,57600,0.15,3.75185,2
2548800,2025-01-20 22:00:00,37.05685,-122.0321,164M,M,4459.5,28800,0.5574,4.68973,3
2577600,2025-01-21 06:00:00,37.0562,-122.06774,164M,M,3163.5,28800,0.3954,0.18924,2
2592000,2025-01-21 10:00:00,37.05645,-122.06768,164M,M,28.3,14400,0.0071,3.90536,1
2606400,2025-01-21 14:00:00,37.0563,-122.06786,164M,M,23.1,14400,0.0058,5.15167,1
2620800,2025-01-21 18:00:00,37.05636,-122.06802,164M,M,15.7,14400,0.0039,5.29016,1
2635200,2025-01-21 22:00:00,37.05777,-122.07073,164M,M,287.1,14400,0.0718,4.53761,2
2649600,2025-01-22 02:00:00,37.05714,-122.0752,164M,M,402.8,14400,0.1007,1.52783,2
2664000,2025-01-22 06:00:00,37.05732,-122.06995,164M,M,466.3,14400,0.1166,1.78156,2
2678400,2025-01-22 10:00:00,37.05725,-122.06954,164M,M,37.2,14400,0.0093,4.35781,1
2692800,2025-01-22 14:00:00,37.05712,-122.06998,164M,M,41.6,14400,0.0104,2.8816,1
2707200,2025-01-22 18:00:00,37.05709,-122.06997,164M,M,3.5,14400,0.0009,5.67471,1
2721600,2025-01-22 22:00:00,37.06418,-122.07616,164M,M,960.8,14400,0.2402,5.69217,2
2736000,2025-01-23 02:00:00,37.07368,-122.08415,164M,M,1272.2,14400,0.318,0.54444,2
2764800,2025-01-23 10:00:00,37.09369,-122.06896,164M,M,2601.2,28800,0.3252,0.67331,2
2779200,2025-01-23 14:00:00,37.09377,-122.06888,164M,M,11.4,14400,0.0028,5.52767,1
2836800,2025-01-24 06:00:00,37.12252,-122.10285,164M,M,4392.5,57600,0.2745,0.60092,2
2865600,2025-01-24 14:00:00,37.14531,-122.08325,164M,M,3072.6,28800,0.3841,6.11916,2
2880000,2025-01-24 18:00:00,37.14714,-122.08363,164M,M,206.3,14400,0.0516,5.42544,2
2894400,2025-01-24 22:00:00,37.15559,-122.09589,164M,M,1436.5,14400,0.3591,4.37884,2
2937600,2025-01-25 10:00:00,37.15004,-122.11598,164M,M,1884.4,43200,0.157,0.81581,2
2952000,2025-01-25 14:00:00,37.15007,-122.11594,164M,M,4.9,14400,0.0012,3.52083,1
2966400,2025-01-25 18:00:00,37.14993,-122.11601,164M,M,16.8,14400,0.0042,1.47798,1
3009600,2025-01-26 06:00:00,37.15199,-122.0882,164M,M,2475.4,43200,0.2063,2.39251,2
3024000,2025-01-26 10:00:00,37.15193,-122.08813,164M,M,9.1,14400,0.0023,3.20871,1
3038400,2025-01-26 14:00:00,37.1511,-122.0882,164M,M,92.5,14400,0.0231,2.17094,1
3052800,2025-01-26 18:00:00,37.15104,-122.08809,164M,M,11.8,14400,0.003,1.63398,1
3067200,2025-01-26 22:00:00,37.14838,-122.03557,164M,M,4664.2,14400,1.166,1.29985,3
3081600,2025-01-27 02:00:00,37.15416,-122.00945,164M,M,2402.5,14400,0.6006,3.08392,3
3110400,2025-01-27 10:00:00,37.10581,-122.00595,164M,M,5385.2,28800,0.6732,5.01077,3
3124800,2025-01-27 14:00:00,37.10594,-122.00648,164M,M,49.2,14400,0.0123,0.78385,1
3139200,2025-01-27 18:00:00,37.10598,-122.00643,164M,M,6.3,14400,0.0016,4.17428,1
3153600,2025-01-27 22:00:00,37.0873,-122.04565,164M,M,4051.4,14400,1.0129,3.75435,3
3168000,2025-01-28 02:00:00,37.0678,-122.06283,164M,M,2650.4,14400,0.6626,3.64,3
3196800,2025-01-28 10:00:00,37.05843,-122.06922,164M,M,1186.2,28800,0.1483,5.78172,2
3268800,2025-01-29 06:00:00,37.10934,-122.10422,164M,M,6456.4,72000,0.3228,0.27398,2
3297600,2025-01-29 14:00:00,37.11161,-122.10342,164M,M,262.2,28800,0.0328,0.61664,1
3312000,2025-01-29 18:00:00,37.1117,-122.10334,164M,M,12.3,14400,0.0031,0.64552,1
3369600,2025-01-30 10:00:00,37.11188,-122.10317,164M,M,25.1,57600,0.0016,3.41595,1
3398400,2025-01-30 18:00:00,37.11171,-122.10323,164M,M,19.6,28800,0.0025,2.35116,1
3456000,2025-01-31 10:00:00,37.11156,-122.10304,164M,M,23.7,57600,0.0015,5.39086,1
3484800,2025-01-31 18:00:00,37.11165,-122.10318,164M,M,15.9,28800,0.002,0.81606,1
3556800,2025-02-01 14:00:00,37.11168,-122.10314,164M,M,4.9,72000,0.0002,2.81227,1
3585600,2025-02-01 22:00:00,37.11133,-122.10299,164M,M,41.1,28800,0.0051,5.73375,1
3643200,2025-02-02 14:00:00,37.11189,-122.10342,164M,M,73.0,57600,0.0046,2.8653,1
3715200,2025-02-03 10:00:00,37.11144,-122.10326,164M,M,52.0,72000,0.0026,5.75762,1
3859200,2025-02-05 02:00:00,37.11155,-122.10334,164M,M,14.1,144000,0.0004,4.06736,1
3873600,2025-02-05 06:00:00,37.11152,-122.10339,164M,M,5.5,14400,0.0014,0.36368,1
3888000,2025-02-05 10:00:00,37.11196,-122.10318,164M,M,52.3,14400,0.0131,3.17955,1
3902400,2025-02-05 14:00:00,37.11175,-122.10319,164M,M,23.4,14400,0.0058,0.44597,1
3945600,2025-02-06 02:00:00,37.13166,-122.09125,164M,M,2454.0,43200,0.2045,1.33983,2
3960000,2025-02-06 06:00:00,37.13752,-122.05997,164M,M,2848.4,14400,0.7121,1.19462,3
4032000,2025-02-07 02:00:00,37.15391,-122.00787,164M,M,4964.4,72000,0.2482,0.22749,2
4046400,2025-02-07 06:00:00,37.17174,-122.00269,164M,M,2035.0,14400,0.5088,4.10499,3
4060800,2025-02-07 10:00:00,37.17102,-122.00399,164M,M,140.3,14400,0.0351,4.42953,1
4075200,2025-02-07 14:00:00,37.16998,-122.00848,164M,M,414.3,14400,0.1036,5.28996,2
4104000,2025-02-07 22:00:00,37.18083,-122.02938,164M,M,2210.1,28800,0.2763,2.69973,2
4132800,2025-02-08 06:00:00,37.14691,-122.00925,164M,M,4172.3,28800,0.5215,3.3316,3
4147200,2025-02-08 10:00:00,37.12303,-122.01501,164M,M,2704.0,14400,0.676,1.81872,3
4161600,2025-02-08 14:00:00,37.12281,-122.01392,164M,M,99.7,14400,0.0249,3.14159,1
4176000,2025-02-08 18:00:00,37.1228,-122.01392,164M,M,1.1,14400,0.0003,3.00481,1
4204800,2025-02-09 02:00:00,37.09423,-122.00899,164M,M,3206.8,28800,0.4008,2.77402,2
4219200,2025-02-09 06:00:00,37.09394,-122.00885,164M,M,34.6,14400,0.0086,1.28584,1
4233600,2025-02-09 10:00:00,37.09419,-122.00778,164M,M,98.9,14400,0.0247,4.92889,1
4248000,2025-02-09 14:00:00,37.09439,-122.00892,164M,M,103.5,14400,0.0259,2.83274,1
4262400,2025-02-09 18:00:00,37.09429,-122.00888,164M,M,11.7,14400,0.0029,3.08468,1
4276800,2025-02-09 22:00:00,37.09415,-122.00887,164M,M,15.6,14400,0.0039,3.87294,1
4305600,2025-02-10 06:00:00,37.09407,-122.00896,164M,M,12.0,28800,0.0015,0.23765,1
4320000,2025-02-10 10:00:00,37.10454,-122.00578,164M,M,1197.9,14400,0.2995,3.14159,2
4334400,2025-02-10 14:00:00,37.10453,-122.00578,164M,M,1.1,14400,0.0003,0.17756,1
4348800,2025-02-10 18:00:00,37.10493,-122.00569,164M,M,45.2,14400,0.0113,5.32581,1
4377600,2025-02-11 02:00:00,37.15035,-122.08668,164M,M,8778.5,28800,1.0973,5.55505,3
4392000,2025-02-11 06:00:00,37.17253,-122.1115,164M,M,3304.6,14400,0.8261,4.93812,3
4406400,2025-02-11 10:00:00,37.17296,-122.11385,164M,M,213.6,14400,0.0534,2.13119,2
4420800,2025-02-11 14:00:00,37.17295,-122.11383,164M,M,2.1,14400,0.0005,5.22852,1
4435200,2025-02-11 18:00:00,37.1738,-122.11571,164M,M,191.5,14400,0.0479,3.104,1
4464000,2025-02-12 02:00:00,37.15579,-122.11486,164M,M,2004.0,28800,0.2505,3.48469,2
4507200,2025-02-12 14:00:00,37.13816,-122.12276,164M,M,2081.7,43200,0.1735,3.61967,2
4521600,2025-02-12 18:00:00,37.13796,-122.12289,164M,M,25.0,14400,0.0063,2.56732,1
4536000,2025-02-12 22:00:00,37.13329,-122.1191,164M,M,618.5,14400,0.1546,0.75551,2
4608000,2025-02-13 18:00:00,37.14248,-122.10824,164M,M,1403.9,72000,0.0702,5.95992,2
4622400,2025-02-13 22:00:00,37.14524,-122.1094,164M,M,323.7,14400,0.0809,2.77346,2
4651200,2025-02-14 06:00:00,37.14276,-122.1082,164M,M,295.6,28800,0.0369,3.39399,1
4665600,2025-02-14 10:00:00,37.14242,-122.10831,164M,M,39.0,14400,0.0098,6.24524,1
4694400,2025-02-14 18:00:00,37.14263,-122.10832,164M,M,23.4,28800,0.0029,0.68546,1
4708800,2025-02-14 22:00:00,37.14379,-122.10713,164M,M,166.6,14400,0.0417,2.51451,1
4723200,2025-02-15 02:00:00,37.14368,-122.10703,164M,M,15.1,14400,0.0038,1.50102,1
4752000,2025-02-15 10:00:00,37.14422,-122.09733,164M,M,861.9,28800,0.1077,1.01057,2
4766400,2025-02-15 14:00:00,37.14423,-122.09731,164M,M,2.1,14400,0.0005,4.91851,1
4780800,2025-02-15 18:00:00,37.14424,-122.09737,164M,M,5.4,14400,0.0014,0.32781,1
4795200,2025-02-15 22:00:00,37.1557,-122.09248,164M,M,1346.0,14400,0.3365,2.60496,2
4838400,2025-02-16 10:00:00,37.12436,-122.0691,164M,M,4054.5,43200,0.3379,2.72928,2
4852800,2025-02-16 14:00:00,37.1223,-122.06797,164M,M,250.0,14400,0.0625,1.10179,2
4867200,2025-02-16 18:00:00,37.12974,-122.04955,164M,M,1830.7,14400,0.4577,0.47107,2
4881600,2025-02-16 22:00:00,37.15595,-122.0328,164M,M,3270.8,14400,0.8177,1.16846,3
4924800,2025-02-17 10:00:00,37.16676,-122.00091,164M,M,3071.0,43200,0.2559,4.07885,2
4939200,2025-02-17 14:00:00,37.16323,-122.00694,164M,M,663.0,14400,0.1658,3.28736,2
4953600,2025-02-17 18:00:00,37.16095,-122.00736,164M,M,256.2,14400,0.0641,2.64657,2
4968000,2025-02-17 22:00:00,37.14425,-121.99605,164M,M,2110.2,14400,0.5276,2.92642,3
4982400,2025-02-18 02:00:00,37.13597,-121.99378,164M,M,942.4,14400,0.2356,3.22091,2
5011200,2025-02-18 10:00:00,37.10406,-121.99696,164M,M,3559.4,28800,0.4449,3.9577,2
5025600,2025-02-18 14:00:00,37.10403,-121.997,164M,M,4.9,14400,0.0012,1.96668,1
5040000,2025-02-18 18:00:00,37.10402,-121.99697,164M,M,2.9,14400,0.0007,4.57224,1
5112000,2025-02-19 14:00:00,37.0961,-122.06717,164M,M,6287.8,72000,0.3144,5.46702,2
5126400,2025-02-19 18:00:00,37.09616,-122.06725,164M,M,9.7,14400,0.0024,5.08605,1
5140800,2025-02-19 22:00:00,37.09949,-122.0779,164M,M,1014.5,14400,0.2536,5.8403,2
5155200,2025-02-20 02:00:00,37.12294,-122.09185,164M,M,2886.1,14400,0.7215,5.16436,3
5169600,2025-02-20 06:00:00,37.1233,-122.09278,164M,M,91.7,14400,0.0229,0.30628,1
5184000,2025-02-20 10:00:00,37.13593,-122.08777,164M,M,1473.0,14400,0.3682,0.68138,2
5198400,2025-02-20 14:00:00,37.1417,-122.0819,164M,M,826.1,14400,0.2065,5.98908,2
5227200,2025-02-20 22:00:00,37.15946,-122.08865,164M,M,2063.4,28800,0.2579,4.74395,2
5241600,2025-02-21 02:00:00,37.15985,-122.10419,164M,M,1377.8,14400,0.3444,2.30464,2
5256000,2025-02-21 06:00:00,37.15962,-122.10387,164M,M,38.2,14400,0.0095,5.7178,1
5270400,2025-02-21 10:00:00,37.17312,-122.11462,164M,M,1777.9,14400,0.4445,1.21071,2
5284800,2025-02-21 14:00:00,37.17315,-122.11452,164M,M,9.5,14400,0.0024,3.55399,1
5299200,2025-02-21 18:00:00,37.1706,-122.11592,164M,M,309.5,14400,0.0774,3.09732,2
5328000,2025-02-22 02:00:00,37.15189,-122.11488,164M,M,2082.5,28800,0.2603,3.37804,2
5356800,2025-02-22 10:00:00,37.13998,-122.11848,164M,M,1362.2,28800,0.1703,5.69682,2
5371200,2025-02-22 14:00:00,37.14004,-122.11853,164M,M,8.0,14400,0.002,4.27269,1
5385600,2025-02-22 18:00:00,37.14001,-122.11861,164M,M,7.8,14400,0.002,3.65938,1
5400000,2025-02-22 22:00:00,37.13304,-122.12359,164M,M,891.9,14400,0.223,3.96044,2
5414400,2025-02-23 02:00:00,37.12917,-122.12878,164M,M,630.0,14400,0.1575,3.14902,2
5443200,2025-02-23 10:00:00,37.112,-122.12894,164M,M,1909.3,28800,0.2387,2.19875,2
5457600,2025-02-23 14:00:00,37.11189,-122.12875,164M,M,20.8,14400,0.0052,2.65855,1
5500800,2025-02-24 02:00:00,37.04803,-122.08679,164M,M,8017.4,43200,0.6681,2.816,3
5529600,2025-02-24 10:00:00,37.02502,-122.07706,164M,M,2700.4,28800,0.3376,1.80147,2
5544000,2025-02-24 14:00:00,37.02499,-122.0769,164M,M,14.6,14400,0.0036,2.09914,1
5572800,2025-02-24 22:00:00,37.00841,-122.04134,164M,M,3656.1,28800,0.457,0.41416,2
5601600,2025-02-25 06:00:00,37.0318,-122.02846,164M,M,2841.1,28800,0.3551,3.98248,2
5616000,2025-02-25 10:00:00,37.03175,-122.02853,164M,M,8.3,14400,0.0021,4.01661,1
5630400,2025-02-25 14:00:00,37.03173,-122.02856,164M,M,3.5,14400,0.0009,0.32965,1
5644800,2025-02-25 18:00:00,37.0318,-122.02853,164M,M,8.2,14400,0.0021,0.42079,1
5659200,2025-02-25 22:00:00,37.03312,-122.02779,164M,M,160.8,14400,0.0402,0.31779,1
5673600,2025-02-26 02:00:00,37.05202,-122.02,164M,M,2212.4,14400,0.5531,0.15627,3
5688000,2025-02-26 06:00:00,37.07982,-122.01451,164M,M,3129.4,14400,0.7823,6.17269,3
5702400,2025-02-26 10:00:00,37.08435,-122.01514,164M,M,506.8,14400,0.1267,3.40149,2
5716800,2025-02-26 14:00:00,37.08432,-122.01515,164M,M,3.5,14400,0.0009,6.02328,1
5731200,2025-02-26 18:00:00,37.08435,-122.01516,164M,M,3.5,14400,0.0009,0.61399,1
5745600,2025-02-26 22:00:00,37.09536,-122.00543,164M,M,1497.9,14400,0.3745,0.66847,2
5774400,2025-02-27 06:00:00,37.11863,-121.98238,164M,M,3297.5,28800,0.4122,3.41786,2
5788800,2025-02-27 10:00:00,37.11818,-121.98254,164M,M,52.0,14400,0.013,1.46667,1
5803200,2025-02-27 14:00:00,37.11819,-121.98242,164M,M,10.7,14400,0.0027,0.07236,1
5817600,2025-02-27 18:00:00,37.1183,-121.98241,164M,M,12.3,14400,0.0031,5.03479,1
5860800,2025-02-28 06:00:00,37.13226,-122.03487,164M,M,4903.2,43200,0.4086,5.25929,2
5889600,2025-02-28 14:00:00,37.15101,-122.07352,164M,M,4010.4,28800,0.5013,0.19478,3
5904000,2025-02-28 18:00:00,37.15202,-122.07327,164M,M,114.5,14400,0.0286,5.81671,1
5918400,2025-02-28 22:00:00,37.16756,-122.08309,164M,M,1934.7,14400,0.4837,3.44329,2
5932800,2025-03-01 02:00:00,37.1381,-122.09459,164M,M,3430.7,14400,0.8577,4.52886,3
5947200,2025-03-01 06:00:00,37.1339,-122.12295,164M,M,2557.0,14400,0.6392,5.95721,3
5961600,2025-03-01 10:00:00,37.13673,-122.12415,164M,M,332.2,14400,0.083,0.8402,2
5976000,2025-03-01 14:00:00,37.13678,-122.12408,164M,M,8.3,14400,0.0021,1.17476,1
5990400,2025-03-01 18:00:00,37.13679,-122.12405,164M,M,2.9,14400,0.0007,2.11866,1
6004800,2025-03-01 22:00:00,37.13247,-122.11517,164M,M,922.2,14400,0.2305,5.99697,2
6019200,2025-03-02 02:00:00,37.15178,-122.1223,164M,M,2238.3,14400,0.5596,5.34216,3
6033600,2025-03-02 06:00:00,37.1539,-122.12595,164M,M,400.3,14400,0.1001,1.63673,2
6048000,2025-03-02 10:00:00,37.15388,-122.12557,164M,M,33.8,14400,0.0084,3.92512,1
6076800,2025-03-02 18:00:00,37.15376,-122.12572,164M,M,18.8,28800,0.0024,5.05023,1
6120000,2025-03-03 06:00:00,37.15383,-122.12597,164M,M,23.5,43200,0.002,0.03983,1
6134400,2025-03-03 10:00:00,37.15403,-122.12596,164M,M,22.3,14400,0.0056,2.57996,1
6163200,2025-03-03 18:00:00,37.15384,-122.12581,164M,M,25.0,28800,0.0031,0.81578,1
6177600,2025-03-03 22:00:00,37.15396,-122.12565,164M,M,19.5,14400,0.0049,4.49755,1
6192000,2025-03-04 02:00:00,37.15392,-122.12588,164M,M,20.9,14400,0.0052,0.67292,1
6206400,2025-03-04 06:00:00,37.15408,-122.12572,164M,M,22.8,14400,0.0057,0.5599,1
6220800,2025-03-04 10:00:00,37.16106,-122.12023,164M,M,916.0,14400,0.229,1.91504,2
6235200,2025-03-04 14:00:00,37.16104,-122.12016,164M,M,6.6,14400,0.0016,4.38266,1
6249600,2025-03-04 18:00:00,37.16101,-122.12027,164M,M,10.3,14400,0.0026,2.22085,1
6278400,2025-03-05 02:00:00,37.15535,-122.11093,164M,M,1039.8,28800,0.13,1.57592,2
6307200,2025-03-05 10:00:00,37.1553,-122.09883,164M,M,1072.3,28800,0.134,0.92577,2
6336000,2025-03-05 18:00:00,37.16497,-122.0827,164M,M,1788.7,28800,0.2236,1.18802,2
6350400,2025-03-05 22:00:00,37.16651,-122.0779,164M,M,458.5,14400,0.1146,4.85093,2
6364800,2025-03-06 02:00:00,37.16652,-122.07799,164M,M,8.1,14400,0.002,4.54843,1
6451200,2025-03-07 02:00:00,37.15763,-122.14527,164M,M,6043.4,86400,0.2518,6.16982,2
6465600,2025-03-07 06:00:00,37.1577,-122.14528,164M,M,7.8,14400,0.002,2.83299,1
6480000,2025-03-07 10:00:00,37.15755,-122.14522,164M,M,17.5,14400,0.0044,3.81449,1
6494400,2025-03-07 14:00:00,37.1575,-122.14527,164M,M,7.1,14400,0.0018,0.08832,1
6508800,2025-03-07 18:00:00,37.15759,-122.14526,164M,M,10.0,14400,0.0025,1.96693,1
6523200,2025-03-07 22:00:00,37.15757,-122.1452,164M,M,5.8,14400,0.0014,0.0,1
6537600,2025-03-08 02:00:00,37.1578,-122.1452,164M,M,25.6,14400,0.0064,4.46652,1
6552000,2025-03-08 06:00:00,37.15777,-122.14535,164M,M,13.7,14400,0.0034,3.14159,1
6566400,2025-03-08 10:00:00,37.15774,-122.14535,164M,M,3.3,14400,0.0008,2.92583,1
6580800,2025-03-08 14:00:00,37.15734,-122.14524,164M,M,45.5,14400,0.0114,6.26042,1
6595200,2025-03-08 18:00:00,37.15769,-122.14525,164M,M,38.9,14400,0.0097,6.00588,1
6609600,2025-03-08 22:00:00,37.15783,-122.1453,164M,M,16.2,14400,0.004,2.1311,1
6627600,2025-03-09 03:00:00,37.15782,-122.14528,164M,M,2.1,18000,0.0004,2.99094,1
6656400,2025-03-09 11:00:00,37.15761,-122.14524,164M,M,23.6,28800,0.003,0.24522,1
6670800,2025-03-09 15:00:00,37.16089,-122.14421,164M,M,376.0,14400,0.094,0.80309,2
6685200,2025-03-09 19:00:00,37.16099,-122.14408,164M,M,16.0,14400,0.004,4.83722,1
6699600,2025-03-09 23:00:00,37.16101,-122.14428,164M,M,17.9,14400,0.0045,1.5708,1
6714000,2025-03-10 03:00:00,37.16101,-122.14427,164M,M,0.9,14400,0.0002,1.38475,1
6728400,2025-03-10 07:00:00,37.16104,-122.14407,164M,M,18.0,14400,0.0045,1.5708,1
6742800,2025-03-10 11:00:00,37.16104,-122.14405,164M,M,1.8,14400,0.0004,4.98433,1
6757200,2025-03-10 15:00:00,37.16116,-122.14459,164M,M,49.7,14400,0.0124,0.87417,1
6786000,2025-03-10 23:00:00,37.1614,-122.14423,164M,M,41.6,28800,0.0052,5.27271,1
6800400,2025-03-11 03:00:00,37.16144,-122.14431,164M,M,8.4,14400,0.0021,1.22655,1
6814800,2025-03-11 07:00:00,37.16146,-122.14424,164M,M,6.6,14400,0.0016,1.34649,1
6843600,2025-03-11 15:00:00,37.16148,-122.14413,164M,M,10.0,28800,0.0012,2.78063,1
6872400,2025-03-11 23:00:00,37.16129,-122.14404,164M,M,22.6,28800,0.0028,4.61234,1
6886800,2025-03-12 03:00:00,37.16127,-122.14429,164M,M,22.3,14400,0.0056,6.19487,1
6901200,2025-03-12 07:00:00,37.16145,-122.14431,164M,M,20.1,14400,0.005,1.5708,1
6915600,2025-03-12 11:00:00,37.16145,-122.14414,164M,M,15.1,14400,0.0038,5.61032,1
6958800,2025-03-12 23:00:00,37.16179,-122.14448,164M,M,48.3,43200,0.004,2.90516,1
6973200,2025-03-13 03:00:00,37.16136,-122.14435,164M,M,49.2,14400,0.0123,3.03832,1
7002000,2025-03-13 11:00:00,37.14344,-122.14202,164M,M,2003.3,28800,0.2504,2.46993,2
7016400,2025-03-13 15:00:00,37.13304,-122.13165,164M,M,1477.3,14400,0.3693,2.1753,2
7030800,2025-03-13 19:00:00,37.13152,-122.12889,164M,M,297.4,14400,0.0743,0.90758,2
7160400,2025-03-15 07:00:00,37.18544,-122.04221,164M,M,9744.4,129600,0.2707,2.55571,2
7174800,2025-03-15 11:00:00,37.18149,-122.03892,164M,M,527.1,14400,0.1318,1.22215,2
7189200,2025-03-15 15:00:00,37.18288,-122.03412,164M,M,452.5,14400,0.1131,3.8802,2
7203600,2025-03-15 19:00:00,37.18197,-122.03516,164M,M,136.8,14400,0.0342,1.59714,1
7232400,2025-03-16 03:00:00,37.18185,-122.02945,164M,M,506.0,28800,0.0633,5.27024,2
7261200,2025-03-16 11:00:00,37.18933,-122.0445,164M,M,1571.4,28800,0.1964,0.87824,2
7290000,2025-03-16 19:00:00,37.19313,-122.03875,164M,M,661.8,28800,0.0827,2.988,2
7318800,2025-03-17 03:00:00,37.18433,-122.03704,164M,M,990.2,28800,0.1238,5.98165,2
7347600,2025-03-17 11:00:00,37.19122,-122.03973,164M,M,802.3,28800,0.1003,2.74445,2
7362000,2025-03-17 15:00:00,37.18328,-122.03555,164M,M,957.4,14400,0.2393,4.95834,2
7376400,2025-03-17 19:00:00,37.18329,-122.0356,164M,M,4.6,14400,0.0011,3.0644,1
7405200,2025-03-18 03:00:00,37.1768,-122.03497,164M,M,723.8,28800,0.0905,4.07881,2
7419600,2025-03-18 07:00:00,37.17183,-122.04346,164M,M,933.4,14400,0.2334,5.63533,2
7434000,2025-03-18 11:00:00,37.17502,-122.04649,164M,M,444.9,14400,0.1112,5.52153,2
7462800,2025-03-18 19:00:00,37.17954,-122.0519,164M,M,694.5,28800,0.0868,3.48679,2
7491600,2025-03-19 03:00:00,37.17533,-122.0538,164M,M,497.5,28800,0.0622,1.65531,2
7506000,2025-03-19 07:00:00,37.17486,-122.04684,164M,M,618.9,14400,0.1547,1.14141,2
7520400,2025-03-19 11:00:00,37.17598,-122.04377,164M,M,299.2,14400,0.0748,3.69839,2
7534800,2025-03-19 15:00:00,37.17566,-122.04402,164M,M,41.9,14400,0.0105,4.3051,1
7549200,2025-03-19 19:00:00,37.17511,-122.04562,164M,M,154.4,14400,0.0386,1.65373,1
7563600,2025-03-19 23:00:00,37.17417,-122.03144,164M,M,1260.7,14400,0.3152,0.37912,2
7578000,2025-03-20 03:00:00,37.17599,-122.03053,164M,M,217.8,14400,0.0545,5.30919,2
7592400,2025-03-20 07:00:00,37.17874,-122.03561,164M,M,544.1,14400,0.136,4.64147,2
7606800,2025-03-20 11:00:00,37.17868,-122.03667,164M,M,94.1,14400,0.0235,6.04249,1
7621200,2025-03-20 15:00:00,37.18264,-122.03789,164M,M,453.4,14400,0.1134,2.00331,2
7650000,2025-03-20 23:00:00,37.17739,-122.02362,164M,M,1392.5,28800,0.1741,3.28416,2
7664400,2025-03-21 03:00:00,37.17467,-122.02411,164M,M,305.6,14400,0.0764,0.8021,2
7678800,2025-03-21 07:00:00,37.17917,-122.01827,164M,M,719.8,14400,0.1799,4.43816,2
7693200,2025-03-21 11:00:00,37.17904,-122.01885,164M,M,53.4,14400,0.0133,3.41129,1
7707600,2025-03-21 15:00:00,37.17806,-122.01919,164M,M,113.1,14400,0.0283,4.94923,1
7722000,2025-03-21 19:00:00,37.17826,-122.02023,164M,M,94.8,14400,0.0237,0.62227,1
7736400,2025-03-21 23:00:00,37.1869,-122.01245,164M,M,1182.4,14400,0.2956,4.82781,2
7750800,2025-03-22 03:00:00,37.18725,-122.01624,164M,M,338.0,14400,0.0845,4.87091,2
7765200,2025-03-22 07:00:00,37.18863,-122.02708,164M,M,972.4,14400,0.2431,4.39078,2
7779600,2025-03-22 11:00:00,37.1882,-122.0287,164M,M,151.3,14400,0.0378,1.04311,1
7794000,2025-03-22 15:00:00,37.18898,-122.02702,164M,M,172.2,14400,0.0431,2.67777,1
7808400,2025-03-22 19:00:00,37.18855,-122.02675,164M,M,53.5,14400,0.0134,1.5164,1
7822800,2025-03-22 23:00:00,37.18914,-122.01313,164M,M,1208.3,14400,0.3021,6.27034,2
7837200,2025-03-23 03:00:00,37.19472,-122.01322,164M,M,620.5,14400,0.1551,5.00118,2
7851600,2025-03-23 07:00:00,37.19693,-122.02256,164M,M,863.0,14400,0.2158,0.2527,2
7866000,2025-03-23 11:00:00,37.19875,-122.02197,164M,M,209.0,14400,0.0523,2.07044,2
7880400,2025-03-23 15:00:00,37.19865,-122.02174,164M,M,23.2,14400,0.0058,5.41611,1
7894800,2025-03-23 19:00:00,37.19986,-122.02353,164M,M,207.9,14400,0.052,3.76002,2
7909200,2025-03-23 23:00:00,37.18723,-122.03481,164M,M,1723.6,14400,0.4309,4.01798,2
7952400,2025-03-24 11:00:00,37.15192,-122.08799,164M,M,6133.5,43200,0.5111,2.97736,3
7966800,2025-03-24 15:00:00,37.15091,-122.08778,164M,M,113.8,14400,0.0285,5.96799,1
7981200,2025-03-24 19:00:00,37.15113,-122.08787,164M,M,25.7,14400,0.0064,2.30814,1
7995600,2025-03-24 23:00:00,37.12749,-122.05523,164M,M,3909.1,14400,0.9773,2.1424,3
8010000,2025-03-25 03:00:00,37.10643,-122.01419,164M,M,4327.3,14400,1.0818,1.96905,3
8024400,2025-03-25 07:00:00,37.09654,-121.98473,164M,M,2834.7,14400,0.7087,3.94278,3
8038800,2025-03-25 11:00:00,37.09072,-121.99226,164M,M,930.0,14400,0.2325,3.91871,2
8053200,2025-03-25 15:00:00,37.08647,-121.9975,164M,M,662.8,14400,0.1657,4.27296,2
8067600,2025-03-25 19:00:00,37.08644,-121.99758,164M,M,7.8,14400,0.002,4.87097,1
8082000,2025-03-25 23:00:00,37.08954,-122.0219,164M,M,2184.6,14400,0.5461,4.49103,3
8096400,2025-03-26 03:00:00,37.08262,-122.06041,164M,M,3501.6,14400,0.8754,5.6235,3
8110800,2025-03-26 07:00:00,37.10562,-122.08278,164M,M,3236.9,14400,0.8092,5.78255,3
8125200,2025-03-26 11:00:00,37.11094,-122.08643,164M,M,674.3,14400,0.1686,0.01728,2
8139600,2025-03-26 15:00:00,37.13769,-122.08585,164M,M,2974.9,14400,0.7437,6.16758,3
8168400,2025-03-26 23:00:00,37.14627,-122.0871,164M,M,960.5,28800,0.1201,4.88763,2
8211600,2025-03-27 11:00:00,37.15431,-122.14417,164M,M,5136.4,43200,0.428,0.0,2
8226000,2025-03-27 15:00:00,37.15434,-122.14417,164M,M,3.3,14400,0.0008,3.7833,1
8240400,2025-03-27 19:00:00,37.15418,-122.14432,164M,M,22.2,14400,0.0056,0.94315,1
8254800,2025-03-27 23:00:00,37.15503,-122.14285,164M,M,161.0,14400,0.0402,1.5119,1
8269200,2025-03-28 03:00:00,37.15524,-122.13838,164M,M,396.8,14400,0.0992,4.88431,2
8294400,2025-03-28 10:00:00,37.15638,-122.14662,164M,M,741.2,25200,0.1059,3.98582,2
8308800,2025-03-28 14:00:00,37.15621,-122.14686,164M,M,28.5,14400,0.0071,0.6994,1
8323200,2025-03-28 18:00:00,37.15639,-122.14667,164M,M,26.2,14400,0.0065,1.78186,1
8337600,2025-03-28 22:00:00,37.15508,-122.139,164M,M,695.2,14400,0.1738,0.95452,2
8352000,2025-03-29 02:00:00,37.15543,-122.13838,164M,M,67.3,14400,0.0168,3.69087,1
8366400,2025-03-29 06:00:00,37.14776,-122.14427,164M,M,999.9,14400,0.25,3.13819,2
8380800,2025-03-29 10:00:00,37.14542,-122.14426,164M,M,260.2,14400,0.065,0.29046,2
8395200,2025-03-29 14:00:00,37.1455,-122.14423,164M,M,9.3,14400,0.0023,1.63504,1
8409600,2025-03-29 18:00:00,37.14548,-122.14384,164M,M,34.6,14400,0.0087,2.07349,1
8424000,2025-03-29 22:00:00,37.13655,-122.12347,164M,M,2060.6,14400,0.5152,0.65158,3
8438400,2025-03-30 02:00:00,37.16458,-122.09664,164M,M,3920.3,14400,0.9801,1.41511,3
8452800,2025-03-30 06:00:00,37.16674,-122.07936,164M,M,1549.9,14400,0.3875,2.04727,2
8467200,2025-03-30 10:00:00,37.16384,-122.07231,164M,M,703.0,14400,0.1758,2.17411,2
8481600,2025-03-30 14:00:00,37.16166,-122.06834,164M,M,427.2,14400,0.1068,4.30262,2
8496000,2025-03-30 18:00:00,37.16157,-122.0686,164M,M,25.1,14400,0.0063,1.15511,1
8510400,2025-03-30 22:00:00,37.17022,-122.044,164M,M,2382.6,14400,0.5956,1.31271,3
8524800,2025-03-31 02:00:00,37.17661,-122.0136,164M,M,2785.6,14400,0.6964,2.94491,3
8539200,2025-03-31 06:00:00,37.15361,-122.00785,164M,M,2607.7,14400,0.6519,2.56509,3
8553600,2025-03-31 10:00:00,37.14813,-122.00338,164M,M,726.8,14400,0.1817,2.22175,2
8568000,2025-03-31 14:00:00,37.14796,-122.0031,164M,M,31.2,14400,0.0078,2.04131,1
8582400,2025-03-31 18:00:00,37.14781,-122.00273,164M,M,36.8,14400,0.0092,2.95785,1
8596800,2025-03-31 22:00:00,37.14292,-122.00159,164M,M,553.1,14400,0.1383,3.14159,2
8611200,2025-04-01 02:00:00,37.14287,-122.00159,164M,M,5.6,14400,0.0014,6.21398,1
8625600,2025-04-01 06:00:00,37.1431,-122.00161,164M,M,25.6,14400,0.0064,2.43128,1
8640000,2025-04-01 10:00:00,37.14272,-122.0012,164M,M,55.7,14400,0.0139,5.77198,1
8654400,2025-04-01 14:00:00,37.14299,-122.00139,164M,M,34.4,14400,0.0086,3.4013,1
8668800,2025-04-01 18:00:00,37.14293,-122.00141,164M,M,6.9,14400,0.0017,4.75157,1
8683200,2025-04-01 22:00:00,37.14294,-122.00173,164M,M,28.4,14400,0.0071,1.10571,1
8697600,2025-04-02 02:00:00,37.14296,-122.00168,164M,M,5.0,14400,0.0012,6.05289,1
8712000,2025-04-02 06:00:00,37.14313,-122.00173,164M,M,19.4,14400,0.0049,2.31624,1
8726400,2025-04-02 10:00:00,37.14274,-122.0012,164M,M,63.9,14400,0.016,5.45613,1
8740800,2025-04-02 14:00:00,37.14296,-122.0015,164M,M,36.1,14400,0.009,2.76232,1
8755200,2025-04-02 18:00:00,37.14294,-122.00149,164M,M,2.4,14400,0.0006,4.71239,1
8769600,2025-04-02 22:00:00,37.14294,-122.00185,164M,M,31.9,14400,0.008,0.84016,1
8784000,2025-04-03 02:00:00,37.14299,-122.00178,164M,M,8.3,14400,0.0021,6.12509,1
8798400,2025-04-03 06:00:00,37.14304,-122.00179,164M,M,5.6,14400,0.0014,1.92268,1
8812800,2025-04-03 10:00:00,37.14292,-122.00138,164M,M,38.7,14400,0.0097,2.55525,1
8827200,2025-04-03 14:00:00,37.14286,-122.00133,164M,M,8.0,14400,0.002,5.7155,1
8841600,2025-04-03 18:00:00,37.14291,-122.00137,164M,M,6.6,14400,0.0016,5.44557,1
8856000,2025-04-03 22:00:00,37.14319,-122.00176,164M,M,46.5,14400,0.0116,3.72087,1
8870400,2025-04-04 02:00:00,37.13166,-122.01122,164M,M,1532.0,14400,0.383,2.83114,2
8884800,2025-04-04 06:00:00,37.10797,-122.00169,164M,M,2766.4,14400,0.6916,4.07772,3
8899200,2025-04-04 10:00:00,37.10558,-122.00576,164M,M,448.2,14400,0.1121,3.26686,2
8913600,2025-04-04 14:00:00,37.10444,-122.00594,164M,M,127.8,14400,0.0319,6.01423,1
8928000,2025-04-04 18:00:00,37.10959,-122.00772,164M,M,594.0,14400,0.1485,5.6882,2
8942400,2025-04-04 22:00:00,37.12872,-122.02396,164M,M,2568.7,14400,0.6422,0.87769,3
8956800,2025-04-05 02:00:00,37.14331,-122.00192,164M,M,2539.5,14400,0.6349,2.71417,3
8971200,2025-04-05 06:00:00,37.14296,-122.00172,164M,M,42.8,14400,0.0107,0.07429,1
8985600,2025-04-05 10:00:00,37.14628,-122.00141,164M,M,370.2,14400,0.0925,0.14655,2
9000000,2025-04-05 14:00:00,37.14655,-122.00136,164M,M,30.3,14400,0.0076,3.14159,1
9014400,2025-04-05 18:00:00,37.14653,-122.00136,164M,M,2.2,14400,0.0006,5.57883,1
9028800,2025-04-05 22:00:00,37.15408,-122.00941,164M,M,1101.7,14400,0.2754,4.84371,2
9043200,2025-04-06 02:00:00,37.15652,-122.03261,164M,M,2073.9,14400,0.5185,4.2694,3
9057600,2025-04-06 06:00:00,37.14307,-122.06816,164M,M,3487.7,14400,0.8719,5.50813,3
9072000,2025-04-06 10:00:00,37.14853,-122.07487,164M,M,849.9,14400,0.2125,4.48262,2
9086400,2025-04-06 14:00:00,37.14842,-122.07546,164M,M,53.7,14400,0.0134,5.56712,1
9100800,2025-04-06 18:00:00,37.1518,-122.07915,164M,M,498.2,14400,0.1246,5.92522,2
9115200,2025-04-06 22:00:00,37.16833,-122.08691,164M,M,1962.5,14400,0.4906,5.58839,2
9129600,2025-04-07 02:00:00,37.17485,-122.09373,164M,M,943.8,14400,0.236,4.66429,2
9144000,2025-04-07 06:00:00,37.17402,-122.11532,164M,M,1915.1,14400,0.4788,2.79731,2
9158400,2025-04-07 10:00:00,37.17342,-122.11505,164M,M,70.9,14400,0.0177,2.4445,1
9172800,2025-04-07 14:00:00,37.17283,-122.11443,164M,M,85.6,14400,0.0214,3.39655,1
9187200,2025-04-07 18:00:00,37.1617,-122.11807,164M,M,1278.9,14400,0.3197,2.77428,2
9201600,2025-04-07 22:00:00,37.15387,-122.11429,164M,M,932.9,14400,0.2332,3.08263,2
9216000,2025-04-08 02:00:00,37.13145,-122.11263,164M,M,2497.3,14400,0.6243,2.69405,3
9230400,2025-04-08 06:00:00,37.10101,-122.09431,164M,M,3754.4,14400,0.9386,5.29632,3
9244800,2025-04-08 10:00:00,37.1014,-122.09505,164M,M,78.7,14400,0.0197,0.67326,1
9259200,2025-04-08 14:00:00,37.10143,-122.09502,164M,M,4.3,14400,0.0011,5.60993,1
9273600,2025-04-08 18:00:00,37.1015,-122.09509,164M,M,10.0,14400,0.0025,2.03302,1
9288000,2025-04-08 22:00:00,37.09685,-122.08339,164M,M,1159.3,14400,0.2898,1.7469,2
9302400,2025-04-09 02:00:00,37.0942,-122.06473,164M,M,1681.0,14400,0.4203,2.87943,2
9316800,2025-04-09 06:00:00,37.09203,-122.064,164M,M,249.8,14400,0.0625,0.90257,2
9331200,2025-04-09 10:00:00,37.09407,-122.06076,164M,M,366.1,14400,0.0915,2.62371,2
9345600,2025-04-09 14:00:00,37.094,-122.06071,164M,M,9.0,14400,0.0022,5.84769,1
9360000,2025-04-09 18:00:00,37.09412,-122.06078,164M,M,14.7,14400,0.0037,2.27066,1
9374400,2025-04-09 22:00:00,37.08286,-122.04402,164M,M,1943.6,14400,0.4859,1.95439,2
9388800,2025-04-10 02:00:00,37.07618,-122.02328,164M,M,1984.2,14400,0.496,0.74608,2
9403200,2025-04-10 06:00:00,37.10189,-121.99348,164M,M,3893.5,14400,0.9734,5.12724,3
9417600,2025-04-10 10:00:00,37.10833,-122.01182,164M,M,1777.1,14400,0.4443,5.74977,2
9432000,2025-04-10 14:00:00,37.11334,-122.01553,164M,M,647.0,14400,0.1617,3.44231,2
9446400,2025-04-10 18:00:00,37.11316,-122.0156,164M,M,21.0,14400,0.0052,0.27081,1
9460800,2025-04-10 22:00:00,37.13616,-122.00759,164M,M,2654.2,14400,0.6636,0.10088,3
9475200,2025-04-11 02:00:00,37.17599,-122.00253,164M,M,4451.5,14400,1.1129,4.69821,3
9489600,2025-04-11 06:00:00,37.17566,-122.03143,164M,M,2560.8,14400,0.6402,1.5708,3
9504000,2025-04-11 10:00:00,37.17566,-122.03139,164M,M,3.5,14400,0.0009,2.98356,1
9518400,2025-04-11 14:00:00,37.17551,-122.03136,164M,M,16.9,14400,0.0042,0.37912,1
9532800,2025-04-11 18:00:00,37.17573,-122.03125,164M,M,26.3,14400,0.0066,4.47095,1
9547200,2025-04-11 22:00:00,37.17224,-122.04903,164M,M,1622.4,14400,0.4056,4.34993,2
9561600,2025-04-12 02:00:00,37.16101,-122.08617,164M,M,3519.9,14400,0.88,3.7463,3
9576000,2025-04-12 06:00:00,37.14673,-122.09855,164M,M,1930.0,14400,0.4825,2.99767,2
9590400,2025-04-12 10:00:00,37.14662,-122.09853,164M,M,12.4,14400,0.0031,4.53802,1
9604800,2025-04-12 14:00:00,37.14629,-122.10088,164M,M,211.5,14400,0.0529,5.52001,2
9619200,2025-04-12 18:00:00,37.14639,-122.101,164M,M,15.4,14400,0.0038,2.48763,1
9633600,2025-04-12 22:00:00,37.14379,-122.0985,164M,M,364.3,14400,0.0911,3.92667,2
9648000,2025-04-13 02:00:00,37.14174,-122.10107,164M,M,322.3,14400,0.0806,5.49031,2
9662400,2025-04-13 06:00:00,37.15325,-122.11573,164M,M,1823.8,14400,0.456,1.22295,2
9676800,2025-04-13 10:00:00,37.15542,-122.10822,164M,M,708.0,14400,0.177,3.35297,2
9691200,2025-04-13 14:00:00,37.15438,-122.1085,164M,M,118.3,14400,0.0296,0.49883,1
9705600,2025-04-13 18:00:00,37.15517,-122.10796,164M,M,100.0,14400,0.025,1.71483,1
9720000,2025-04-13 22:00:00,37.15477,-122.1045,164M,M,309.8,14400,0.0775,4.51581,2
9734400,2025-04-14 02:00:00,37.15467,-122.10513,164M,M,56.9,14400,0.0142,0.71071,1
9748800,2025-04-14 06:00:00,37.15492,-122.10486,164M,M,36.7,14400,0.0092,5.40276,1
9763200,2025-04-14 10:00:00,37.15675,-122.10764,164M,M,319.5,14400,0.0799,2.66361,2
9777600,2025-04-14 14:00:00,37.15635,-122.10738,164M,M,50.1,14400,0.0125,4.55981,1
9792000,2025-04-14 18:00:00,37.15559,-122.11358,164M,M,555.9,14400,0.139,2.83298,2
9806400,2025-04-14 22:00:00,37.15544,-122.11352,164M,M,17.5,14400,0.0044,4.04736,1
9820800,2025-04-15 02:00:00,37.15539,-122.1136,164M,M,9.0,14400,0.0023,0.43519,1
9835200,2025-04-15 06:00:00,37.15551,-122.11353,164M,M,14.7,14400,0.0037,1.0962,1
9849600,2025-04-15 10:00:00,37.16805,-122.08289,164M,M,3052.3,14400,0.7631,2.49502,3
9864000,2025-04-15 14:00:00,37.16521,-122.0802,164M,M,395.7,14400,0.0989,6.16487,2
9878400,2025-04-15 18:00:00,37.16702,-122.08047,164M,M,202.7,14400,0.0507,1.83251,2
9892800,2025-04-15 22:00:00,37.16383,-122.06553,164M,M,1370.5,14400,0.3426,1.21075,2
9907200,2025-04-16 02:00:00,37.16386,-122.06543,164M,M,9.5,14400,0.0024,1.86868,1
9921600,2025-04-16 06:00:00,37.15617,-122.03402,164M,M,2911.8,14400,0.728,1.16832,3
9936000,2025-04-16 10:00:00,37.15636,-122.03346,164M,M,53.9,14400,0.0135,4.71239,1
9950400,2025-04-16 14:00:00,37.15636,-122.03349,164M,M,2.7,14400,0.0007,1.04213,1
9964800,2025-04-16 18:00:00,37.15798,-122.03001,164M,M,357.2,14400,0.0893,1.79282,2
9979200,2025-04-16 22:00:00,37.15398,-122.00779,164M,M,2018.8,14400,0.5047,5.96707,3
9993600,2025-04-17 02:00:00,37.16699,-122.01313,164M,M,1522.1,14400,0.3805,0.87557,2
10008000,2025-04-17 06:00:00,37.17141,-122.00648,164M,M,767.3,14400,0.1918,1.28625,2
10022400,2025-04-17 10:00:00,37.17196,-122.00412,164M,M,217.9,14400,0.0545,2.44332,2
10036800,2025-04-17 14:00:00,37.17121,-122.00333,164M,M,108.9,14400,0.0272,0.0,1
10051200,2025-04-17 18:00:00,37.17125,-122.00333,164M,M,4.4,14400,0.0011,5.11618,1
10065600,2025-04-17 22:00:00,37.18219,-122.03548,164M,M,3097.3,14400,0.7743,4.25966,3
10080000,2025-04-18 02:00:00,37.16882,-122.06996,164M,M,3397.4,14400,0.8494,4.3507,3
10094400,2025-04-18 06:00:00,37.16781,-122.07331,164M,M,317.4,14400,0.0793,1.13095,2
10108800,2025-04-18 10:00:00,37.16787,-122.07315,164M,M,15.7,14400,0.0039,2.84897,1
10123200,2025-04-18 14:00:00,37.16459,-122.07191,164M,M,380.9,14400,0.0952,4.0473,2
10137600,2025-04-18 18:00:00,37.16454,-122.07199,164M,M,9.0,14400,0.0023,2.66631,1
10152000,2025-04-18 22:00:00,37.16183,-122.07024,164M,M,338.9,14400,0.0847,4.57408,2
10166400,2025-04-19 02:00:00,37.15821,-122.10283,164M,M,2915.9,14400,0.729,0.3792,3
10180800,2025-04-19 06:00:00,37.15849,-122.10269,164M,M,33.5,14400,0.0084,1.89454,1
10195200,2025-04-19 10:00:00,37.15646,-122.0951,164M,M,709.5,14400,0.1774,2.95864,2
10209600,2025-04-19 14:00:00,37.1559,-122.09497,164M,M,63.3,14400,0.0158,0.63711,1
10224000,2025-04-19 18:00:00,37.15604,-122.09484,164M,M,19.4,14400,0.0048,3.19171,1
10238400,2025-04-19 22:00:00,37.14571,-122.09549,164M,M,1150.1,14400,0.2875,5.04187,2
10252800,2025-04-20 02:00:00,37.14704,-122.10037,164M,M,457.1,14400,0.1143,0.94882,2
10267200,2025-04-20 06:00:00,37.14708,-122.1003,164M,M,7.6,14400,0.0019,2.58567,1
10281600,2025-04-20 10:00:00,37.14223,-122.09652,164M,M,634.9,14400,0.1587,0.43526,2
10296000,2025-04-20 14:00:00,37.14235,-122.09645,164M,M,14.7,14400,0.0037,2.60275,1
10310400,2025-04-20 18:00:00,37.14231,-122.09642,164M,M,5.2,14400,0.0013,2.89884,1
10324800,2025-04-20 22:00:00,37.12882,-122.09223,164M,M,1545.3,14400,0.3863,0.93038,2
10339200,2025-04-21 02:00:00,37.14308,-122.06822,164M,M,2654.1,14400,0.6635,0.67299,3
10353600,2025-04-21 06:00:00,37.14322,-122.06808,164M,M,19.9,14400,0.005,1.25516,1
10368000,2025-04-21 10:00:00,37.15273,-122.03152,164M,M,3408.5,14400,0.8521,6.16981,3
10382400,2025-04-21 14:00:00,37.15287,-122.03154,164M,M,15.7,14400,0.0039,2.89502,1
10396800,2025-04-21 18:00:00,37.15268,-122.03148,164M,M,21.8,14400,0.0054,4.98115,1
10411200,2025-04-21 22:00:00,37.15295,-122.03271,164M,M,113.1,14400,0.0283,0.99013,1
10425600,2025-04-22 02:00:00,37.15352,-122.03162,164M,M,115.5,14400,0.0289,3.23509,1
10440000,2025-04-22 06:00:00,37.15284,-122.0317,164M,M,75.9,14400,0.019,1.74815,1
10454400,2025-04-22 10:00:00,37.15281,-122.03149,164M,M,18.9,14400,0.0047,0.46216,1
10468800,2025-04-22 14:00:00,37.15289,-122.03144,164M,M,9.9,14400,0.0025,3.85729,1
10483200,2025-04-22 18:00:00,37.15278,-122.03156,164M,M,16.2,14400,0.0041,5.90396,1
10497600,2025-04-22 22:00:00,37.1528,-122.03157,164M,M,2.4,14400,0.0006,2.57397,1
10512000,2025-04-23 02:00:00,37.15275,-122.03153,164M,M,6.6,14400,0.0016,1.64039,1
10526400,2025-04-23 06:00:00,37.15274,-122.03135,164M,M,16.0,14400,0.004,5.22107,1
10540800,2025-04-23 10:00:00,37.15286,-122.03162,164M,M,27.4,14400,0.0068,3.81452,1
10555200,2025-04-23 14:00:00,37.15279,-122.03169,164M,M,10.0,14400,0.0025,1.57079,1
10569600,2025-04-23 18:00:00,37.15279,-122.03133,164M,M,31.9,14400,0.008,5.92593,1
10584000,2025-04-23 22:00:00,37.15595,-122.03281,164M,M,375.1,14400,0.0938,1.65624,2
10598400,2025-04-24 02:00:00,37.15424,-122.0078,164M,M,2224.6,14400,0.5561,4.63797,3
10612800,2025-04-24 06:00:00,37.15284,-122.03132,164M,M,2090.3,14400,0.5226,4.24725,3
10627200,2025-04-24 10:00:00,37.15278,-122.03147,164M,M,14.9,14400,0.0037,5.88125,1
10641600,2025-04-24 14:00:00,37.15293,-122.03155,164M,M,18.1,14400,0.0045,3.97272,1
10656000,2025-04-24 18:00:00,37.15285,-122.03166,164M,M,13.2,14400,0.0033,5.55471,1
10670400,2025-04-24 22:00:00,37.15352,-122.03241,164M,M,99.8,14400,0.025,2.34127,1
10684800,2025-04-25 02:00:00,37.15311,-122.03188,164M,M,65.5,14400,0.0164,1.37268,1
10699200,2025-04-25 06:00:00,37.15315,-122.03163,164M,M,22.6,14400,0.0056,4.3193,1
10713600,2025-04-25 10:00:00,37.15276,-122.03281,164M,M,113.2,14400,0.0283,1.4311,1
10728000,2025-04-25 14:00:00,37.15289,-122.03165,164M,M,103.8,14400,0.026,1.45371,1
10742400,2025-04-25 18:00:00,37.15292,-122.03133,164M,M,28.6,14400,0.0071,3.84337,1
10756800,2025-04-25 22:00:00,37.15259,-122.03168,164M,M,48.0,14400,0.012,6.13057,1
10771200,2025-04-26 02:00:00,37.15316,-122.03179,164M,M,64.1,14400,0.016,1.09393,1
10785600,2025-04-26 06:00:00,37.15344,-122.03111,164M,M,67.8,14400,0.017,3.76385,1
10800000,2025-04-26 10:00:00,37.15274,-122.03174,164M,M,95.8,14400,0.0239,1.09394,1
10814400,2025-04-26 14:00:00,37.15288,-122.0314,164M,M,33.9,14400,0.0085,0.15808,1
10828800,2025-04-26 18:00:00,37.15298,-122.03138,164M,M,11.3,14400,0.0028,3.87892,1
10843200,2025-04-26 22:00:00,37.14846,-122.03653,164M,M,678.9,14400,0.1697,3.62248,2
10857600,2025-04-27 02:00:00,37.1215,-122.05417,164M,M,3381.1,14400,0.8453,3.43955,3
10872000,2025-04-27 06:00:00,37.09363,-122.0649,164M,M,3241.8,14400,0.8104,2.34865,3
10886400,2025-04-27 10:00:00,37.09341,-122.06462,164M,M,34.9,14400,0.0087,5.80937,1
10900800,2025-04-27 14:00:00,37.09355,-122.06471,164M,M,17.5,14400,0.0044,5.19867,1
10915200,2025-04-27 18:00:00,37.09675,-122.0723,164M,M,761.4,14400,0.1904,0.00358,2
10929600,2025-04-27 22:00:00,37.13018,-122.07215,164M,M,3717.3,14400,0.9293,5.9646,3
10944000,2025-04-28 02:00:00,37.16205,-122.08534,164M,M,3731.6,14400,0.9329,1.45393,3
10958400,2025-04-28 06:00:00,37.1636,-122.06876,164M,M,1479.3,14400,0.3698,1.94627,2
10972800,2025-04-28 10:00:00,37.15911,-122.05447,164M,M,1361.2,14400,0.3403,2.00718,2
10987200,2025-04-28 14:00:00,37.15869,-122.05334,164M,M,110.5,14400,0.0276,4.71239,1
11001600,2025-04-28 18:00:00,37.15869,-122.05357,164M,M,20.4,14400,0.0051,0.77907,1
11016000,2025-04-28 22:00:00,37.17081,-122.03855,164M,M,1894.1,14400,0.4735,2.16665,2
11030400,2025-04-29 02:00:00,37.15415,-122.00773,164M,M,3300.1,14400,0.825,2.59535,3
11044800,2025-04-29 06:00:00,37.13545,-121.99347,164M,M,2433.4,14400,0.6083,3.18915,3
11059200,2025-04-29 10:00:00,37.13344,-121.99359,164M,M,223.8,14400,0.0559,2.965,2
11073600,2025-04-29 14:00:00,37.13067,-121.99297,164M,M,312.9,14400,0.0782,3.65491,2
11088000,2025-04-29 18:00:00,37.12968,-121.99367,164M,M,126.4,14400,0.0316,3.26295,1
11102400,2025-04-29 22:00:00,37.10555,-121.99736,164M,M,2703.0,14400,0.6758,3.09308,3
11116800,2025-04-30 02:00:00,37.1044,-121.99729,164M,M,128.0,14400,0.032,5.33629,1
11131200,2025-04-30 06:00:00,37.10471,-121.99783,164M,M,59.0,14400,0.0148,2.46835,1
11145600,2025-04-30 10:00:00,37.10429,-121.99741,164M,M,59.7,14400,0.0149,5.60457,1
11160000,2025-04-30 14:00:00,37.10788,-122.00104,164M,M,512.8,14400,0.1282,0.09936,2
11174400,2025-04-30 18:00:00,37.10796,-122.00103,164M,M,8.9,14400,0.0022,5.08061,1
11188800,2025-04-30 22:00:00,37.108,-122.00116,164M,M,12.4,14400,0.0031,2.76216,1
11203200,2025-05-01 02:00:00,37.10798,-122.00115,164M,M,2.4,14400,0.0006,5.09298,1
11217600,2025-05-01 06:00:00,37.1088,-122.00372,164M,M,245.5,14400,0.0614,4.44207,2
11232000,2025-05-01 10:00:00,37.10737,-122.01019,164M,M,595.4,14400,0.1488,5.54772,2
11246400,2025-05-01 14:00:00,37.1142,-122.01794,164M,M,1024.2,14400,0.2561,5.76066,2
11260800,2025-05-01 18:00:00,37.11438,-122.01807,164M,M,23.1,14400,0.0058,5.15891,1
11275200,2025-05-01 22:00:00,37.12849,-122.05505,164M,M,3634.8,14400,0.9087,5.34209,3
11289600,2025-05-02 02:00:00,37.14717,-122.08722,164M,M,3527.9,14400,0.882,5.24734,3
11304000,2025-05-02 06:00:00,37.15643,-122.10683,164M,M,2020.1,14400,0.505,3.52081,3
11318400,2025-05-02 10:00:00,37.15533,-122.10738,164M,M,131.7,14400,0.0329,5.15217,1
11332800,2025-05-02 14:00:00,37.15539,-122.10754,164M,M,15.7,14400,0.0039,5.49017,1
11347200,2025-05-02 18:00:00,37.15612,-122.10847,164M,M,115.7,14400,0.0289,3.91479,1
11361600,2025-05-02 22:00:00,37.15144,-122.1142,164M,M,727.1,14400,0.1818,3.6615,2
11376000,2025-05-03 02:00:00,37.13006,-122.12955,164M,M,2739.2,14400,0.6848,5.46136,3
11390400,2025-05-03 06:00:00,37.13132,-122.13125,164M,M,205.8,14400,0.0514,3.76876,2
11404800,2025-05-03 10:00:00,37.13121,-122.13135,164M,M,15.1,14400,0.0038,0.81593,1
11419200,2025-05-03 14:00:00,37.1313,-122.13123,164M,M,14.6,14400,0.0037,5.74428,1
11433600,2025-05-03 18:00:00,37.13134,-122.13126,164M,M,5.2,14400,0.0013,3.07746,1
11448000,2025-05-03 22:00:00,37.1188,-122.13025,164M,M,1397.3,14400,0.3493,2.92222,2
11462400,2025-05-04 02:00:00,37.11297,-122.12862,164M,M,664.2,14400,0.166,2.03115,2
11476800,2025-05-04 06:00:00,37.10945,-122.11972,164M,M,880.9,14400,0.2202,2.28451,2
11491200,2025-05-04 10:00:00,37.10849,-122.11833,164M,M,163.1,14400,0.0408,3.89096,1
11505600,2025-05-04 14:00:00,37.10831,-122.11854,164M,M,27.3,14400,0.0068,0.39429,1
11520000,2025-05-04 18:00:00,37.10854,-122.11842,164M,M,27.7,14400,0.0069,3.36601,1
11534400,2025-05-04 22:00:00,37.08911,-122.12398,164M,M,2216.1,14400,0.554,2.13702,3
11548800,2025-05-05 02:00:00,37.06812,-122.08261,164M,M,4349.3,14400,1.0873,2.37436,3
11563200,2025-05-05 06:00:00,37.06217,-122.07542,164M,M,919.1,14400,0.2298,1.80522,2
11577600,2025-05-05 10:00:00,37.06136,-122.07117,164M,M,387.7,14400,0.0969,4.59896,2
11592000,2025-05-05 14:00:00,37.06135,-122.07128,164M,M,9.8,14400,0.0025,0.56817,1
11606400,2025-05-05 18:00:00,37.0614,-122.07124,164M,M,6.6,14400,0.0016,0.46272,1
11620800,2025-05-05 22:00:00,37.06831,-122.06692,164M,M,858.7,14400,0.2147,0.18201,2
11635200,2025-05-06 02:00:00,37.09466,-122.06084,164M,M,2979.2,14400,0.7448,0.3158,3
11649600,2025-05-06 06:00:00,37.13148,-122.04575,164M,M,4307.3,14400,1.0768,1.0419,3
11664000,2025-05-06 10:00:00,37.13469,-122.03886,164M,M,707.4,14400,0.1769,0.4033,2
11678400,2025-05-06 14:00:00,37.1422,-122.03484,164M,M,907.9,14400,0.227,0.11709,2
11692800,2025-05-06 18:00:00,37.15609,-122.03279,164M,M,1555.1,14400,0.3888,1.53457,2
11707200,2025-05-06 22:00:00,37.15696,-122.00254,164M,M,2682.5,14400,0.6706,5.56707,3
11721600,2025-05-07 02:00:00,37.18121,-122.02903,164M,M,3574.9,14400,0.8937,4.92046,3
11736000,2025-05-07 06:00:00,37.1827,-122.03789,164M,M,802.2,14400,0.2006,0.62456,2
11750400,2025-05-07 10:00:00,37.18396,-122.03675,164M,M,172.7,14400,0.0432,2.92542,1
11764800,2025-05-07 14:00:00,37.1824,-122.03632,164M,M,177.6,14400,0.0444,3.20441,1
11779200,2025-05-07 18:00:00,37.18164,-122.03638,164M,M,84.7,14400,0.0212,0.25655,1
11793600,2025-05-07 22:00:00,37.18246,-122.03611,164M,M,94.3,14400,0.0236,3.68716,1
11808000,2025-05-08 02:00:00,37.18225,-122.03627,164M,M,27.3,14400,0.0068,0.09926,1
11822400,2025-05-08 06:00:00,37.18233,-122.03626,164M,M,8.9,14400,0.0022,3.34367,1
11836800,2025-05-08 10:00:00,37.18198,-122.03635,164M,M,39.7,14400,0.0099,1.20224,1
11851200,2025-05-08 14:00:00,37.18202,-122.03622,164M,M,12.3,14400,0.0031,4.18733,1
11865600,2025-05-08 18:00:00,37.18196,-122.03635,164M,M,13.3,14400,0.0033,6.17964,1
11880000,2025-05-08 22:00:00,37.18242,-122.03641,164M,M,51.4,14400,0.0129,2.74244,1
11894400,2025-05-09 02:00:00,37.18225,-122.03632,164M,M,20.5,14400,0.0051,0.48825,1
11908800,2025-05-09 06:00:00,37.18243,-122.0362,164M,M,22.7,14400,0.0057,3.29363,1
11923200,2025-05-09 10:00:00,37.18139,-122.0364,164M,M,117.0,14400,0.0292,0.03463,1
11937600,2025-05-09 14:00:00,37.18162,-122.03639,164M,M,25.6,14400,0.0064,0.80295,1
11952000,2025-05-09 18:00:00,37.18172,-122.03626,164M,M,16.0,14400,0.004,5.93082,1
11966400,2025-05-09 22:00:00,37.18198,-122.03638,164M,M,30.8,14400,0.0077,0.36795,1
11980800,2025-05-10 02:00:00,37.18229,-122.03623,164M,M,36.9,14400,0.0092,0.12679,1
11995200,2025-05-10 06:00:00,37.18254,-122.03619,164M,M,28.0,14400,0.007,3.54339,1
12009600,2025-05-10 10:00:00,37.18209,-122.03643,164M,M,54.4,14400,0.0136,3.01963,1
12024000,2025-05-10 14:00:00,37.18157,-122.03635,164M,M,58.3,14400,0.0146,3.28545,1
12038400,2025-05-10 18:00:00,37.18135,-122.03639,164M,M,24.7,14400,0.0062,0.22259,1
12052800,2025-05-10 22:00:00,37.18223,-122.03614,164M,M,100.3,14400,0.0251,0.30045,1
12067200,2025-05-11 02:00:00,37.18259,-122.036,164M,M,41.9,14400,0.0105,3.50246,1
12081600,2025-05-11 06:00:00,37.1824,-122.03609,164M,M,22.6,14400,0.0056,3.81434,1
12096000,2025-05-11 10:00:00,37.1814,-122.03709,164M,M,142.2,14400,0.0355,5.45225,1
12110400,2025-05-11 14:00:00,37.18148,-122.0372,164M,M,13.2,14400,0.0033,5.07459,1
12124800,2025-05-11 18:00:00,37.18164,-122.03773,164M,M,50.2,14400,0.0126,2.62988,1
12139200,2025-05-11 22:00:00,37.175,-122.03305,164M,M,846.8,14400,0.2117,1.50423,2
12153600,2025-05-12 02:00:00,37.17524,-122.02853,164M,M,401.4,14400,0.1003,2.57207,2
12168000,2025-05-12 06:00:00,37.17412,-122.02763,164M,M,147.9,14400,0.037,4.00696,1
12182400,2025-05-12 10:00:00,37.17374,-122.02819,164M,M,65.2,14400,0.0163,1.06404,1
12196800,2025-05-12 14:00:00,37.17397,-122.02767,164M,M,52.7,14400,0.0132,3.78428,1
12211200,2025-05-12 18:00:00,37.17281,-122.02876,164M,M,161.1,14400,0.0403,4.17204,1
12222000,2025-05-12 21:00:00,37.15964,-122.0563,164M,M,2846.0,10800,0.9487,0.79474,3
12240000,2025-05-13 02:00:00,37.16122,-122.05428,164M,M,250.8,18000,0.0502,4.82604,2
12254400,2025-05-13 06:00:00,37.16233,-122.06649,164M,M,1089.0,14400,0.2723,2.51611,2
12268800,2025-05-13 10:00:00,37.16201,-122.0662,164M,M,43.9,14400,0.011,4.42207,1
12283200,2025-05-13 14:00:00,37.16196,-122.06641,164M,M,19.4,14400,0.0049,5.26555,1
12297600,2025-05-13 18:00:00,37.16258,-122.06767,164M,M,131.2,14400,0.0328,5.01105,1
12312000,2025-05-13 22:00:00,37.16786,-122.0892,164M,M,1996.1,14400,0.499,4.0812,2
12326400,2025-05-14 02:00:00,37.15584,-122.10983,164M,M,2264.6,14400,0.5662,3.2334,3
12340800,2025-05-14 06:00:00,37.13679,-122.11203,164M,M,2127.2,14400,0.5318,3.06204,3
12355200,2025-05-14 10:00:00,37.13639,-122.11199,164M,M,44.6,14400,0.0112,5.46729,1
12369600,2025-05-14 14:00:00,37.13645,-122.11207,164M,M,9.7,14400,0.0024,1.87468,1
12384000,2025-05-14 18:00:00,37.13641,-122.11191,164M,M,14.9,14400,0.0037,2.43674,1
12398400,2025-05-14 22:00:00,37.12428,-122.09897,164M,M,1770.7,14400,0.4427,1.87347,2
12412800,2025-05-15 02:00:00,37.11721,-122.07059,164M,M,2636.2,14400,0.6591,2.72974,3
12427200,2025-05-15 06:00:00,37.11292,-122.06824,164M,M,520.6,14400,0.1301,6.09487,2
12441600,2025-05-15 10:00:00,37.12225,-122.07047,164M,M,1056.1,14400,0.264,6.18384,2
12456000,2025-05-15 14:00:00,37.12241,-122.07049,164M,M,17.9,14400,0.0045,0.63918,1
12470400,2025-05-15 18:00:00,37.12418,-122.06884,164M,M,245.2,14400,0.0613,1.71174,2
12484800,2025-05-15 22:00:00,37.12296,-122.05806,164M,M,965.3,14400,0.2413,1.54591,2
12499200,2025-05-16 02:00:00,37.12341,-122.03528,164M,M,2020.3,14400,0.5051,2.25483,3
12513600,2025-05-16 06:00:00,37.10773,-122.01117,164M,M,2758.7,14400,0.6897,2.3932,3
12528000,2025-05-16 10:00:00,37.1042,-122.00706,164M,M,535.6,14400,0.1339,3.61469,2
12542400,2025-05-16 14:00:00,37.10152,-122.00878,164M,M,334.8,14400,0.0837,3.54724,2
12556800,2025-05-16 18:00:00,37.10126,-122.00892,164M,M,31.5,14400,0.0079,3.36693,1
12571200,2025-05-16 22:00:00,37.08184,-122.0145,164M,M,2215.4,14400,0.5538,1.59299,3
12585600,2025-05-17 02:00:00,37.08139,-121.98924,164M,M,2241.3,14400,0.5603,1.30553,3
12600000,2025-05-17 06:00:00,37.08326,-121.98061,164M,M,793.3,14400,0.1983,4.0642,2
12614400,2025-05-17 10:00:00,37.07955,-121.98675,164M,M,683.3,14400,0.1708,1.33996,2
12628800,2025-05-17 14:00:00,37.07961,-121.98643,164M,M,29.2,14400,0.0073,5.90363,1
12643200,2025-05-17 18:00:00,37.07963,-121.98644,164M,M,2.4,14400,0.0006,0.97804,1
12657600,2025-05-17 22:00:00,37.08287,-121.98041,164M,M,644.9,14400,0.1612,6.23076,2
12672000,2025-05-18 02:00:00,37.09275,-121.98106,164M,M,1100.1,14400,0.275,0.09083,2
12686400,2025-05-18 06:00:00,37.10711,-121.97942,164M,M,1603.4,14400,0.4008,0.37943,2
12700800,2025-05-18 10:00:00,37.10717,-121.97939,164M,M,7.2,14400,0.0018,0.9258,1
12715200,2025-05-18 14:00:00,37.10726,-121.97924,164M,M,16.6,14400,0.0042,3.00945,1
12729600,2025-05-18 18:00:00,37.1072,-121.97923,164M,M,6.7,14400,0.0017,0.21166,1
12744000,2025-05-18 22:00:00,37.1108,-121.97826,164M,M,409.4,14400,0.1024,5.95734,2
12758400,2025-05-19 02:00:00,37.12031,-121.98229,164M,M,1116.2,14400,0.2791,5.764,2
12772800,2025-05-19 06:00:00,37.14759,-122.00185,164M,M,3494.0,14400,0.8735,5.80069,3
12787200,2025-05-19 10:00:00,37.14864,-122.00254,164M,M,131.8,14400,0.033,3.22113,1
12801600,2025-05-19 14:00:00,37.14854,-122.00255,164M,M,11.2,14400,0.0028,0.30864,1
12816000,2025-05-19 18:00:00,37.14859,-122.00253,164M,M,5.8,14400,0.0015,6.0249,1
12830400,2025-05-19 22:00:00,37.16138,-122.00677,164M,M,1471.0,14400,0.3677,6.21499,2
12844800,2025-05-20 02:00:00,37.17048,-122.00755,164M,M,1014.2,14400,0.2536,0.60412,2
12859200,2025-05-20 06:00:00,37.17706,-122.00185,164M,M,889.0,14400,0.2223,0.89758,2
12873600,2025-05-20 10:00:00,37.17767,-122.00089,164M,M,108.8,14400,0.0272,0.45447,1
12888000,2025-05-20 14:00:00,37.17873,-122.00024,164M,M,131.2,14400,0.0328,4.98439,1
12902400,2025-05-20 18:00:00,37.17875,-122.00033,164M,M,8.3,14400,0.0021,5.47143,1
12916800,2025-05-20 22:00:00,37.18401,-122.00729,164M,M,849.9,14400,0.2125,3.90728,2
12931200,2025-05-21 02:00:00,37.1734,-122.02009,164M,M,1636.4,14400,0.4091,4.49868,2
12945600,2025-05-21 06:00:00,37.17189,-122.02882,164M,M,791.5,14400,0.1979,5.17763,2
12960000,2025-05-21 10:00:00,37.17191,-122.02887,164M,M,5.0,14400,0.0012,2.65328,1
12974400,2025-05-21 14:00:00,37.17164,-122.02869,164M,M,34.0,14400,0.0085,1.11676,1
12988800,2025-05-21 18:00:00,37.17171,-122.02851,164M,M,17.7,14400,0.0044,4.65971,1
13003200,2025-05-21 22:00:00,37.17083,-122.04941,164M,M,1854.4,14400,0.4636,4.57956,2
13017600,2025-05-22 02:00:00,37.16686,-122.08664,164M,M,3328.2,14400,0.8321,3.59507,3
13032000,2025-05-22 06:00:00,37.1463,-122.09921,164M,M,2543.1,14400,0.6358,2.5224,3
13046400,2025-05-22 10:00:00,37.14243,-122.09575,164M,M,528.4,14400,0.1321,3.44901,2
13060800,2025-05-22 14:00:00,37.14012,-122.09667,164M,M,269.5,14400,0.0674,4.56658,2
13075200,2025-05-22 18:00:00,37.13988,-122.09872,164M,M,183.7,14400,0.0459,5.41818,1
13089600,2025-05-22 22:00:00,37.14962,-122.11306,164M,M,1669.9,14400,0.4175,5.49794,2
13104000,2025-05-23 02:00:00,37.15253,-122.11671,164M,M,457.5,14400,0.1144,6.08363,2
13118400,2025-05-23 06:00:00,37.15915,-122.11839,164M,M,751.0,14400,0.1878,0.07848,2
13132800,2025-05-23 10:00:00,37.16067,-122.11824,164M,M,169.5,14400,0.0424,2.70703,1
13147200,2025-05-23 14:00:00,37.15976,-122.11771,164M,M,111.6,14400,0.0279,2.80348,1
13161600,2025-05-23 18:00:00,37.15636,-122.11621,164M,M,400.8,14400,0.1002,3.03871,2
13176000,2025-05-23 22:00:00,37.15057,-122.11546,164M,M,647.2,14400,0.1618,5.82318,2
13190400,2025-05-24 02:00:00,37.15094,-122.11569,164M,M,45.9,14400,0.0115,2.68413,1
13204800,2025-05-24 06:00:00,37.1506,-122.11548,164M,M,42.1,14400,0.0105,3.1862,1
13219200,2025-05-24 10:00:00,37.14935,-122.11555,164M,M,139.1,14400,0.0348,0.55204,1
13233600,2025-05-24 14:00:00,37.14957,-122.11538,164M,M,28.7,14400,0.0072,5.90395,1
13248000,2025-05-24 18:00:00,37.14959,-122.11539,164M,M,2.4,14400,0.0006,2.97093,1
13262400,2025-05-24 22:00:00,37.13872,-122.11304,164M,M,1226.5,14400,0.3066,2.91627,2
13276800,2025-05-25 02:00:00,37.11903,-122.10738,164M,M,2246.2,14400,0.5615,3.32904,3
13291200,2025-05-25 06:00:00,37.11512,-122.10831,164M,M,442.5,14400,0.1106,3.15917,2
13305600,2025-05-25 10:00:00,37.11149,-122.10839,164M,M,403.7,14400,0.1009,1.98437,2
13320000,2025-05-25 14:00:00,37.11135,-122.10799,164M,M,38.7,14400,0.0097,3.55189,1
13334400,2025-05-25 18:00:00,37.11124,-122.10805,164M,M,13.3,14400,0.0033,6.25508,1
13348800,2025-05-25 22:00:00,37.11663,-122.10824,164M,M,599.6,14400,0.1499,3.57277,2
13363200,2025-05-26 02:00:00,37.11637,-122.10839,164M,M,31.8,14400,0.008,2.7826,1
13377600,2025-05-26 06:00:00,37.11586,-122.10815,164M,M,60.6,14400,0.0151,3.12954,1
13392000,2025-05-26 10:00:00,37.11123,-122.10808,164M,M,514.9,14400,0.1287,0.30878,2
13406400,2025-05-26 14:00:00,37.11128,-122.10806,164M,M,5.8,14400,0.0015,3.68061,1
13420800,2025-05-26 18:00:00,37.1112,-122.10812,164M,M,10.4,14400,0.0026,6.22101,1
13435200,2025-05-26 22:00:00,37.11658,-122.10854,164M,M,599.4,14400,0.1498,2.4404,2
13449600,2025-05-27 02:00:00,37.11624,-122.10818,164M,M,49.5,14400,0.0124,1.06232,1
13464000,2025-05-27 06:00:00,37.11628,-122.10809,164M,M,9.1,14400,0.0023,1.68274,1
13478400,2025-05-27 10:00:00,37.11602,-122.10519,164M,M,258.8,14400,0.0647,6.0412,2
13492800,2025-05-27 14:00:00,37.11644,-122.10532,164M,M,48.1,14400,0.012,5.45182,1
13507200,2025-05-27 18:00:00,37.11652,-122.10543,164M,M,13.2,14400,0.0033,4.61154,1
13521600,2025-05-27 22:00:00,37.11629,-122.10828,164M,M,254.0,14400,0.0635,0.72902,2
13536000,2025-05-28 02:00:00,37.13257,-122.09004,164M,M,2427.4,14400,0.6068,1.2457,3
13550400,2025-05-28 06:00:00,37.13918,-122.06543,164M,M,2302.0,14400,0.5755,1.53906,3
13564800,2025-05-28 10:00:00,37.13964,-122.0472,164M,M,1616.7,14400,0.4042,4.63164,2
13579200,2025-05-28 14:00:00,37.1396,-122.04782,164M,M,55.1,14400,0.0138,4.53507,1
13593600,2025-05-28 18:00:00,37.13956,-122.0481,164M,M,25.2,14400,0.0063,0.67383,1
13608000,2025-05-28 22:00:00,37.15933,-122.02829,164M,M,2813.4,14400,0.7034,1.31753,3
13622400,2025-05-29 02:00:00,37.16524,-121.99962,164M,M,2624.2,14400,0.656,5.76899,3
13636800,2025-05-29 06:00:00,37.16895,-122.00225,164M,M,473.8,14400,0.1185,6.10192,2
13651200,2025-05-29 10:00:00,37.17621,-122.00392,164M,M,820.7,14400,0.2052,2.26752,2
13665600,2025-05-29 14:00:00,37.17617,-122.00386,164M,M,6.9,14400,0.0017,5.54454,1
13680000,2025-05-29 18:00:00,37.17645,-122.00418,164M,M,42.1,14400,0.0105,3.23599,1
13694400,2025-05-29 22:00:00,37.15591,-122.00662,164M,M,2294.2,14400,0.5735,2.82112,3
13708800,2025-05-30 02:00:00,37.12682,-121.99451,164M,M,3408.1,14400,0.852,3.80745,3
13723200,2025-05-30 06:00:00,37.10116,-122.01978,164M,M,3627.9,14400,0.907,4.0944,3
13737600,2025-05-30 10:00:00,37.0906,-122.0384,164M,M,2026.3,14400,0.5066,3.14159,3
13752000,2025-05-30 14:00:00,37.09047,-122.0384,164M,M,14.5,14400,0.0036,0.27753,1
13766400,2025-05-30 18:00:00,37.09061,-122.03835,164M,M,16.2,14400,0.004,2.93316,1
13780800,2025-05-30 22:00:00,37.08284,-122.03629,164M,M,883.1,14400,0.2208,3.56388,2
13795200,2025-05-31 02:00:00,37.06238,-122.04781,164M,M,2494.1,14400,0.6235,2.16263,3
13809600,2025-05-31 06:00:00,37.06157,-122.0463,164M,M,161.4,14400,0.0404,5.64976,1
13824000,2025-05-31 10:00:00,37.06408,-122.04861,164M,M,346.3,14400,0.0866,4.53468,2
13838400,2025-05-31 14:00:00,37.06365,-122.05161,164M,M,270.4,14400,0.0676,0.0,2
13852800,2025-05-31 18:00:00,37.06366,-122.05161,164M,M,1.1,14400,0.0003,3.82894,1
13867200,2025-05-31 22:00:00,37.05737,-122.05808,164M,M,904.9,14400,0.2262,5.06723,2
13881600,2025-06-01 02:00:00,37.06241,-122.07513,164M,M,1613.4,14400,0.4033,2.40351,2
13896000,2025-06-01 06:00:00,37.05647,-122.06836,164M,M,892.8,14400,0.2232,1.74194,2
13910400,2025-06-01 10:00:00,37.05639,-122.06778,164M,M,52.2,14400,0.0131,5.069,1
13924800,2025-06-01 14:00:00,37.0565,-122.06815,164M,M,35.0,14400,0.0088,0.35291,1
13939200,2025-06-01 18:00:00,37.05663,-122.06809,164M,M,15.4,14400,0.0039,3.21401,1
13953600,2025-06-01 22:00:00,37.05652,-122.0681,164M,M,12.3,14400,0.0031,4.83307,1
13968000,2025-06-02 02:00:00,37.05655,-122.06841,164M,M,27.7,14400,0.0069,1.01109,1
13982400,2025-06-02 06:00:00,37.05657,-122.06837,164M,M,4.2,14400,0.001,1.3827,1
13996800,2025-06-02 10:00:00,37.05669,-122.06758,164M,M,71.4,14400,0.0178,0.127,1
14011200,2025-06-02 14:00:00,37.05694,-122.06754,164M,M,28.0,14400,0.007,3.64839,1
14025600,2025-06-02 18:00:00,37.05648,-122.06786,164M,M,58.5,14400,0.0146,0.06788,1
14040000,2025-06-02 22:00:00,37.06892,-122.0668,164M,M,1386.5,14400,0.3466,0.05969,2
14065200,2025-06-03 05:00:00,37.09348,-122.06496,164M,M,2735.8,25200,0.3908,6.08871,2
14094000,2025-06-03 13:00:00,37.12825,-122.07355,164M,M,3940.6,28800,0.4926,5.74411,2
14122800,2025-06-03 21:00:00,37.15166,-122.09112,164M,M,3033.4,28800,0.3792,0.6091,2
14151600,2025-06-04 05:00:00,37.16434,-122.08002,164M,M,1719.2,28800,0.2149,0.03202,2
14166000,2025-06-04 09:00:00,37.16832,-122.07986,164M,M,442.8,14400,0.1107,1.78953,2
14180400,2025-06-04 13:00:00,37.16801,-122.07811,164M,M,158.8,14400,0.0397,6.00672,1
14194800,2025-06-04 17:00:00,37.16933,-122.07858,164M,M,152.6,14400,0.0381,1.39194,1
14209200,2025-06-04 21:00:00,37.16985,-122.07497,164M,M,325.1,14400,0.0813,2.01263,2
14223600,2025-06-05 01:00:00,37.1614,-122.05256,164M,M,2196.8,14400,0.5492,1.21607,3
14238000,2025-06-05 05:00:00,37.16562,-122.03826,164M,M,1351.3,14400,0.3378,1.56269,2
14252400,2025-06-05 09:00:00,37.16563,-122.03671,164M,M,137.4,14400,0.0343,1.75749,1
14266800,2025-06-05 13:00:00,37.16521,-122.03392,164M,M,251.6,14400,0.0629,1.59951,2
14281200,2025-06-05 17:00:00,37.16515,-122.0313,164M,M,232.3,14400,0.0581,1.6691,2
14310000,2025-06-06 01:00:00,37.16245,-121.99701,164M,M,3053.3,28800,0.3817,3.76884,2
14324400,2025-06-06 05:00:00,37.14766,-122.01046,164M,M,2031.1,14400,0.5078,2.69145,3
14353200,2025-06-06 13:00:00,37.14347,-122.00792,164M,M,517.4,28800,0.0647,2.65077,2
14367600,2025-06-06 17:00:00,37.14171,-122.00674,164M,M,221.9,14400,0.0555,0.68149,2
14382000,2025-06-06 21:00:00,37.14228,-122.00616,164M,M,81.6,14400,0.0204,0.67299,1
14396400,2025-06-07 01:00:00,37.14231,-122.00613,164M,M,4.3,14400,0.0011,1.98761,1
14410800,2025-06-07 05:00:00,37.14219,-122.00579,164M,M,33.0,14400,0.0082,3.51332,1
14425200,2025-06-07 09:00:00,37.12321,-122.01507,164M,M,2265.1,14400,0.5663,4.09056,3
14439600,2025-06-07 13:00:00,37.12317,-122.01514,164M,M,7.6,14400,0.0019,4.40856,1
14454000,2025-06-07 17:00:00,37.12309,-122.01546,164M,M,29.7,14400,0.0074,3.13373,1
14511600,2025-06-08 09:00:00,37.08454,-122.01508,164M,M,4286.7,57600,0.2679,0.56082,2
14569200,2025-06-09 01:00:00,37.10139,-122.00181,164M,M,2212.6,57600,0.1383,3.85679,2
14583600,2025-06-09 05:00:00,37.08607,-122.01849,164M,M,2256.2,14400,0.5641,1.95668,3
14598000,2025-06-09 09:00:00,37.0849,-122.01488,164M,M,345.6,14400,0.0864,4.46674,2
14612400,2025-06-09 13:00:00,37.08489,-122.01493,164M,M,4.6,14400,0.0011,0.84054,1
14626800,2025-06-09 17:00:00,37.08494,-122.01486,164M,M,8.3,14400,0.0021,5.96812,1
14641200,2025-06-09 21:00:00,37.09539,-122.01913,164M,M,1222.2,14400,0.3055,1.23988,2
14655600,2025-06-10 01:00:00,37.10368,-121.98886,164M,M,2838.4,14400,0.7096,1.06411,3
14670000,2025-06-10 05:00:00,37.10715,-121.98102,164M,M,795.1,14400,0.1988,1.96085,2
14684400,2025-06-10 09:00:00,37.10695,-121.98041,164M,M,58.5,14400,0.0146,3.81481,1
14698800,2025-06-10 13:00:00,37.1069,-121.98046,164M,M,7.1,14400,0.0018,0.0,1
14713200,2025-06-10 17:00:00,37.10693,-121.98046,164M,M,3.3,14400,0.0008,3.68064,1
14727600,2025-06-10 21:00:00,37.10689,-121.98049,164M,M,5.2,14400,0.0013,4.46853,1
14742000,2025-06-11 01:00:00,37.10169,-122.00668,164M,M,2393.5,14400,0.5984,1.43237,3
14756400,2025-06-11 05:00:00,37.10171,-122.0065,164M,M,16.1,14400,0.004,5.32193,1
14770800,2025-06-11 09:00:00,37.10313,-122.00905,164M,M,275.8,14400,0.069,2.9894,2
14785200,2025-06-11 13:00:00,37.10287,-122.009,164M,M,29.2,14400,0.0073,4.3551,1
14814000,2025-06-11 21:00:00,37.09607,-122.03183,164M,M,2161.3,28800,0.2702,2.94955,2
14828400,2025-06-12 01:00:00,37.0758,-122.02689,164M,M,2296.1,14400,0.574,1.28003,3
14871600,2025-06-12 13:00:00,37.07844,-122.01583,164M,M,1024.2,43200,0.0853,1.77674,2
14886000,2025-06-12 17:00:00,37.07843,-122.01577,164M,M,5.4,14400,0.0014,4.50707,1
14900400,2025-06-12 21:00:00,37.07788,-122.01908,164M,M,299.9,14400,0.075,3.66057,2
14929200,2025-06-13 05:00:00,37.06479,-122.02845,164M,M,1676.2,28800,0.2095,3.86696,2
14943600,2025-06-13 09:00:00,37.0647,-122.02855,164M,M,13.4,14400,0.0033,0.52583,1
14958000,2025-06-13 13:00:00,37.06481,-122.02847,164M,M,14.1,14400,0.0035,2.03547,1
14972400,2025-06-13 17:00:00,37.06477,-122.02837,164M,M,9.9,14400,0.0025,0.67349,1
14986800,2025-06-13 21:00:00,37.06479,-122.02835,164M,M,2.8,14400,0.0007,0.47847,1
15001200,2025-06-14 01:00:00,37.06499,-122.02822,164M,M,25.1,14400,0.0063,5.27214,1
15030000,2025-06-14 09:00:00,37.06503,-122.0283,164M,M,8.4,28800,0.001,0.67349,1
15058800,2025-06-14 17:00:00,37.06507,-122.02826,164M,M,5.7,28800,0.0007,2.4681,1
15087600,2025-06-15 01:00:00,37.06502,-122.02821,164M,M,7.1,28800,0.0009,5.04173,1
15102000,2025-06-15 05:00:00,37.06508,-122.02843,164M,M,20.6,14400,0.0052,1.81638,1
15116400,2025-06-15 09:00:00,37.06504,-122.02823,164M,M,18.3,14400,0.0046,0.27762,1
15130800,2025-06-15 13:00:00,37.06518,-122.02818,164M,M,16.2,14400,0.004,5.90356,1
15145200,2025-06-15 17:00:00,37.06524,-122.02821,164M,M,7.2,14400,0.0018,3.45055,1
15174000,2025-06-16 01:00:00,37.06499,-122.02831,164M,M,29.2,28800,0.0036,5.81033,1
15217200,2025-06-16 13:00:00,37.08191,-122.03916,164M,M,2113.4,43200,0.1761,1.37822,2
15246000,2025-06-16 21:00:00,37.08212,-122.03781,164M,M,122.0,28800,0.0153,0.02619,1
15289200,2025-06-17 09:00:00,37.13385,-122.03611,164M,M,5754.1,43200,0.4795,0.44617,2
15318000,2025-06-17 17:00:00,37.1339,-122.03608,164M,M,6.2,28800,0.0008,0.11317,1
15332400,2025-06-17 21:00:00,37.15024,-122.03375,164M,M,1828.6,14400,0.4572,1.67364,2
15361200,2025-06-18 05:00:00,37.14785,-122.00474,164M,M,2584.8,28800,0.3231,1.63492,2
15375600,2025-06-18 09:00:00,37.14745,-121.99693,164M,M,693.6,14400,0.1734,6.00408,2
15404400,2025-06-18 17:00:00,37.15012,-121.99789,164M,M,308.8,28800,0.0386,3.33575,1
15418800,2025-06-18 21:00:00,37.14635,-121.99882,164M,M,427.2,14400,0.1068,2.64228,2
15433200,2025-06-19 01:00:00,37.13201,-121.98901,164M,M,1816.2,14400,0.4541,2.81642,2
15447600,2025-06-19 05:00:00,37.11938,-121.98367,164M,M,1482.0,14400,0.3705,2.82001,2
15462000,2025-06-19 09:00:00,37.10765,-121.97877,164M,M,1374.8,14400,0.3437,1.9667,2
15476400,2025-06-19 13:00:00,37.10763,-121.97871,164M,M,5.8,14400,0.0014,2.5107,1
15490800,2025-06-19 17:00:00,37.10537,-121.97664,164M,M,311.2,14400,0.0778,4.19552,2
15505200,2025-06-19 21:00:00,37.10503,-121.97739,164M,M,76.5,14400,0.0191,2.48167,1
15519600,2025-06-20 01:00:00,37.10466,-121.97703,164M,M,52.1,14400,0.013,4.43443,1
15534000,2025-06-20 05:00:00,37.10232,-121.98731,164M,M,948.1,14400,0.237,3.24179,2
15548400,2025-06-20 09:00:00,37.08772,-121.98915,164M,M,1631.6,14400,0.4079,4.57854,2
15606000,2025-06-21 01:00:00,37.08461,-122.01807,164M,M,2588.5,57600,0.1618,0.24184,2
15620400,2025-06-21 05:00:00,37.08862,-122.01683,164M,M,459.3,14400,0.1148,2.95531,2
15634800,2025-06-21 09:00:00,37.0799,-122.01477,164M,M,986.7,14400,0.2467,1.87447,2
15649200,2025-06-21 13:00:00,37.07987,-122.01465,164M,M,11.2,14400,0.0028,3.58746,1
15663600,2025-06-21 17:00:00,37.07765,-122.01598,164M,M,273.6,14400,0.0684,5.07688,2
15692400,2025-06-22 01:00:00,37.08073,-122.0261,164M,M,960.9,28800,0.1201,5.21413,2
15706800,2025-06-22 05:00:00,37.08399,-122.03355,164M,M,753.8,14400,0.1884,3.44667,2
15721200,2025-06-22 09:00:00,37.08361,-122.0337,164M,M,44.3,14400,0.0111,3.92215,1
15750000,2025-06-22 17:00:00,37.07067,-122.04976,164M,M,2024.9,28800,0.2531,3.1369,2
15764400,2025-06-22 21:00:00,37.06217,-122.04971,164M,M,945.2,14400,0.2363,1.79865,2
15778800,2025-06-23 01:00:00,37.05986,-122.03723,164M,M,1136.8,14400,0.2842,0.60618,2
15793200,2025-06-23 05:00:00,37.08346,-122.01672,164M,M,3193.4,14400,0.7983,5.9624,3
15807600,2025-06-23 09:00:00,37.08915,-122.01909,164M,M,666.7,14400,0.1667,5.8555,2
15822000,2025-06-23 13:00:00,37.08929,-122.01917,164M,M,17.1,14400,0.0043,6.17895,1
15836400,2025-06-23 17:00:00,37.09112,-122.01941,164M,M,204.6,14400,0.0511,1.98829,2
15879600,2025-06-24 05:00:00,37.07948,-121.98653,164M,M,3190.9,43200,0.2659,5.76523,2
15894000,2025-06-24 09:00:00,37.07955,-121.98658,164M,M,9.0,14400,0.0022,2.61224,1
15908400,2025-06-24 13:00:00,37.0794,-121.98647,164M,M,19.3,14400,0.0048,6.12496,1
15922800,2025-06-24 17:00:00,37.0796,-121.98651,164M,M,22.5,14400,0.0056,4.99776,1
15966000,2025-06-25 05:00:00,37.08665,-122.01665,164M,M,2786.2,43200,0.2322,0.13918,2
15980400,2025-06-25 09:00:00,37.0887,-122.01629,164M,M,230.2,14400,0.0575,4.63878,2
15994800,2025-06-25 13:00:00,37.08867,-122.0168,164M,M,45.4,14400,0.0113,5.90367,1
16009200,2025-06-25 17:00:00,37.08869,-122.01681,164M,M,2.4,14400,0.0006,0.92591,1
16023600,2025-06-25 21:00:00,37.08875,-122.01671,164M,M,11.1,14400,0.0028,0.21767,1
16038000,2025-06-26 01:00:00,37.10202,-122.01303,164M,M,1511.2,14400,0.3778,1.5124,2
16052400,2025-06-26 05:00:00,37.10362,-121.97861,164M,M,3057.7,14400,0.7644,6.22457,3
16066800,2025-06-26 09:00:00,37.10661,-121.97883,164M,M,333.0,14400,0.0833,0.3088,2
16081200,2025-06-26 13:00:00,37.10666,-121.97881,164M,M,5.8,14400,0.0015,3.81482,1
16095600,2025-06-26 17:00:00,37.10658,-121.97889,164M,M,11.4,14400,0.0028,6.00571,1
16110000,2025-06-26 21:00:00,37.10672,-121.97894,164M,M,16.2,14400,0.004,4.34844,1
16124400,2025-06-27 01:00:00,37.10094,-121.99796,164M,M,1805.0,14400,0.4513,5.18547,2
16153200,2025-06-27 09:00:00,37.10403,-122.00553,164M,M,754.2,28800,0.0943,5.05809,2
16167600,2025-06-27 13:00:00,37.10457,-122.00741,164M,M,177.2,14400,0.0443,3.85723,1
16196400,2025-06-27 21:00:00,37.10246,-122.00971,164M,M,310.9,28800,0.0389,5.50355,1
16210800,2025-06-28 01:00:00,37.11922,-122.03049,164M,M,2620.8,14400,0.6552,5.90103,3
16239600,2025-06-28 09:00:00,37.16179,-122.05196,164M,M,5101.8,28800,0.6377,5.93129,3
16254000,2025-06-28 13:00:00,37.16472,-122.05331,164M,M,347.1,14400,0.0868,0.00422,2
16268400,2025-06-28 17:00:00,37.16661,-122.0533,164M,M,210.2,14400,0.0525,3.96977,2
16297200,2025-06-29 01:00:00,37.15,-122.076,164M,M,2730.9,28800,0.3414,2.68213,2
16311600,2025-06-29 05:00:00,37.12062,-122.05777,164M,M,3644.7,14400,0.9112,4.3724,3
16369200,2025-06-29 21:00:00,37.12051,-122.05816,164M,M,36.7,57600,0.0023,0.36288,1
16426800,2025-06-30 13:00:00,37.12135,-122.05776,164M,M,99.9,57600,0.0062,3.01251,1
16470000,2025-07-01 01:00:00,37.12049,-122.05762,164M,M,96.4,43200,0.008,4.71239,1
16484400,2025-07-01 05:00:00,37.12049,-122.05833,164M,M,63.0,14400,0.0157,2.92746,1
16570800,2025-07-02 05:00:00,37.12016,-122.05824,164M,M,37.6,86400,0.0016,1.98155,1
16585200,2025-07-02 09:00:00,37.11373,-122.03973,164M,M,1790.2,14400,0.4476,2.32527,2
16599600,2025-07-02 13:00:00,37.10801,-122.0321,164M,M,928.6,14400,0.2322,2.68082,2
16642800,2025-07-03 01:00:00,37.08609,-122.01846,164M,M,2721.1,43200,0.2268,1.99738,2
16657200,2025-07-03 05:00:00,37.08547,-122.01675,164M,M,166.6,14400,0.0417,2.38806,1
16671600,2025-07-03 09:00:00,37.08405,-122.01508,164M,M,216.5,14400,0.0541,0.0,2
16686000,2025-07-03 13:00:00,37.08408,-122.01508,164M,M,3.3,14400,0.0008,5.9925,1
16700400,2025-07-03 17:00:00,37.08416,-122.01511,164M,M,9.3,14400,0.0023,0.22174,1
16714800,2025-07-03 21:00:00,37.08508,-122.01485,164M,M,104.9,14400,0.0262,1.35364,1
16729200,2025-07-04 01:00:00,37.09111,-121.98056,164M,M,3114.6,14400,0.7786,6.0997,3
16758000,2025-07-04 09:00:00,37.13158,-121.98998,164M,M,4576.9,28800,0.5721,5.43293,3
16772400,2025-07-04 13:00:00,37.13186,-121.99038,164M,M,47.2,14400,0.0118,1.04602,1
16786800,2025-07-04 17:00:00,37.13192,-121.99025,164M,M,13.3,14400,0.0033,5.63516,1
16815600,2025-07-05 01:00:00,37.15512,-122.01229,164M,M,3235.9,28800,0.4045,1.36465,2
16830000,2025-07-05 05:00:00,37.15513,-122.01223,164M,M,5.4,14400,0.0014,1.70561,1
16858800,2025-07-05 13:00:00,37.15509,-122.01186,164M,M,33.1,28800,0.0041,1.48784,1
16873200,2025-07-05 17:00:00,37.1552,-122.0102,164M,M,147.6,14400,0.0369,4.53944,1
16887600,2025-07-05 21:00:00,37.15498,-122.01178,164M,M,142.1,14400,0.0355,5.21795,1
16902000,2025-07-06 01:00:00,37.15513,-122.01212,164M,M,34.4,14400,0.0086,4.61617,1
16916400,2025-07-06 05:00:00,37.15512,-122.01225,164M,M,11.6,14400,0.0029,4.4133,1
16930800,2025-07-06 09:00:00,37.15425,-122.01579,164M,M,328.3,14400,0.0821,4.16118,2
16959600,2025-07-06 17:00:00,37.15278,-122.01879,164M,M,312.1,28800,0.039,3.86296,1
16988400,2025-07-07 01:00:00,37.14135,-122.0314,164M,M,1692.5,28800,0.2116,3.82475,2
17002800,2025-07-07 05:00:00,37.13417,-122.03873,164M,M,1029.4,14400,0.2573,5.21168,2
17031600,2025-07-07 13:00:00,37.15116,-122.07783,164M,M,3947.2,28800,0.4934,4.33688,2
17046000,2025-07-07 17:00:00,37.14858,-122.08604,164M,M,782.2,14400,0.1955,0.0935,2
17060400,2025-07-07 21:00:00,37.14943,-122.08594,164M,M,94.9,14400,0.0237,4.98802,1
17074800,2025-07-08 01:00:00,37.15586,-122.11448,164M,M,2628.5,14400,0.6571,3.1129,3
17089200,2025-07-08 05:00:00,37.14003,-122.11391,164M,M,1760.9,14400,0.4402,2.42599,2
17103600,2025-07-08 09:00:00,37.13793,-122.11162,164M,M,309.4,14400,0.0774,3.56706,2
17118000,2025-07-08 13:00:00,37.13698,-122.11216,164M,M,116.0,14400,0.029,3.48371,1
17132400,2025-07-08 17:00:00,37.13501,-122.11304,164M,M,232.5,14400,0.0581,2.79798,2
17146800,2025-07-08 21:00:00,37.13169,-122.11155,164M,M,392.1,14400,0.098,3.06193,2
17175600,2025-07-09 05:00:00,37.11301,-122.10968,164M,M,2083.7,28800,0.2605,2.17953,2
17204400,2025-07-09 13:00:00,37.11107,-122.10619,164M,M,377.2,28800,0.0472,2.10974,1
17247600,2025-07-10 01:00:00,37.09364,-122.06966,164M,M,3775.1,43200,0.3146,1.88569,2
17262000,2025-07-10 05:00:00,37.08396,-122.03243,164M,M,3473.3,14400,0.8683,1.06584,3
17276400,2025-07-10 09:00:00,37.08959,-122.01966,164M,M,1294.2,14400,0.3236,2.18772,2
17290800,2025-07-10 13:00:00,37.08916,-122.0189,164M,M,82.6,14400,0.0207,2.76207,1
17305200,2025-07-10 17:00:00,37.08706,-122.01785,164M,M,251.4,14400,0.0628,3.61773,2
17319600,2025-07-10 21:00:00,37.08607,-122.01849,164M,M,123.9,14400,0.031,0.86071,1
17334000,2025-07-11 01:00:00,37.1007,-121.99715,164M,M,2495.8,14400,0.6239,0.33751,3
17406000,2025-07-11 21:00:00,37.10095,-121.99704,164M,M,29.5,72000,0.0015,5.13899,1
17420400,2025-07-12 01:00:00,37.10124,-121.99784,164M,M,77.9,14400,0.0195,5.22207,1
17449200,2025-07-12 09:00:00,37.10469,-122.00558,164M,M,786.3,28800,0.0983,0.03104,2
17550000,2025-07-13 13:00:00,37.10957,-122.00539,164M,M,542.9,100800,0.0194,5.48415,1
17578800,2025-07-13 21:00:00,37.11736,-122.01543,164M,M,1242.1,28800,0.1553,0.159,2
17607600,2025-07-14 05:00:00,37.15409,-122.00804,164M,M,4136.4,28800,0.517,5.07172,3
17622000,2025-07-14 09:00:00,37.15843,-122.02254,164M,M,1372.6,14400,0.3432,3.33826,2
17636400,2025-07-14 13:00:00,37.15831,-122.02257,164M,M,13.6,14400,0.0034,0.03464,1
17650800,2025-07-14 17:00:00,37.15854,-122.02256,164M,M,25.6,14400,0.0064,4.83901,1
17679600,2025-07-15 01:00:00,37.1616,-122.05276,164M,M,2697.8,28800,0.3372,2.09865,2
17694000,2025-07-15 05:00:00,37.16114,-122.05177,164M,M,101.6,14400,0.0254,1.35432,1
17737200,2025-07-15 17:00:00,37.16131,-122.0508,164M,M,88.0,43200,0.0073,4.5314,1
17751600,2025-07-15 21:00:00,37.16117,-122.05176,164M,M,86.5,14400,0.0216,5.9746,1
17766000,2025-07-16 01:00:00,37.16182,-122.05202,164M,M,75.9,14400,0.019,2.06659,1
17823600,2025-07-16 17:00:00,37.16132,-122.05086,164M,M,116.9,57600,0.0073,4.3866,1
17852400,2025-07-17 01:00:00,37.16111,-122.05164,164M,M,73.0,28800,0.0091,1.40403,1
17881200,2025-07-17 09:00:00,37.16122,-122.05082,164M,M,73.7,28800,0.0092,4.3928,1
17938800,2025-07-18 01:00:00,37.16098,-122.05173,164M,M,84.9,57600,0.0053,0.48837,1
17967600,2025-07-18 09:00:00,37.16116,-122.05161,164M,M,22.7,28800,0.0028,2.47718,1
17996400,2025-07-18 17:00:00,37.16058,-122.05104,164M,M,81.9,28800,0.0102,3.1311,1
18025200,2025-07-19 01:00:00,37.14767,-122.05087,164M,M,1435.6,28800,0.1795,1.33417,2
18111600,2025-07-20 01:00:00,37.15678,-122.00342,164M,M,4325.6,86400,0.1802,2.59452,2
18126000,2025-07-20 05:00:00,37.15555,-122.00248,164M,M,160.1,14400,0.04,3.8211,1
18169200,2025-07-20 17:00:00,37.15334,-122.00472,164M,M,315.9,43200,0.0263,5.00008,1
18183600,2025-07-20 21:00:00,37.15413,-122.00807,164M,M,309.6,14400,0.0774,5.1559,2
18198000,2025-07-21 01:00:00,37.15452,-122.0091,164M,M,101.1,14400,0.0253,2.08392,1
18212400,2025-07-21 05:00:00,37.15377,-122.00743,164M,M,169.9,14400,0.0425,1.82329,1
18226800,2025-07-21 09:00:00,37.15326,-122.00495,164M,M,227.0,14400,0.0567,1.18605,2
18255600,2025-07-21 17:00:00,37.15397,-122.00275,164M,M,210.4,28800,0.0263,3.37246,1
18284400,2025-07-22 01:00:00,37.15102,-122.00362,164M,M,337.0,28800,0.0421,6.19653,1
18298800,2025-07-22 05:00:00,37.15524,-122.00408,164M,M,471.0,14400,0.1178,4.12577,2
18313200,2025-07-22 09:00:00,37.15435,-122.00576,164M,M,178.8,14400,0.0447,4.40286,1
18327600,2025-07-22 13:00:00,37.15383,-122.0078,164M,M,189.8,14400,0.0475,5.74441,1
18342000,2025-07-22 17:00:00,37.15391,-122.00786,164M,M,10.4,14400,0.0026,5.14058,1
18356400,2025-07-22 21:00:00,37.15738,-122.0174,164M,M,929.3,14400,0.2323,4.13081,2
18385200,2025-07-23 05:00:00,37.15117,-122.02925,164M,M,1256.9,28800,0.1571,5.5818,2
18399600,2025-07-23 09:00:00,37.15585,-122.03421,164M,M,681.2,14400,0.1703,2.27714,2
18414000,2025-07-23 13:00:00,37.15551,-122.03371,164M,M,58.2,14400,0.0146,0.86369,1
18428400,2025-07-23 17:00:00,37.1563,-122.03255,164M,M,135.2,14400,0.0338,2.039,1
18457200,2025-07-24 01:00:00,37.15551,-122.03059,164M,M,194.6,28800,0.0243,3.88982,1
18471600,2025-07-24 05:00:00,37.15466,-122.03158,164M,M,129.0,14400,0.0322,5.94543,1
18486000,2025-07-24 09:00:00,37.15643,-122.03236,164M,M,208.6,14400,0.0522,3.76548,2
18514800,2025-07-24 17:00:00,37.15385,-122.03469,164M,M,353.5,28800,0.0442,2.86619,1
18543600,2025-07-25 01:00:00,37.1249,-122.02443,164M,M,3345.1,28800,0.4181,2.98719,2
18572400,2025-07-25 09:00:00,37.08728,-122.01709,164M,M,4233.5,28800,0.5292,3.61597,3
18586800,2025-07-25 13:00:00,37.08554,-122.01821,164M,M,217.5,14400,0.0544,2.90089,2
18601200,2025-07-25 17:00:00,37.08541,-122.01817,164M,M,14.9,14400,0.0037,4.28588,1
18630000,2025-07-26 01:00:00,37.08512,-122.01897,164M,M,77.9,28800,0.0097,4.47212,1
18644400,2025-07-26 05:00:00,37.08126,-122.03871,164M,M,1802.9,14400,0.4507,0.29157,2
18658800,2025-07-26 09:00:00,37.08934,-122.03567,164M,M,938.1,14400,0.2345,3.46231,2
18673200,2025-07-26 13:00:00,37.07834,-122.04025,164M,M,1288.9,14400,0.3222,2.35486,2
18687600,2025-07-26 17:00:00,37.07573,-122.03697,164M,M,411.0,14400,0.1027,1.19514,2
18702000,2025-07-26 21:00:00,37.07892,-122.02683,164M,M,967.0,14400,0.2417,0.88269,2
18716400,2025-07-27 01:00:00,37.08517,-122.0173,164M,M,1094.4,14400,0.2736,0.63942,2
18730800,2025-07-27 05:00:00,37.08635,-122.0162,164M,M,163.5,14400,0.0409,5.89735,1
18745200,2025-07-27 09:00:00,37.08798,-122.01703,164M,M,195.6,14400,0.0489,3.52111,1
18759600,2025-07-27 13:00:00,37.0878,-122.01712,164M,M,21.5,14400,0.0054,5.63632,1
18774000,2025-07-27 17:00:00,37.08874,-122.01801,164M,M,131.0,14400,0.0327,3.57348,1
18802800,2025-07-28 01:00:00,37.06961,-122.02906,164M,M,2342.2,28800,0.2928,4.43452,2
18817200,2025-07-28 05:00:00,37.06265,-122.05962,164M,M,2819.8,14400,0.7049,5.26965,3
18831600,2025-07-28 09:00:00,37.06355,-122.06143,164M,M,189.2,14400,0.0473,2.32043,1
18874800,2025-07-28 21:00:00,37.06277,-122.06038,164M,M,127.3,43200,0.0106,4.18751,1
18903600,2025-07-29 05:00:00,37.05703,-122.0728,164M,M,1273.6,28800,0.1592,1.64582,2
18918000,2025-07-29 09:00:00,37.05682,-122.0693,164M,M,311.5,14400,0.0779,1.70194,2
18961200,2025-07-29 21:00:00,37.0567,-122.06816,164M,M,102.0,43200,0.0085,4.81601,1
18975600,2025-07-30 01:00:00,37.05708,-122.07274,164M,M,408.6,14400,0.1022,4.71239,2
18990000,2025-07-30 05:00:00,37.05708,-122.07284,164M,M,8.9,14400,0.0022,1.19687,1
19004400,2025-07-30 09:00:00,37.0577,-122.07086,164M,M,188.7,14400,0.0472,5.37057,1
19018800,2025-07-30 13:00:00,37.05799,-122.07133,164M,M,52.7,14400,0.0132,3.67224,1
19047600,2025-07-30 21:00:00,37.05765,-122.07158,164M,M,43.8,28800,0.0055,4.10123,1
19076400,2025-07-31 05:00:00,37.05713,-122.07251,164M,M,100.8,28800,0.0126,0.46024,1
19105200,2025-07-31 13:00:00,37.05779,-122.0721,164M,M,81.9,28800,0.0102,3.89352,1
19119600,2025-07-31 17:00:00,37.05715,-122.07285,164M,M,97.4,14400,0.0244,1.57078,1
19134000,2025-07-31 21:00:00,37.05715,-122.07029,164M,M,227.2,14400,0.0568,4.15268,2
19148400,2025-08-01 01:00:00,37.05711,-122.07037,164M,M,8.4,14400,0.0021,0.20968,1
19162800,2025-08-01 05:00:00,37.05726,-122.07033,164M,M,17.1,14400,0.0043,3.88579,1
19177200,2025-08-01 09:00:00,37.05713,-122.07048,164M,M,19.7,14400,0.0049,0.64735,1
19206000,2025-08-01 17:00:00,37.05732,-122.0703,164M,M,26.5,28800,0.0033,3.7333,1
19220400,2025-08-01 21:00:00,37.05713,-122.07046,164M,M,25.5,14400,0.0064,0.30899,1
19249200,2025-08-02 05:00:00,37.05723,-122.07042,164M,M,11.7,28800,0.0015,3.55891,1
19263600,2025-08-02 09:00:00,37.05714,-122.07047,164M,M,10.9,14400,0.0027,0.37966,1
19306800,2025-08-02 21:00:00,37.05716,-122.07046,164M,M,2.4,43200,0.0002,2.17981,1
19321200,2025-08-03 01:00:00,37.05598,-122.06834,164M,M,229.4,14400,0.0573,5.97482,2
19335600,2025-08-03 05:00:00,37.05831,-122.06927,164M,M,271.9,14400,0.068,0.25522,2
19350000,2025-08-03 09:00:00,37.06724,-122.06635,164M,M,1026.2,14400,0.2566,0.97117,2
19364400,2025-08-03 13:00:00,37.0673,-122.06624,164M,M,11.8,14400,0.003,0.51803,1
19378800,2025-08-03 17:00:00,37.06751,-122.06609,164M,M,26.9,14400,0.0067,0.13326,1
19450800,2025-08-04 13:00:00,37.16055,-122.05044,164M,M,10438.2,72000,0.5219,1.75537,3
19494000,2025-08-05 01:00:00,37.15419,-122.00775,164M,M,3848.7,43200,0.3207,0.11743,2
19508400,2025-08-05 05:00:00,37.16851,-122.00563,164M,M,1603.4,14400,0.4008,0.21466,2
19522800,2025-08-05 09:00:00,37.17359,-122.00424,164M,M,578.1,14400,0.1445,4.17604,2
19537200,2025-08-05 13:00:00,37.1735,-122.00443,164M,M,19.6,14400,0.0049,3.19927,1
19566000,2025-08-05 21:00:00,37.17281,-122.00448,164M,M,76.9,28800,0.0096,3.15971,1
19580400,2025-08-06 01:00:00,37.14774,-122.00505,164M,M,2788.1,14400,0.697,2.55143,3
19594800,2025-08-06 05:00:00,37.13398,-121.99349,164M,M,1841.5,14400,0.4604,2.7926,2
19753200,2025-08-08 01:00:00,37.13008,-121.99171,164M,M,461.5,158400,0.0105,1.09953,1
19767600,2025-08-08 05:00:00,37.13034,-121.99107,164M,M,63.7,14400,0.0159,1.9668,1
19782000,2025-08-08 09:00:00,37.13014,-121.99047,164M,M,57.7,14400,0.0144,4.21916,1
19825200,2025-08-08 21:00:00,37.13005,-121.99068,164M,M,21.1,43200,0.0018,5.40882,1
19839600,2025-08-09 01:00:00,37.13047,-121.99131,164M,M,72.8,14400,0.0182,2.19666,1
19854000,2025-08-09 05:00:00,37.13013,-121.99072,164M,M,64.5,14400,0.0161,2.91762,1
19868400,2025-08-09 09:00:00,37.12999,-121.99068,164M,M,16.0,14400,0.004,3.60533,1
19940400,2025-08-10 05:00:00,37.08593,-122.0183,164M,M,5477.4,72000,0.2739,2.06678,2
19954800,2025-08-10 09:00:00,37.08454,-122.01508,164M,M,324.8,14400,0.0812,3.18355,2
19969200,2025-08-10 13:00:00,37.08435,-122.01509,164M,M,21.1,14400,0.0053,5.73084,1
20012400,2025-08-11 01:00:00,37.11558,-122.03923,164M,M,4079.5,43200,0.34,0.21066,2
20026800,2025-08-11 05:00:00,37.14719,-122.03075,164M,M,3594.4,14400,0.8986,6.05335,3
20041200,2025-08-11 09:00:00,37.15574,-122.03326,164M,M,976.4,14400,0.2441,0.08672,2
20055600,2025-08-11 13:00:00,37.16014,-122.03278,164M,M,491.1,14400,0.1228,0.37097,2
20084400,2025-08-11 21:00:00,37.16477,-122.03052,164M,M,552.4,28800,0.0691,1.18986,2
20127600,2025-08-12 09:00:00,37.17272,-122.0056,164M,M,2378.5,43200,0.1982,3.49925,2
20142000,2025-08-12 13:00:00,37.17159,-122.00613,164M,M,134.1,14400,0.0335,4.5429,1
20156400,2025-08-12 17:00:00,37.17156,-122.00635,164M,M,19.8,14400,0.0049,2.87099,1
20170800,2025-08-12 21:00:00,37.16863,-122.00533,164M,M,338.1,14400,0.0845,3.24523,2
20185200,2025-08-13 01:00:00,37.15453,-122.00717,164M,M,1576.3,14400,0.3941,3.28947,2
20199600,2025-08-13 05:00:00,37.14736,-122.00851,164M,M,806.1,14400,0.2015,5.25731,2
20214000,2025-08-13 09:00:00,37.15221,-122.01855,164M,M,1040.5,14400,0.2601,5.30651,2
20257200,2025-08-13 21:00:00,37.15642,-122.02637,164M,M,836.3,43200,0.0697,4.86208,2
20300400,2025-08-14 09:00:00,37.16379,-122.08782,164M,M,5506.8,43200,0.4589,3.91948,2
20314800,2025-08-14 13:00:00,37.16307,-122.08871,164M,M,112.4,14400,0.0281,3.76237,1
20358000,2025-08-15 01:00:00,37.13002,-122.11835,164M,M,4517.4,43200,0.3765,2.60743,2
20386800,2025-08-15 09:00:00,37.10749,-122.10164,164M,M,2910.5,28800,0.3638,2.19586,2
20401200,2025-08-15 13:00:00,37.10467,-122.09674,164M,M,535.9,14400,0.134,1.26703,2
20415600,2025-08-15 17:00:00,37.1047,-122.09662,164M,M,11.2,14400,0.0028,0.97285,1
20430000,2025-08-15 21:00:00,37.10514,-122.09581,164M,M,86.9,14400,0.0217,2.51982,1
20473200,2025-08-16 09:00:00,37.06031,-122.05556,164M,M,6131.7,43200,0.511,1.26376,3
20487600,2025-08-16 13:00:00,37.06073,-122.0539,164M,M,154.5,14400,0.0386,3.66419,1
20545200,2025-08-17 05:00:00,37.05692,-122.05665,164M,M,488.9,57600,0.0306,1.69913,1
20559600,2025-08-17 09:00:00,37.05661,-122.05364,164M,M,269.3,14400,0.0673,2.35373,2
20574000,2025-08-17 13:00:00,37.05607,-122.05296,164M,M,85.1,14400,0.0213,4.81669,1
20588400,2025-08-17 17:00:00,37.05644,-122.05739,164M,M,395.3,14400,0.0988,6.27075,2
20602800,2025-08-17 21:00:00,37.06029,-122.05745,164M,M,428.1,14400,0.107,5.05912,2
20617200,2025-08-18 01:00:00,37.06449,-122.07202,164M,M,1374.6,14400,0.3436,1.36489,2
20631600,2025-08-18 05:00:00,37.0645,-122.07196,164M,M,5.4,14400,0.0014,4.48287,1
20646000,2025-08-18 09:00:00,37.06428,-122.07314,164M,M,107.5,14400,0.0269,1.10149,1
20703600,2025-08-19 01:00:00,37.0671,-122.06617,164M,M,693.4,57600,0.0433,1.87576,1
20804400,2025-08-20 05:00:00,37.0631,-122.05025,164M,M,1480.9,100800,0.0529,1.23104,2
20818800,2025-08-20 09:00:00,37.06321,-122.04986,164M,M,36.7,14400,0.0092,4.53524,1
20876400,2025-08-21 01:00:00,37.06319,-122.05,164M,M,12.6,57600,0.0008,1.30482,1
20890800,2025-08-21 05:00:00,37.06324,-122.04977,164M,M,21.2,14400,0.0053,0.41952,1
20948400,2025-08-21 21:00:00,37.08937,-122.03516,164M,M,3181.5,57600,0.1988,6.26902,2
20977200,2025-08-22 05:00:00,37.13271,-122.03593,164M,M,4819.7,28800,0.6025,5.7944,3
21034800,2025-08-22 21:00:00,37.15378,-122.04999,164M,M,2653.7,57600,0.1659,1.40933,2
21063600,2025-08-23 05:00:00,37.156,-122.03288,164M,M,1536.3,28800,0.192,1.23928,2
21078000,2025-08-23 09:00:00,37.15888,-122.02238,164M,M,984.1,14400,0.246,3.57213,2
21092400,2025-08-23 13:00:00,37.15829,-122.02272,164M,M,72.2,14400,0.018,1.41522,1
21106800,2025-08-23 17:00:00,37.15831,-122.02256,164M,M,14.4,14400,0.0036,2.05734,1
21135600,2025-08-24 01:00:00,37.14883,-122.00008,164M,M,2254.0,28800,0.2817,2.71564,2
21150000,2025-08-24 05:00:00,37.11148,-121.97883,164M,M,4560.4,14400,1.1401,3.48586,3
21164400,2025-08-24 09:00:00,37.10781,-121.98048,164M,M,433.5,14400,0.1084,3.47877,2
21178800,2025-08-24 13:00:00,37.10508,-121.98168,164M,M,321.7,14400,0.0804,3.36438,2
21222000,2025-08-25 01:00:00,37.09663,-121.98408,164M,M,963.4,43200,0.0803,3.74388,2
21236400,2025-08-25 05:00:00,37.08296,-121.99586,164M,M,1844.5,14400,0.4611,5.98289,2
21250800,2025-08-25 09:00:00,37.09195,-121.99935,164M,M,1046.5,14400,0.2616,0.89448,2
21265200,2025-08-25 13:00:00,37.09549,-121.99382,164M,M,628.9,14400,0.1572,0.08839,2
21279600,2025-08-25 17:00:00,37.09567,-121.9938,164M,M,20.1,14400,0.005,3.70956,1
21294000,2025-08-25 21:00:00,37.09562,-121.99384,164M,M,6.6,14400,0.0016,5.70488,1
21308400,2025-08-26 01:00:00,37.11028,-122.00584,164M,M,1946.7,14400,0.4867,5.19204,2
21322800,2025-08-26 05:00:00,37.11084,-122.00719,164M,M,134.9,14400,0.0337,1.31269,1
21337200,2025-08-26 09:00:00,37.11088,-122.007,164M,M,17.4,14400,0.0044,2.69531,1
21351600,2025-08-26 13:00:00,37.11083,-122.00697,164M,M,6.2,14400,0.0015,5.08075,1
21394800,2025-08-27 01:00:00,37.12617,-122.05685,164M,M,4740.2,43200,0.395,3.22856,2
21409200,2025-08-27 05:00:00,37.11245,-122.05835,164M,M,1531.4,14400,0.3828,4.11828,2
21423600,2025-08-27 09:00:00,37.1026,-122.07663,164M,M,1956.4,14400,0.4891,0.14405,2
21466800,2025-08-27 21:00:00,37.14365,-122.06916,164M,M,4612.3,43200,0.3844,4.59231,2
21495600,2025-08-28 05:00:00,37.13937,-122.11357,164M,M,3965.1,28800,0.4956,3.18234,2
21510000,2025-08-28 09:00:00,37.13761,-122.11366,164M,M,195.9,14400,0.049,2.02651,1
21524400,2025-08-28 13:00:00,37.13702,-122.11215,164M,M,149.1,14400,0.0373,2.61123,1
21582000,2025-08-29 05:00:00,37.06888,-122.06208,164M,M,8782.1,57600,0.5489,4.4359,3
21596400,2025-08-29 09:00:00,37.06876,-122.06261,164M,M,48.9,14400,0.0122,2.69509,1
21610800,2025-08-29 13:00:00,37.06871,-122.06258,164M,M,6.2,14400,0.0015,4.4668,1
21639600,2025-08-29 21:00:00,37.06858,-122.06323,164M,M,59.5,28800,0.0074,3.62545,1
21654000,2025-08-30 01:00:00,37.05473,-122.07235,164M,M,1739.7,14400,0.4349,1.69122,2
21668400,2025-08-30 05:00:00,37.05347,-122.05931,164M,M,1165.6,14400,0.2914,0.52843,2
21682800,2025-08-30 09:00:00,37.06081,-122.05394,164M,M,945.1,14400,0.2363,3.43236,2
21697200,2025-08-30 13:00:00,37.06073,-122.05397,164M,M,9.3,14400,0.0023,2.08759,1
21726000,2025-08-30 21:00:00,37.0578,-122.04751,164M,M,659.3,28800,0.0824,1.62691,2
21740400,2025-08-31 01:00:00,37.0568,-122.02525,164M,M,1978.4,14400,0.4946,1.50494,2
21754800,2025-08-31 05:00:00,37.05681,-122.02506,164M,M,16.9,14400,0.0042,0.18566,1
21769200,2025-08-31 09:00:00,37.06845,-122.02232,164M,M,1316.9,14400,0.3292,5.60972,2
21783600,2025-08-31 13:00:00,37.06848,-122.02235,164M,M,4.3,14400,0.0011,0.85976,1
21855600,2025-09-01 09:00:00,37.09454,-121.98441,164M,M,4441.2,72000,0.2221,5.62251,2
21884400,2025-09-01 17:00:00,37.09493,-121.98479,164M,M,54.9,28800,0.0069,0.13216,1
21898800,2025-09-01 21:00:00,37.09523,-121.98474,164M,M,33.7,14400,0.0084,0.86587,1
21942000,2025-09-02 09:00:00,37.09561,-121.98418,164M,M,65.2,43200,0.0054,4.41335,1
21956400,2025-09-02 13:00:00,37.09546,-121.98479,164M,M,56.6,14400,0.0142,3.29173,1
21970800,2025-09-02 17:00:00,37.09488,-121.9849,164M,M,65.2,14400,0.0163,0.40707,1
21985200,2025-09-02 21:00:00,37.09525,-121.9847,164M,M,44.8,14400,0.0112,2.70289,1
22071600,2025-09-03 21:00:00,37.09491,-121.9845,164M,M,41.8,86400,0.0017,4.786,1
22100400,2025-09-04 05:00:00,37.09492,-121.98467,164M,M,15.1,28800,0.0019,0.25833,1
22114800,2025-09-04 09:00:00,37.11173,-121.9791,164M,M,1933.4,14400,0.4833,5.77082,2
22186800,2025-09-05 05:00:00,37.15677,-122.01089,164M,M,5746.6,72000,0.2873,4.95725,2
22215600,2025-09-05 13:00:00,37.16096,-122.03194,164M,M,1922.7,28800,0.2403,3.60016,2
22244400,2025-09-05 21:00:00,37.15208,-122.03744,164M,M,1101.2,28800,0.1376,5.0577,2
22273200,2025-09-06 05:00:00,37.16419,-122.07971,164M,M,3980.6,28800,0.4976,1.84894,2
22287600,2025-09-06 09:00:00,37.16147,-122.06776,164M,M,1101.3,14400,0.2753,2.48567,2
22330800,2025-09-06 21:00:00,37.15161,-122.05824,164M,M,1383.4,43200,0.1153,3.34069,2
22345200,2025-09-07 01:00:00,37.12458,-122.06508,164M,M,3066.1,14400,0.7665,3.14389,3
22359600,2025-09-07 05:00:00,37.11765,-122.0651,164M,M,770.6,14400,0.1926,4.39557,2
22388400,2025-09-07 13:00:00,37.11475,-122.07619,164M,M,1034.9,28800,0.1294,3.50656,2
22417200,2025-09-07 21:00:00,37.09782,-122.0843,164M,M,2015.2,28800,0.2519,2.65565,2
22431600,2025-09-08 01:00:00,37.08684,-122.07703,164M,M,1380.7,14400,0.3452,0.50007,2
22446000,2025-09-08 05:00:00,37.09338,-122.07255,164M,M,828.7,14400,0.2072,1.17838,2
22460400,2025-09-08 09:00:00,37.09576,-122.06534,164M,M,692.1,14400,0.173,5.45619,2
22474800,2025-09-08 13:00:00,37.09667,-122.06658,164M,M,149.4,14400,0.0374,2.64291,1
22503600,2025-09-08 21:00:00,37.09522,-122.06559,164M,M,183.6,28800,0.0229,3.00884,1
22518000,2025-09-09 01:00:00,37.07407,-122.06205,164M,M,2372.6,14400,0.5932,3.49686,3
22546800,2025-09-09 09:00:00,37.0557,-122.07059,164M,M,2178.7,28800,0.2723,4.26219,2
22561200,2025-09-09 13:00:00,37.05489,-122.07269,164M,M,207.0,14400,0.0517,3.31399,2
22590000,2025-09-09 21:00:00,37.05434,-122.07281,164M,M,62.1,28800,0.0078,0.20941,1
22604400,2025-09-10 01:00:00,37.05817,-122.07179,164M,M,435.4,14400,0.1088,2.5372,2
22618800,2025-09-10 05:00:00,37.05765,-122.07134,164M,M,70.3,14400,0.0176,1.77762,1
22647600,2025-09-10 13:00:00,37.05695,-122.06716,164M,M,379.0,28800,0.0474,3.31711,1
22662000,2025-09-10 17:00:00,37.05686,-122.06718,164M,M,10.2,14400,0.0025,0.79313,1
22676400,2025-09-10 21:00:00,37.06159,-122.06116,164M,M,749.7,14400,0.1874,1.86383,2
22690800,2025-09-11 01:00:00,37.05591,-122.03758,164M,M,2185.6,14400,0.5464,0.38502,3
22734000,2025-09-11 13:00:00,37.09071,-122.0199,164M,M,4175.4,43200,0.348,6.19893,2
22748400,2025-09-11 17:00:00,37.09156,-122.01999,164M,M,94.9,14400,0.0237,6.14934,1
22762800,2025-09-11 21:00:00,37.11513,-122.02397,164M,M,2644.5,14400,0.6611,5.61018,3
22806000,2025-09-12 09:00:00,37.13402,-122.04286,164M,M,2686.4,43200,0.2239,4.02881,2
22820400,2025-09-12 13:00:00,37.12325,-122.05944,164M,M,1896.0,14400,0.474,3.42173,2
22834800,2025-09-12 17:00:00,37.12228,-122.05979,164M,M,112.2,14400,0.0281,3.55006,1
22878000,2025-09-13 05:00:00,37.08997,-122.07732,164M,M,3914.6,43200,0.3262,0.60636,2
22892400,2025-09-13 09:00:00,37.0938,-122.07399,164M,M,518.3,14400,0.1296,4.65276,2
22906800,2025-09-13 13:00:00,37.09379,-122.0742,164M,M,18.7,14400,0.0047,1.28917,1
22921200,2025-09-13 17:00:00,37.09382,-122.07407,164M,M,12.0,14400,0.003,3.71395,1
22935600,2025-09-13 21:00:00,37.08992,-122.07722,164M,M,515.9,14400,0.129,3.35581,2
22950000,2025-09-14 01:00:00,37.08981,-122.07725,164M,M,12.5,14400,0.0031,6.16671,1
22978800,2025-09-14 09:00:00,37.09799,-122.07845,164M,M,915.8,28800,0.1145,3.0316,2
23022000,2025-09-14 21:00:00,37.0899,-122.07733,164M,M,905.0,43200,0.0754,2.1307,2
23036400,2025-09-15 01:00:00,37.08984,-122.07721,164M,M,12.6,14400,0.0031,5.72511,1
23050800,2025-09-15 05:00:00,37.09007,-122.07739,164M,M,30.1,14400,0.0075,0.0425,1
23065200,2025-09-15 09:00:00,37.11501,-122.07606,164M,M,2775.7,14400,0.6939,5.43837,3
23094000,2025-09-15 17:00:00,37.11564,-122.07695,164M,M,105.5,28800,0.0132,0.22797,1
23108400,2025-09-15 21:00:00,37.12808,-122.07333,164M,M,1420.0,14400,0.355,0.88004,2
23122800,2025-09-16 01:00:00,37.13658,-122.06043,164M,M,1483.6,14400,0.3709,1.14396,2
23137200,2025-09-16 05:00:00,37.14739,-122.0306,164M,M,2904.5,14400,0.7261,3.81455,3
23151600,2025-09-16 09:00:00,37.14723,-122.03076,164M,M,22.8,14400,0.0057,5.79997,1
23166000,2025-09-16 13:00:00,37.15364,-122.03498,164M,M,804.9,14400,0.2012,0.96349,2
23209200,2025-09-17 01:00:00,37.17073,-122.00411,164M,M,3330.8,43200,0.2776,0.00284,2
23223600,2025-09-17 05:00:00,37.18195,-122.00407,164M,M,1247.6,14400,0.3119,3.29233,2
23238000,2025-09-17 09:00:00,37.17534,-122.00533,164M,M,743.4,14400,0.1859,0.41673,2
23252400,2025-09-17 13:00:00,37.17543,-122.00528,164M,M,10.9,14400,0.0027,2.42108,1
23281200,2025-09-17 21:00:00,37.16983,-121.99911,164M,M,828.6,28800,0.1036,3.41176,2
23295600,2025-09-18 01:00:00,37.14594,-122.00741,164M,M,2756.4,14400,0.6891,5.53407,3
23310000,2025-09-18 05:00:00,37.146,-122.00748,164M,M,9.1,14400,0.0023,1.96688,1
23324400,2025-09-18 09:00:00,37.14599,-122.00745,164M,M,2.9,14400,0.0007,2.69549,1
23338800,2025-09-18 13:00:00,37.14594,-122.00742,164M,M,6.2,14400,0.0015,0.34047,1
23353200,2025-09-18 17:00:00,37.14621,-122.0073,164M,M,31.9,14400,0.008,1.27077,1
23367600,2025-09-18 21:00:00,37.14693,-122.00438,164M,M,270.9,14400,0.0677,4.33812,2
23396400,2025-09-19 05:00:00,37.14595,-122.00751,164M,M,298.1,28800,0.0373,2.1194,1
23410800,2025-09-19 09:00:00,37.14576,-122.00712,164M,M,40.5,14400,0.0101,5.315,1
23425200,2025-09-19 13:00:00,37.14593,-122.00743,164M,M,33.4,14400,0.0083,1.5708,1
23439600,2025-09-19 17:00:00,37.14593,-122.00739,164M,M,3.5,14400,0.0009,5.27262,1
23454000,2025-09-19 21:00:00,37.14595,-122.00743,164M,M,4.2,14400,0.001,2.66441,1
23482800,2025-09-20 05:00:00,37.14558,-122.00719,164M,M,46.3,28800,0.0058,0.2597,1
23497200,2025-09-20 09:00:00,37.14576,-122.00713,164M,M,20.7,14400,0.0052,5.25887,1
23511600,2025-09-20 13:00:00,37.14592,-122.00746,164M,M,34.2,14400,0.0086,2.19276,1
23526000,2025-09-20 17:00:00,37.14576,-122.00718,164M,M,30.5,14400,0.0076,5.86852,1
23540400,2025-09-20 21:00:00,37.14643,-122.00755,164M,M,81.4,14400,0.0203,4.27142,1
23569200,2025-09-21 05:00:00,37.13457,-122.03906,164M,M,3088.7,28800,0.3861,3.28036,2
23583600,2025-09-21 09:00:00,37.12909,-122.04002,164M,M,615.3,14400,0.1538,4.31322,2
23626800,2025-09-21 21:00:00,37.12685,-122.04668,164M,M,640.8,43200,0.0534,3.55767,2
23641200,2025-09-22 01:00:00,37.11308,-122.05431,164M,M,1673.9,14400,0.4185,1.09511,2
23670000,2025-09-22 09:00:00,37.12468,-122.02606,164M,M,2817.4,28800,0.3522,4.31199,2
23684400,2025-09-22 13:00:00,37.1236,-122.02926,164M,M,308.1,14400,0.077,2.35641,2
23713200,2025-09-22 21:00:00,37.12009,-122.02486,164M,M,551.8,28800,0.069,2.20296,2
23727600,2025-09-23 01:00:00,37.1102,-122.00793,164M,M,1860.9,14400,0.4652,1.88874,2
23742000,2025-09-23 05:00:00,37.10368,-121.9831,164M,M,2318.2,14400,0.5795,0.61558,3
23799600,2025-09-23 21:00:00,37.10978,-121.97769,164M,M,830.8,57600,0.0519,4.00092,2
23842800,2025-09-24 09:00:00,37.10923,-121.97849,164M,M,93.7,43200,0.0078,1.24128,1
23857200,2025-09-24 13:00:00,37.10926,-121.97838,164M,M,10.3,14400,0.0026,3.8148,1
23871600,2025-09-24 17:00:00,37.10917,-121.97847,164M,M,12.8,14400,0.0032,3.60605,1
23900400,2025-09-25 01:00:00,37.09715,-121.98602,164M,M,1494.9,28800,0.1869,0.99231,2
23914800,2025-09-25 05:00:00,37.0979,-121.98458,164M,M,152.5,14400,0.0381,2.04736,1
23929200,2025-09-25 09:00:00,37.09776,-121.98424,164M,M,33.9,14400,0.0085,3.70955,1
23943600,2025-09-25 13:00:00,37.09771,-121.98428,164M,M,6.6,14400,0.0016,0.25986,1
23958000,2025-09-25 17:00:00,37.09792,-121.98421,164M,M,24.2,14400,0.006,4.52049,1
24001200,2025-09-26 05:00:00,37.08931,-122.03968,164M,M,5012.2,43200,0.4177,0.4447,2
24015600,2025-09-26 09:00:00,37.09008,-122.03922,164M,M,94.8,14400,0.0237,0.25988,1
24030000,2025-09-26 13:00:00,37.09011,-122.03921,164M,M,3.5,14400,0.0009,3.5148,1
24058800,2025-09-26 21:00:00,37.08249,-122.04295,164M,M,909.9,28800,0.1137,4.29217,2
24073200,2025-09-27 01:00:00,37.07671,-122.05916,164M,M,1575.1,14400,0.3938,6.04586,2
24116400,2025-09-27 13:00:00,37.13297,-122.07623,164M,M,6436.4,43200,0.5364,5.14198,3
24130800,2025-09-27 17:00:00,37.13733,-122.08817,164M,M,1164.2,14400,0.291,4.53403,2
24145200,2025-09-27 21:00:00,37.13663,-122.09304,164M,M,438.7,14400,0.1097,6.08427,2
24159600,2025-09-28 01:00:00,37.13924,-122.0937,164M,M,296.1,14400,0.074,0.12686,2
24174000,2025-09-28 05:00:00,37.13949,-122.09366,164M,M,28.0,14400,0.007,3.38061,1
24217200,2025-09-28 17:00:00,37.12974,-122.09664,164M,M,1115.9,43200,0.093,2.24442,2
24231600,2025-09-28 21:00:00,37.12967,-122.09653,164M,M,12.5,14400,0.0031,1.25867,1
24260400,2025-09-29 05:00:00,37.13875,-122.06121,164M,M,3289.8,28800,0.4112,2.22377,2
24303600,2025-09-29 17:00:00,37.12217,-122.03403,164M,M,3033.9,43200,0.2528,2.13089,2
24318000,2025-09-29 21:00:00,37.12213,-122.03395,164M,M,8.4,14400,0.0021,2.76452,1
24332400,2025-09-30 01:00:00,37.11766,-122.03173,164M,M,534.6,14400,0.1336,4.01605,2
24346800,2025-09-30 05:00:00,37.11736,-122.03218,164M,M,52.0,14400,0.013,2.85606,1
24361200,2025-09-30 09:00:00,37.11228,-122.03031,164M,M,588.7,14400,0.1472,1.22676,2
24375600,2025-09-30 13:00:00,37.1123,-122.03024,164M,M,6.6,14400,0.0016,3.99413,1
24390000,2025-09-30 17:00:00,37.11207,-122.03057,164M,M,38.9,14400,0.0097,5.49938,1
24433200,2025-10-01 05:00:00,37.11211,-122.03062,164M,M,6.3,43200,0.0005,1.96122,1
24447600,2025-10-01 09:00:00,37.11147,-122.02867,164M,M,187.0,14400,0.0467,2.52967,1
24462000,2025-10-01 13:00:00,37.11047,-122.02779,164M,M,135.8,14400,0.034,6.15105,1
24476400,2025-10-01 17:00:00,37.11053,-122.0278,164M,M,6.7,14400,0.0017,2.03513,1
24548400,2025-10-02 13:00:00,37.1091,-122.02422,164M,M,355.1,72000,0.0178,2.63766,1
24577200,2025-10-02 21:00:00,37.10249,-122.01965,164M,M,839.3,28800,0.1049,4.06629,2
24591600,2025-10-03 01:00:00,37.09538,-122.03147,164M,M,1313.0,14400,0.3283,4.08912,2
24606000,2025-10-03 05:00:00,37.09171,-122.03787,164M,M,699.1,14400,0.1748,4.41822,2
24620400,2025-10-03 09:00:00,37.09142,-122.03907,164M,M,111.2,14400,0.0278,5.55182,1
24634800,2025-10-03 13:00:00,37.09158,-122.03925,164M,M,23.9,14400,0.006,3.37877,1
24649200,2025-10-03 17:00:00,37.08993,-122.03975,164M,M,188.8,14400,0.0472,3.37893,1
24663600,2025-10-03 21:00:00,37.08373,-122.04163,164M,M,709.3,14400,0.1773,3.60674,2
24678000,2025-10-04 01:00:00,37.05824,-122.05766,164M,M,3171.2,14400,0.7928,5.38678,3
24692400,2025-10-04 05:00:00,37.06046,-122.06114,164M,M,395.3,14400,0.0988,1.84239,2
24706800,2025-10-04 09:00:00,37.06044,-122.06105,164M,M,8.3,14400,0.0021,0.13072,1
24721200,2025-10-04 13:00:00,37.06305,-122.06062,164M,M,292.7,14400,0.0732,3.45906,2
24735600,2025-10-04 17:00:00,37.06288,-122.06069,164M,M,19.9,14400,0.005,4.03808,1
24764400,2025-10-05 01:00:00,37.05474,-122.07345,164M,M,1449.6,28800,0.1812,5.96174,2
24793200,2025-10-05 09:00:00,37.06018,-122.07572,164M,M,637.6,28800,0.0797,3.723,2
24807600,2025-10-05 13:00:00,37.05984,-122.076,164M,M,45.2,14400,0.0113,0.87483,1
24822000,2025-10-05 17:00:00,37.06004,-122.0757,164M,M,34.7,14400,0.0087,3.9097,1
24836400,2025-10-05 21:00:00,37.05985,-122.07593,164M,M,29.4,14400,0.0073,1.02366,1
24850800,2025-10-06 01:00:00,37.0609,-122.07377,164M,M,224.4,14400,0.0561,4.20198,2
24894000,2025-10-06 13:00:00,37.06006,-122.07565,164M,M,191.2,43200,0.0159,0.31747,1
24908400,2025-10-06 17:00:00,37.06023,-122.07558,164M,M,19.9,14400,0.005,3.95799,1
24922800,2025-10-06 21:00:00,37.06002,-122.07586,164M,M,34.1,14400,0.0085,1.09945,1
24951600,2025-10-07 05:00:00,37.06087,-122.07377,164M,M,208.1,28800,0.026,1.08527,1
24966000,2025-10-07 09:00:00,37.06159,-122.07206,164M,M,171.6,14400,0.0429,0.37964,1
24994800,2025-10-07 17:00:00,37.06169,-122.07201,164M,M,12.0,28800,0.0015,4.95796,1
25009200,2025-10-07 21:00:00,37.06171,-122.07211,164M,M,9.1,14400,0.0023,3.44395,1
25023600,2025-10-08 01:00:00,37.05777,-122.07365,164M,M,458.9,14400,0.1147,2.95168,2
25038000,2025-10-08 05:00:00,37.05312,-122.07253,164M,M,526.5,14400,0.1316,0.8327,2
25095600,2025-10-08 21:00:00,37.05598,-122.06859,164M,M,472.6,57600,0.0295,1.85482,1
25110000,2025-10-09 01:00:00,37.05509,-122.06477,164M,M,353.1,14400,0.0883,4.49117,2
25124400,2025-10-09 05:00:00,37.05502,-122.06516,164M,M,35.5,14400,0.0089,5.44246,1
25138800,2025-10-09 09:00:00,37.05537,-122.06565,164M,M,58.4,14400,0.0146,1.10617,1
25153200,2025-10-09 13:00:00,37.05545,-122.06545,164M,M,19.9,14400,0.005,3.39681,1
25167600,2025-10-09 17:00:00,37.05493,-122.06562,164M,M,59.8,14400,0.0149,0.80806,1
25182000,2025-10-09 21:00:00,37.05901,-122.06027,164M,M,656.7,14400,0.1642,1.79659,2
25196400,2025-10-10 01:00:00,37.05474,-122.03699,164M,M,2119.7,14400,0.5299,0.93665,3
25210800,2025-10-10 05:00:00,37.06603,-122.01775,164M,M,2119.1,14400,0.5298,5.27898,3
25225200,2025-10-10 09:00:00,37.06837,-122.02236,164M,M,484.8,14400,0.1212,5.22743,2
25239600,2025-10-10 13:00:00,37.06865,-122.02298,164M,M,63.2,14400,0.0158,2.34342,1
25254000,2025-10-10 17:00:00,37.06858,-122.02289,164M,M,11.2,14400,0.0028,5.64706,1
25268400,2025-10-10 21:00:00,37.071,-122.02513,164M,M,334.5,14400,0.0836,0.31292,2
25282800,2025-10-11 01:00:00,37.07857,-122.02206,164M,M,884.7,14400,0.2212,1.04034,2
25311600,2025-10-11 09:00:00,37.09708,-121.98248,164M,M,4069.6,28800,0.5087,4.52721,3
25326000,2025-10-11 13:00:00,37.09669,-121.98509,164M,M,235.5,14400,0.0589,2.72926,2
25340400,2025-10-11 17:00:00,37.09638,-121.98492,164M,M,37.6,14400,0.0094,5.99782,1
25354800,2025-10-11 21:00:00,37.09725,-121.98524,164M,M,100.8,14400,0.0252,1.35791,1
25369200,2025-10-12 01:00:00,37.09735,-121.98466,164M,M,52.6,14400,0.0132,0.63132,1
25383600,2025-10-12 05:00:00,37.09783,-121.98422,164M,M,66.1,14400,0.0165,3.58795,1
25398000,2025-10-12 09:00:00,37.09768,-121.98431,164M,M,18.5,14400,0.0046,2.46831,1
25412400,2025-10-12 13:00:00,37.09765,-121.98428,164M,M,4.3,14400,0.0011,3.69963,1
25426800,2025-10-12 17:00:00,37.09719,-121.98464,164M,M,60.3,14400,0.0151,1.48148,1
25441200,2025-10-12 21:00:00,37.0972,-121.9845,164M,M,12.5,14400,0.0031,3.22253,1
25455600,2025-10-13 01:00:00,37.09484,-121.98474,164M,M,263.3,14400,0.0658,0.6733,2
25470000,2025-10-13 05:00:00,37.09498,-121.9846,164M,M,19.9,14400,0.005,1.24942,1
25484400,2025-10-13 09:00:00,37.09545,-121.98283,164M,M,165.5,14400,0.0414,5.74612,1
25498800,2025-10-13 13:00:00,37.09762,-121.98445,164M,M,280.8,14400,0.0702,2.71394,2
25513200,2025-10-13 17:00:00,37.09699,-121.98409,164M,M,77.0,14400,0.0192,0.39141,1
25542000,2025-10-14 01:00:00,37.103,-121.98098,164M,M,723.0,28800,0.0904,0.00319,2
25570800,2025-10-14 09:00:00,37.1055,-121.98097,164M,M,278.0,28800,0.0347,0.37491,1
25585200,2025-10-14 13:00:00,37.10779,-121.97984,164M,M,273.6,14400,0.0684,3.17576,2
25599600,2025-10-14 17:00:00,37.10709,-121.97987,164M,M,77.9,14400,0.0195,2.2355,1
25614000,2025-10-14 21:00:00,37.10614,-121.97835,164M,M,171.3,14400,0.0428,3.62706,1
25628400,2025-10-15 01:00:00,37.10292,-121.98048,164M,M,404.8,14400,0.1012,5.03968,2
25686000,2025-10-15 17:00:00,37.10367,-121.98325,164M,M,259.4,57600,0.0162,1.65419,1
25700400,2025-10-15 21:00:00,37.10362,-121.9825,164M,M,66.7,14400,0.0167,0.48868,1
25729200,2025-10-16 05:00:00,37.10368,-121.98246,164M,M,7.6,28800,0.0009,1.71725,1
25772400,2025-10-16 17:00:00,37.10366,-121.98229,164M,M,15.2,43200,0.0013,0.99806,1
25844400,2025-10-17 13:00:00,37.10402,-121.98159,164M,M,73.9,72000,0.0037,4.86026,1
25930800,2025-10-18 13:00:00,37.10703,-122.00695,164M,M,2273.7,86400,0.0947,4.66288,2
25945200,2025-10-18 17:00:00,37.10693,-122.00948,164M,M,224.6,14400,0.0562,5.59456,2
25959600,2025-10-18 21:00:00,37.12395,-122.02705,164M,M,2451.3,14400,0.6128,4.68681,3
25974000,2025-10-19 01:00:00,37.1239,-122.0295,164M,M,217.3,14400,0.0543,5.7006,2
25988400,2025-10-19 05:00:00,37.13485,-122.03855,164M,M,1458.2,14400,0.3645,0.47506,2
26002800,2025-10-19 09:00:00,37.14717,-122.0306,164M,M,1540.5,14400,0.3851,3.43205,2
26031600,2025-10-19 17:00:00,37.14701,-122.03066,164M,M,18.6,28800,0.0023,1.72635,1
26060400,2025-10-20 01:00:00,37.147,-122.03058,164M,M,7.2,28800,0.0009,5.53408,1
26089200,2025-10-20 09:00:00,37.14742,-122.03107,164M,M,63.8,28800,0.008,2.42707,1
26132400,2025-10-20 21:00:00,37.14708,-122.0307,164M,M,50.0,43200,0.0042,2.85114,1
26146800,2025-10-21 01:00:00,37.147,-122.03067,164M,M,9.3,14400,0.0023,6.22827,1
26161200,2025-10-21 05:00:00,37.14729,-122.03069,164M,M,32.3,14400,0.0081,3.45024,1
26218800,2025-10-21 21:00:00,37.14714,-122.03075,164M,M,17.5,57600,0.0011,5.95384,1
26262000,2025-10-22 09:00:00,37.15684,-122.03491,164M,M,1139.9,43200,0.095,5.87311,2
26276400,2025-10-22 13:00:00,37.15706,-122.03503,164M,M,26.7,14400,0.0067,1.27212,1
26290800,2025-10-22 17:00:00,37.15851,-122.02912,164M,M,548.0,14400,0.137,1.84321,2
26305200,2025-10-22 21:00:00,37.15379,-122.00793,164M,M,1949.9,14400,0.4875,5.11426,2
26319600,2025-10-23 01:00:00,37.15505,-122.01165,164M,M,358.2,14400,0.0896,2.56151,2
26334000,2025-10-23 05:00:00,37.14808,-122.00592,164M,M,926.6,14400,0.2316,3.62062,2
26348400,2025-10-23 09:00:00,37.14587,-122.00736,164M,M,276.9,14400,0.0692,3.14159,2
26362800,2025-10-23 13:00:00,37.14586,-122.00736,164M,M,1.1,14400,0.0003,1.17471,1
26377200,2025-10-23 17:00:00,37.14587,-122.00733,164M,M,2.9,14400,0.0007,5.11095,1
26391600,2025-10-23 21:00:00,37.14684,-122.01022,164M,M,277.9,14400,0.0695,1.36175,2
26406000,2025-10-24 01:00:00,37.14837,-122.00117,164M,M,820.0,14400,0.205,3.36442,2
26434800,2025-10-24 09:00:00,37.1464,-122.00173,164M,M,224.6,28800,0.0281,3.19715,1
26449200,2025-10-24 13:00:00,37.14597,-122.00176,164M,M,47.9,14400,0.012,2.63265,1
26463600,2025-10-24 17:00:00,37.14587,-122.00169,164M,M,12.7,14400,0.0032,5.77491,1
26478000,2025-10-24 21:00:00,37.15268,-122.00645,164M,M,866.8,14400,0.2167,4.68883,2
26492400,2025-10-25 01:00:00,37.15256,-122.01283,164M,M,565.6,14400,0.1414,0.42162,2
26506800,2025-10-25 05:00:00,37.15503,-122.01144,164M,M,301.0,14400,0.0753,1.9788,2
26521200,2025-10-25 09:00:00,37.1538,-122.00787,164M,M,344.7,14400,0.0862,1.43557,2
26550000,2025-10-25 17:00:00,37.15389,-122.00704,164M,M,74.2,28800,0.0093,5.04259,1
26564400,2025-10-25 21:00:00,37.15883,-122.02513,164M,M,1694.7,14400,0.4237,0.56758,2
26578800,2025-10-26 01:00:00,37.15968,-122.02445,164M,M,112.1,14400,0.028,2.50236,1
26593200,2025-10-26 05:00:00,37.15567,-122.02071,164M,M,555.6,14400,0.1389,1.73601,2
26607600,2025-10-26 09:00:00,37.15385,-122.00702,164M,M,1230.0,14400,0.3075,4.80575,2
26622000,2025-10-26 13:00:00,37.1539,-122.00769,164M,M,59.6,14400,0.0149,4.44703,1
26636400,2025-10-26 17:00:00,37.15304,-122.01166,164M,M,364.6,14400,0.0912,5.22419,2
26665200,2025-10-27 01:00:00,37.15996,-122.02712,164M,M,1571.4,28800,0.1964,3.16544,2
26679600,2025-10-27 05:00:00,37.13824,-122.02777,164M,M,2415.8,14400,0.604,3.78127,3
26694000,2025-10-27 09:00:00,37.13809,-122.02791,164M,M,20.8,14400,0.0052,0.72227,1
26708400,2025-10-27 13:00:00,37.13828,-122.0277,164M,M,28.2,14400,0.007,6.02346,1
26722800,2025-10-27 17:00:00,37.13837,-122.02773,164M,M,10.4,14400,0.0026,2.84486,1
26737200,2025-10-27 21:00:00,37.12867,-122.02401,164M,M,1127.9,14400,0.282,2.35154,2
26751600,2025-10-28 01:00:00,37.10512,-121.99421,164M,M,3720.1,14400,0.93,2.4933,3
26766000,2025-10-28 05:00:00,37.09499,-121.98459,164M,M,1413.0,14400,0.3533,3.40146,2
26780400,2025-10-28 09:00:00,37.09487,-121.98463,164M,M,13.8,14400,0.0035,1.82628,1
26794800,2025-10-28 13:00:00,37.09482,-121.98439,164M,M,22.0,14400,0.0055,3.14159,1
26809200,2025-10-28 17:00:00,37.09466,-121.98439,164M,M,17.8,14400,0.0044,5.37703,1
26823600,2025-10-28 21:00:00,37.09476,-121.98455,164M,M,18.0,14400,0.0045,2.20623,1
26838000,2025-10-29 01:00:00,37.09466,-121.98438,164M,M,18.7,14400,0.0047,5.50844,1
26852400,2025-10-29 05:00:00,37.09488,-121.98465,164M,M,34.2,14400,0.0086,1.11716,1
26881200,2025-10-29 13:00:00,37.09495,-121.98447,164M,M,17.8,28800,0.0022,3.30515,1
26895600,2025-10-29 17:00:00,37.09466,-121.98453,164M,M,32.7,14400,0.0082,0.25987,1
26924400,2025-10-30 01:00:00,37.09472,-121.98451,164M,M,6.9,28800,0.0009,4.36843,1
26938800,2025-10-30 05:00:00,37.09466,-121.98472,164M,M,19.8,14400,0.0049,3.78384,1
26953200,2025-10-30 09:00:00,37.08936,-121.98969,164M,M,736.0,14400,0.184,3.72185,2
26967600,2025-10-30 13:00:00,37.08835,-121.99052,164M,M,134.3,14400,0.0336,4.28777,1
27039600,2025-10-31 09:00:00,37.07855,-122.01768,164M,M,2644.3,72000,0.1322,4.61189,2
27054000,2025-10-31 13:00:00,37.07841,-122.01942,164M,M,155.1,14400,0.0388,1.5708,1
27068400,2025-10-31 17:00:00,37.07841,-122.01939,164M,M,2.7,14400,0.0007,4.78564,1
27082800,2025-10-31 21:00:00,37.07904,-122.03016,164M,M,958.0,14400,0.2395,4.6981,2
27097200,2025-11-01 01:00:00,37.07872,-122.05795,164M,M,2465.6,14400,0.6164,5.59511,3
27111600,2025-11-01 05:00:00,37.09948,-122.07935,164M,M,2988.6,14400,0.7472,0.11989,3
27126000,2025-11-01 09:00:00,37.1153,-122.07696,164M,M,1771.8,14400,0.443,0.90496,2
27140400,2025-11-01 13:00:00,37.12413,-122.06286,164M,M,1589.6,14400,0.3974,5.91819,2
27154800,2025-11-01 17:00:00,37.1263,-122.0639,164M,M,258.3,14400,0.0646,0.69494,2
27183600,2025-11-02 01:00:00,37.15598,-122.03285,164M,M,4297.3,28800,0.5372,1.53607,3
27194400,2025-11-02 04:00:00,37.15679,-122.00346,164M,M,2606.1,10800,0.8687,2.37614,3
27208800,2025-11-02 08:00:00,37.14564,-121.99002,164M,M,1719.3,14400,0.4298,1.4555,2
27237600,2025-11-02 16:00:00,37.14576,-121.98872,164M,M,116.0,28800,0.0145,2.82481,1
27252000,2025-11-02 20:00:00,37.14238,-121.98733,164M,M,395.5,14400,0.0989,1.48143,2
27266400,2025-11-03 00:00:00,37.1424,-121.98705,164M,M,24.9,14400,0.0062,4.73852,1
27280800,2025-11-03 04:00:00,37.14241,-121.98753,164M,M,42.6,14400,0.0106,3.65231,1
27309600,2025-11-03 12:00:00,37.13531,-121.99252,164M,M,904.9,28800,0.1131,3.39176,2
27338400,2025-11-03 20:00:00,37.13453,-121.99277,164M,M,89.5,28800,0.0112,3.92525,1
27352800,2025-11-04 00:00:00,37.13445,-121.99287,164M,M,12.6,14400,0.0031,2.81333,1
27381600,2025-11-04 08:00:00,37.10635,-121.98087,164M,M,3300.8,28800,0.4126,0.43543,2
27396000,2025-11-04 12:00:00,37.10683,-121.98059,164M,M,58.9,14400,0.0147,0.67322,1
27410400,2025-11-04 16:00:00,37.10698,-121.98044,164M,M,21.3,14400,0.0053,4.60828,1
27439200,2025-11-05 00:00:00,37.10697,-121.98056,164M,M,10.7,28800,0.0013,0.40562,1
27453600,2025-11-05 04:00:00,37.1071,-121.98049,164M,M,15.7,14400,0.0039,0.87635,1
27468000,2025-11-05 08:00:00,37.10799,-121.97915,164M,M,154.6,14400,0.0387,4.52464,1
27482400,2025-11-05 12:00:00,37.10794,-121.97948,164M,M,29.8,14400,0.0074,4.71239,1
27496800,2025-11-05 16:00:00,37.10794,-121.97949,164M,M,0.9,14400,0.0002,3.92765,1
27525600,2025-11-06 00:00:00,37.10704,-121.98062,164M,M,141.6,28800,0.0177,5.57692,1
27612000,2025-11-07 00:00:00,37.15591,-122.03294,164M,M,7144.4,86400,0.2977,2.46869,2
27626400,2025-11-07 04:00:00,37.15589,-122.03292,164M,M,2.8,14400,0.0007,6.17914,1
27655200,2025-11-07 12:00:00,37.16169,-122.03368,164M,M,648.4,28800,0.0811,0.0,2
27669600,2025-11-07 16:00:00,37.16246,-122.03368,164M,M,85.6,14400,0.0214,1.97906,1
27712800,2025-11-08 04:00:00,37.15379,-122.00854,164M,M,2427.5,43200,0.2023,4.78388,2
27727200,2025-11-08 08:00:00,37.15428,-122.01713,164M,M,763.2,14400,0.1908,1.72636,2
27756000,2025-11-08 16:00:00,37.15427,-122.01705,164M,M,7.2,28800,0.0009,4.9933,1
27770400,2025-11-08 20:00:00,37.15733,-122.03036,164M,M,1227.7,14400,0.3069,4.3438,2
27799200,2025-11-09 04:00:00,37.14244,-122.07869,164M,M,4592.3,28800,0.574,4.2129,3
27813600,2025-11-09 08:00:00,37.1346,-122.09671,164M,M,1819.7,14400,0.4549,6.23009,2
27828000,2025-11-09 12:00:00,37.13475,-122.09672,164M,M,16.7,14400,0.0042,3.29506,1
27842400,2025-11-09 16:00:00,37.13408,-122.09685,164M,M,75.4,14400,0.0188,4.05178,1
27856800,2025-11-09 20:00:00,37.13009,-122.10329,164M,M,723.0,14400,0.1808,3.681,2
27871200,2025-11-10 00:00:00,37.127,-122.10561,164M,M,400.4,14400,0.1001,2.25707,2
27885600,2025-11-10 04:00:00,37.12668,-122.10512,164M,M,56.2,14400,0.014,1.92261,1
27900000,2025-11-10 08:00:00,37.1237,-122.09494,164M,M,961.4,14400,0.2404,2.47273,2
27914400,2025-11-10 12:00:00,37.12141,-122.09267,164M,M,324.6,14400,0.0811,0.53896,2
27928800,2025-11-10 16:00:00,37.12161,-122.09252,164M,M,25.9,14400,0.0065,3.0149,1
27943200,2025-11-10 20:00:00,37.10032,-122.08912,164M,M,2386.5,14400,0.5966,2.77767,3
27986400,2025-11-11 08:00:00,37.07973,-122.07929,164M,M,2449.9,43200,0.2042,3.732,2
28015200,2025-11-11 16:00:00,37.07948,-122.0795,164M,M,33.5,28800,0.0042,6.02327,1
28029600,2025-11-11 20:00:00,37.08041,-122.07981,164M,M,107.0,14400,0.0268,2.78627,1
28058400,2025-11-12 04:00:00,37.07955,-122.07941,164M,M,102.0,28800,0.0127,0.92597,1
28072800,2025-11-12 08:00:00,37.07958,-122.07936,164M,M,5.5,14400,0.0014,4.15255,1
28087200,2025-11-12 12:00:00,37.07954,-122.07944,164M,M,8.4,14400,0.0021,0.6734,1
28130400,2025-11-13 00:00:00,37.07963,-122.07935,164M,M,12.8,43200,0.0011,4.71239,1
28144800,2025-11-13 04:00:00,37.07963,-122.07952,164M,M,15.1,14400,0.0038,2.97227,1
28159200,2025-11-13 08:00:00,37.07949,-122.07949,164M,M,15.8,14400,0.0039,1.14989,1
28231200,2025-11-14 04:00:00,37.07954,-122.07935,164M,M,13.6,72000,0.0007,0.11348,1
28274400,2025-11-14 16:00:00,37.07961,-122.07934,164M,M,7.8,43200,0.0007,1.56813,1
28303200,2025-11-15 00:00:00,37.07964,-122.06481,164M,M,1289.0,28800,0.1611,0.09114,2
28317600,2025-11-15 04:00:00,37.09404,-122.06316,164M,M,1607.9,14400,0.402,1.17203,2
28332000,2025-11-15 08:00:00,37.09486,-122.06072,164M,M,234.8,14400,0.0587,5.40858,2
28346400,2025-11-15 12:00:00,37.09488,-122.06075,164M,M,3.5,14400,0.0009,2.46829,1
28360800,2025-11-15 16:00:00,37.09484,-122.06071,164M,M,5.7,14400,0.0014,0.40606,1
28375200,2025-11-15 20:00:00,37.13348,-122.03987,164M,M,4677.1,14400,1.1693,0.27472,3
28404000,2025-11-16 04:00:00,37.15777,-122.03128,164M,M,2806.2,28800,0.3508,1.89593,2
28432800,2025-11-16 12:00:00,37.15759,-122.03061,164M,M,62.7,28800,0.0078,6.16026,1
28461600,2025-11-16 20:00:00,37.16533,-122.03181,164M,M,867.2,28800,0.1084,5.42422,2
28504800,2025-11-17 08:00:00,37.16544,-122.03197,164M,M,18.7,43200,0.0016,0.15805,1
28519200,2025-11-17 12:00:00,37.16549,-122.03196,164M,M,5.6,14400,0.0014,3.88031,1
28533600,2025-11-17 16:00:00,37.16542,-122.03204,164M,M,10.5,14400,0.0026,3.02664,1
28548000,2025-11-17 20:00:00,37.15762,-122.03091,164M,M,873.1,14400,0.2183,1.73876,2
28562400,2025-11-18 00:00:00,37.15757,-122.03054,164M,M,33.3,14400,0.0083,6.13884,1
28576800,2025-11-18 04:00:00,37.16541,-122.03197,164M,M,880.9,14400,0.2202,2.13114,2
28605600,2025-11-18 12:00:00,37.16533,-122.03181,164M,M,16.7,28800,0.0021,1.99889,1
28620000,2025-11-18 16:00:00,37.16525,-122.03159,164M,M,21.4,14400,0.0054,3.48401,1
28634400,2025-11-18 20:00:00,37.16212,-122.03299,164M,M,369.5,14400,0.0924,2.17192,2
28648800,2025-11-19 00:00:00,37.1603,-122.02966,164M,M,357.8,14400,0.0895,3.33901,2
28663200,2025-11-19 04:00:00,37.15775,-122.0303,164M,M,289.2,14400,0.0723,4.0386,2
28692000,2025-11-19 12:00:00,37.15565,-122.0336,164M,M,374.2,28800,0.0468,0.89527,1
28706400,2025-11-19 16:00:00,37.15747,-122.03075,164M,M,323.6,14400,0.0809,1.49431,2
28720800,2025-11-19 20:00:00,37.15887,-122.00779,164M,M,2040.6,14400,0.5102,4.65962,3
28764000,2025-11-20 08:00:00,37.15787,-122.03149,164M,M,2103.2,43200,0.1753,1.66702,2
28778400,2025-11-20 12:00:00,37.15786,-122.03136,164M,M,11.6,14400,0.0029,0.0,1
28792800,2025-11-20 16:00:00,37.15789,-122.03136,164M,M,3.3,14400,0.0008,0.95649,1
28807200,2025-11-20 20:00:00,37.1597,-122.02814,164M,M,349.2,14400,0.0873,1.92576,2
28821600,2025-11-21 00:00:00,37.15418,-122.00946,164M,M,1765.6,14400,0.4414,3.91146,2
28879200,2025-11-21 16:00:00,37.13226,-122.03611,164M,M,3394.2,57600,0.2121,0.10773,2
28893600,2025-11-21 20:00:00,37.15599,-122.03289,164M,M,2654.0,14400,0.6635,0.86985,3
28908000,2025-11-22 00:00:00,37.15751,-122.03063,164M,M,262.1,14400,0.0655,6.21096,2
28922400,2025-11-22 04:00:00,37.17469,-122.03219,164M,M,1915.3,14400,0.4788,2.86435,2
28936800,2025-11-22 08:00:00,37.17399,-122.03194,164M,M,80.9,14400,0.0202,0.52951,1
28951200,2025-11-22 12:00:00,37.17512,-122.03111,164M,M,145.6,14400,0.0364,0.18748,1
28965600,2025-11-22 16:00:00,37.17533,-122.03106,164M,M,23.8,14400,0.0059,2.29795,1
28980000,2025-11-22 20:00:00,37.1552,-122.00268,164M,M,3366.6,14400,0.8417,2.52107,3
28994400,2025-11-23 00:00:00,37.13733,-121.98666,164M,M,2442.2,14400,0.6106,3.16955,3
29008800,2025-11-23 04:00:00,37.10881,-121.98766,164M,M,3172.5,14400,0.7931,2.85979,3
29023200,2025-11-23 08:00:00,37.09542,-121.9828,164M,M,1550.0,14400,0.3875,4.71239,2
29037600,2025-11-23 12:00:00,37.09542,-121.98295,164M,M,13.3,14400,0.0033,1.40147,1
29052000,2025-11-23 16:00:00,37.09545,-121.98273,164M,M,19.8,14400,0.0049,3.88204,1
29095200,2025-11-24 04:00:00,37.08982,-121.98918,164M,M,848.1,43200,0.0707,6.07627,2
29109600,2025-11-24 08:00:00,37.09001,-121.98923,164M,M,21.6,14400,0.0054,4.7968,1
29124000,2025-11-24 12:00:00,37.09012,-121.99086,164M,M,145.1,14400,0.0363,4.77692,1
29138400,2025-11-24 16:00:00,37.09017,-121.99183,164M,M,86.2,14400,0.0216,3.847,1
29152800,2025-11-24 20:00:00,37.06887,-122.01456,164M,M,3110.5,14400,0.7776,4.3956,3
29167200,2025-11-25 00:00:00,37.06189,-122.04123,164M,M,2490.4,14400,0.6226,4.67694,3
29196000,2025-11-25 08:00:00,37.06104,-122.07113,164M,M,2654.8,28800,0.3318,0.05359,2
29210400,2025-11-25 12:00:00,37.06223,-122.07105,164M,M,132.5,14400,0.0331,3.6809,1
29224800,2025-11-25 16:00:00,37.06207,-122.07117,164M,M,20.7,14400,0.0052,5.58216,1
29253600,2025-11-26 00:00:00,37.06605,-122.07538,164M,M,579.1,28800,0.0724,5.90357,2
29282400,2025-11-26 08:00:00,37.06641,-122.07556,164M,M,43.1,28800,0.0054,1.37648,1
29296800,2025-11-26 12:00:00,37.0666,-122.07435,164M,M,109.4,14400,0.0274,5.34765,1
29311200,2025-11-26 16:00:00,37.0667,-122.07452,164M,M,18.7,14400,0.0047,3.14159,1
29325600,2025-11-26 20:00:00,37.06656,-122.07452,164M,M,15.6,14400,0.0039,3.98735,1
29340000,2025-11-27 00:00:00,37.06545,-122.07609,164M,M,186.1,14400,0.0465,1.3363,1
29368800,2025-11-27 08:00:00,37.06727,-122.06654,164M,M,871.2,28800,0.1089,1.96651,2
29383200,2025-11-27 12:00:00,37.06726,-122.06651,164M,M,2.9,14400,0.0007,3.14159,1
29397600,2025-11-27 16:00:00,37.06725,-122.06651,164M,M,1.1,14400,0.0003,0.31829,1
29412000,2025-11-27 20:00:00,37.08001,-122.06124,164M,M,1493.9,14400,0.3735,0.27776,2
29440800,2025-11-28 04:00:00,37.13411,-122.04189,164M,M,6255.6,28800,0.7819,2.01525,3
29455200,2025-11-28 08:00:00,37.1334,-122.04002,164M,M,183.6,14400,0.0459,0.70513,1
29469600,2025-11-28 12:00:00,37.13621,-122.03702,164M,M,410.3,14400,0.1026,0.3276,2
29484000,2025-11-28 16:00:00,37.14585,-122.03291,164M,M,1132.1,14400,0.283,0.13279,2
29498400,2025-11-28 20:00:00,37.16679,-122.0294,164M,M,2349.1,14400,0.5873,0.05801,3
29512800,2025-11-29 00:00:00,37.16926,-122.02922,164M,M,275.1,14400,0.0688,4.01571,2
29527200,2025-11-29 04:00:00,37.16924,-122.02925,164M,M,3.5,14400,0.0009,0.08705,1
29541600,2025-11-29 08:00:00,37.17344,-122.02879,164M,M,468.8,14400,0.1172,0.87409,2
29556000,2025-11-29 12:00:00,37.17354,-122.02864,164M,M,17.3,14400,0.0043,5.66992,1
29584800,2025-11-29 20:00:00,37.18409,-122.03796,164M,M,1434.6,28800,0.1793,1.95008,2
29599200,2025-11-30 00:00:00,37.1774,-122.0169,164M,M,2008.6,14400,0.5021,2.80964,3
29613600,2025-11-30 04:00:00,37.15444,-122.00697,164M,M,2700.4,14400,0.6751,1.22417,3
29628000,2025-11-30 08:00:00,37.15501,-122.00499,164M,M,186.6,14400,0.0466,3.30806,1
29642400,2025-11-30 12:00:00,37.15316,-122.00538,164M,M,208.6,14400,0.0521,2.04901,2
29656800,2025-11-30 16:00:00,37.15228,-122.00325,164M,M,212.6,14400,0.0532,3.20792,2
29671200,2025-11-30 20:00:00,37.14784,-122.00362,164M,M,494.8,14400,0.1237,2.63387,2
29714400,2025-12-01 08:00:00,37.13073,-121.99168,164M,M,2177.1,43200,0.1814,6.15631,2
29728800,2025-12-01 12:00:00,37.13098,-121.99172,164M,M,28.0,14400,0.007,2.85719,1
29743200,2025-12-01 16:00:00,37.13068,-121.99161,164M,M,34.8,14400,0.0087,3.60499,1
29757600,2025-12-01 20:00:00,37.11769,-121.99975,164M,M,1614.7,14400,0.4037,4.67658,2
29772000,2025-12-02 00:00:00,37.11767,-122.00045,164M,M,62.1,14400,0.0155,0.49798,1
29786400,2025-12-02 04:00:00,37.11789,-122.0003,164M,M,27.8,14400,0.007,4.09981,1
29800800,2025-12-02 08:00:00,37.11094,-122.0127,164M,M,1343.9,14400,0.336,0.72008,2
29815200,2025-12-02 12:00:00,37.11104,-122.01259,164M,M,14.8,14400,0.0037,3.47092,1
29829600,2025-12-02 16:00:00,37.11097,-122.01262,164M,M,8.2,14400,0.0021,5.49583,1
29844000,2025-12-02 20:00:00,37.12243,-122.02705,164M,M,1805.8,14400,0.4514,4.97942,2
29872800,2025-12-03 04:00:00,37.13659,-122.09206,164M,M,5974.5,28800,0.7468,3.572,3
29887200,2025-12-03 08:00:00,37.13435,-122.09335,164M,M,274.1,14400,0.0685,1.85256,2
29901600,2025-12-03 12:00:00,37.13432,-122.09322,164M,M,12.0,14400,0.003,0.9566,1
29916000,2025-12-03 16:00:00,37.1364,-122.08952,164M,M,401.3,14400,0.1003,0.33526,2
29930400,2025-12-03 20:00:00,37.1622,-122.07824,164M,M,3038.0,14400,0.7595,1.09892,3
29973600,2025-12-04 08:00:00,37.17808,-122.03917,164M,M,3886.1,43200,0.3238,2.16215,2
29988000,2025-12-04 12:00:00,37.17602,-122.03532,164M,M,410.9,14400,0.1027,2.16831,2
30002400,2025-12-04 16:00:00,37.1748,-122.03307,164M,M,241.1,14400,0.0603,1.43505,2
30016800,2025-12-04 20:00:00,37.17791,-122.00446,164M,M,2558.3,14400,0.6396,3.02194,3
30074400,2025-12-05 12:00:00,37.16883,-122.00309,164M,M,1016.9,57600,0.0636,5.17761,2
30088800,2025-12-05 16:00:00,37.16887,-122.00319,164M,M,9.9,14400,0.0025,3.38422,1
30103200,2025-12-05 20:00:00,37.15425,-122.00773,164M,M,1674.7,14400,0.4187,2.37741,2
30117600,2025-12-06 00:00:00,37.14481,-121.99638,164M,M,1453.9,14400,0.3635,2.75237,2
30132000,2025-12-06 04:00:00,37.11796,-121.98257,164M,M,3226.8,14400,0.8067,0.29056,3
30146400,2025-12-06 08:00:00,37.11812,-121.98251,164M,M,18.6,14400,0.0046,2.1585,1
30160800,2025-12-06 12:00:00,37.11795,-121.98219,164M,M,34.1,14400,0.0085,2.81229,1
30175200,2025-12-06 16:00:00,37.11788,-121.98216,164M,M,8.2,14400,0.0021,3.16152,1
30204000,2025-12-07 00:00:00,37.09547,-121.98272,164M,M,2492.4,28800,0.3115,2.65287,2
30218400,2025-12-07 04:00:00,37.09544,-121.9827,164M,M,3.8,14400,0.0009,3.74231,1
30232800,2025-12-07 08:00:00,37.08821,-121.98891,164M,M,974.5,14400,0.2436,2.17913,2
30247200,2025-12-07 12:00:00,37.08816,-121.98882,164M,M,9.7,14400,0.0024,3.72827,1
30261600,2025-12-07 16:00:00,37.08804,-121.98892,164M,M,16.0,14400,0.004,4.48809,1
30276000,2025-12-07 20:00:00,37.08381,-122.01215,164M,M,2113.6,14400,0.5284,3.55203,3
30376800,2025-12-09 00:00:00,37.06738,-122.02111,164M,M,1992.4,100800,0.0712,3.86391,2
30391200,2025-12-09 04:00:00,37.0546,-122.03522,164M,M,1893.9,14400,0.4735,5.32794,2
30405600,2025-12-09 08:00:00,37.06294,-122.05,164M,M,1606.3,14400,0.4016,5.24899,2
30420000,2025-12-09 12:00:00,37.06453,-122.05335,164M,M,345.9,14400,0.0865,4.234,2
30434400,2025-12-09 16:00:00,37.06441,-122.05364,164M,M,29.0,14400,0.0072,4.25631,1
30448800,2025-12-09 20:00:00,37.0565,-122.07384,164M,M,1996.6,14400,0.4991,1.70491,2
30463200,2025-12-10 00:00:00,37.05601,-122.06929,164M,M,407.4,14400,0.1019,4.15269,2
30477600,2025-12-10 04:00:00,37.056,-122.06931,164M,M,2.1,14400,0.0005,1.23133,1
30492000,2025-12-10 08:00:00,37.05631,-122.06821,164M,M,103.5,14400,0.0259,2.40216,1
30520800,2025-12-10 16:00:00,37.05624,-122.06813,164M,M,10.5,28800,0.0013,5.47941,1
30535200,2025-12-10 20:00:00,37.05634,-122.06826,164M,M,16.0,14400,0.004,0.67773,1
30549600,2025-12-11 00:00:00,37.0575,-122.06709,164M,M,165.6,14400,0.0414,3.49582,1
30564000,2025-12-11 04:00:00,37.05709,-122.06728,164M,M,48.6,14400,0.0122,2.1305,1
30578400,2025-12-11 08:00:00,37.05704,-122.06718,164M,M,10.5,14400,0.0026,6.26868,1
30592800,2025-12-11 12:00:00,37.05759,-122.06719,164M,M,61.2,14400,0.0153,2.76193,1
30621600,2025-12-11 20:00:00,37.05739,-122.06709,164M,M,23.9,28800,0.003,3.7333,1
30636000,2025-12-12 00:00:00,37.0572,-122.06725,164M,M,25.5,14400,0.0064,0.40801,1
30650400,2025-12-12 04:00:00,37.05744,-122.06712,164M,M,29.1,14400,0.0073,0.18418,1
30664800,2025-12-12 08:00:00,37.09362,-122.05867,164M,M,4092.3,14400,1.0231,5.80937,3
30679200,2025-12-12 12:00:00,37.09376,-122.05876,164M,M,17.5,14400,0.0044,1.74801,1
30693600,2025-12-12 16:00:00,37.09375,-122.05869,164M,M,6.3,14400,0.0016,5.72991,1
30708000,2025-12-12 20:00:00,37.11522,-122.07532,164M,M,2806.1,14400,0.7015,6.21837,3
30736800,2025-12-13 04:00:00,37.13696,-122.07709,164M,M,2422.5,28800,0.3028,1.41822,2
30780000,2025-12-13 16:00:00,37.13715,-122.07554,164M,M,139.0,43200,0.0116,1.09566,1
30794400,2025-12-13 20:00:00,37.14787,-122.04939,164M,M,2606.4,14400,0.6516,1.10937,3
30808800,2025-12-14 00:00:00,37.15438,-122.03296,164M,M,1626.2,14400,0.4065,4.48589,2
30823200,2025-12-14 04:00:00,37.15429,-122.03345,164M,M,44.6,14400,0.0111,6.199,1
30837600,2025-12-14 08:00:00,37.15514,-122.03354,164M,M,94.9,14400,0.0237,6.16982,1
30852000,2025-12-14 12:00:00,37.15521,-122.03355,164M,M,7.8,14400,0.002,3.14159,1
30866400,2025-12-14 16:00:00,37.1552,-122.03355,164M,M,1.1,14400,0.0003,1.59156,1
30880800,2025-12-14 20:00:00,37.15489,-122.01491,164M,M,1652.3,14400,0.4131,3.45104,2
30909600,2025-12-15 04:00:00,37.12147,-122.02831,164M,M,3901.4,28800,0.4877,2.2926,2
30938400,2025-12-15 12:00:00,37.10563,-122.00575,164M,M,2665.3,28800,0.3332,3.92544,2
30952800,2025-12-15 16:00:00,37.10555,-122.00585,164M,M,12.6,14400,0.0031,2.90129,1
30981600,2025-12-16 00:00:00,37.07605,-121.99679,164M,M,3377.3,28800,0.4222,1.55178,2
30996000,2025-12-16 04:00:00,37.07614,-121.99085,164M,M,527.1,14400,0.1318,5.75299,2
31010400,2025-12-16 08:00:00,37.08387,-121.99653,164M,M,996.3,14400,0.2491,5.90365,2
31024800,2025-12-16 12:00:00,37.08389,-121.99654,164M,M,2.4,14400,0.0006,0.2599,1
31039200,2025-12-16 16:00:00,37.08395,-121.99652,164M,M,6.9,14400,0.0017,4.13552,1
31053600,2025-12-16 20:00:00,37.08205,-122.00018,164M,M,387.4,14400,0.0968,4.69069,2
31068000,2025-12-17 00:00:00,37.0817,-122.0203,164M,M,1785.2,14400,0.4463,3.44015,2
31082400,2025-12-17 04:00:00,37.06508,-122.02671,164M,M,1933.6,14400,0.4834,5.44569,2
31096800,2025-12-17 08:00:00,37.07175,-122.03599,164M,M,1108.2,14400,0.277,3.14159,2
31111200,2025-12-17 12:00:00,37.07169,-122.03599,164M,M,6.7,14400,0.0017,4.30467,1
31140000,2025-12-17 20:00:00,37.06694,-122.04977,164M,M,1331.8,28800,0.1665,3.97092,2
31154400,2025-12-18 00:00:00,37.05526,-122.06575,164M,M,1922.8,14400,0.4807,5.26499,2
31168800,2025-12-18 04:00:00,37.07372,-122.10328,164M,M,3911.8,14400,0.978,3.09593,3
31183200,2025-12-18 08:00:00,37.06132,-122.10257,164M,M,1380.3,14400,0.3451,3.19824,2
31197600,2025-12-18 12:00:00,37.05935,-122.10271,164M,M,219.4,14400,0.0549,5.27211,2
31212000,2025-12-18 16:00:00,37.05936,-122.10273,164M,M,2.1,14400,0.0005,2.5124,1
31226400,2025-12-18 20:00:00,37.04551,-122.0901,164M,M,1904.7,14400,0.4762,2.9807,2
31269600,2025-12-19 08:00:00,36.97413,-122.0756,164M,M,8040.8,43200,0.6701,1.74774,3
31284000,2025-12-19 12:00:00,36.97412,-122.07553,164M,M,6.3,14400,0.0016,4.19511,1
31298400,2025-12-19 16:00:00,36.97407,-122.07564,164M,M,11.2,14400,0.0028,0.53301,1
31312800,2025-12-19 20:00:00,36.97996,-122.07129,164M,M,760.4,14400,0.1901,4.00118,2
31327200,2025-12-20 00:00:00,36.96975,-122.08612,164M,M,1739.1,14400,0.4348,0.09991,2
31356000,2025-12-20 08:00:00,36.99198,-122.08333,164M,M,2484.3,28800,0.3105,2.62313,2
31370400,2025-12-20 12:00:00,36.99177,-122.08318,164M,M,26.9,14400,0.0067,5.90323,1
31384800,2025-12-20 16:00:00,36.99209,-122.08334,164M,M,38.3,14400,0.0096,0.86999,1
31399200,2025-12-20 20:00:00,37.00961,-122.05733,164M,M,3021.6,14400,0.7554,0.92591,3
31500000,2025-12-22 00:00:00,37.01648,-122.04589,164M,M,1270.9,100800,0.0454,2.92333,1
31514400,2025-12-22 04:00:00,37.0163,-122.04584,164M,M,20.5,14400,0.0051,0.6738,1
31572000,2025-12-22 20:00:00,37.01637,-122.04577,164M,M,10.0,57600,0.0006,3.01936,1
31586400,2025-12-23 00:00:00,37.01624,-122.04575,164M,M,14.6,14400,0.0036,5.6943,1
31615200,2025-12-23 08:00:00,37.01728,-122.04662,164M,M,139.1,28800,0.0174,2.51021,1
31658400,2025-12-23 20:00:00,37.01633,-122.04575,164M,M,130.9,43200,0.0109,6.16961,1
31687200,2025-12-24 04:00:00,37.0164,-122.04576,164M,M,7.8,28800,0.001,4.833,1
31701600,2025-12-24 08:00:00,37.01643,-122.04607,164M,M,27.7,14400,0.0069,0.01963,1
31716000,2025-12-24 12:00:00,37.01765,-122.04604,164M,M,135.7,14400,0.0339,3.00929,1
31773600,2025-12-25 04:00:00,37.01633,-122.04582,164M,M,148.1,57600,0.0093,6.22754,1
31788000,2025-12-25 08:00:00,37.01762,-122.04591,164M,M,143.7,14400,0.0359,4.06796,1
31816800,2025-12-25 16:00:00,37.01756,-122.04601,164M,M,11.1,28800,0.0014,3.16616,1
31831200,2025-12-25 20:00:00,37.01626,-122.04605,164M,M,144.6,14400,0.0361,0.41997,1
31874400,2025-12-26 08:00:00,37.03889,-122.03339,164M,M,2755.9,43200,0.2297,5.60953,2
31888800,2025-12-26 12:00:00,37.03894,-122.03344,164M,M,7.1,14400,0.0018,1.17522,1
31903200,2025-12-26 16:00:00,37.03897,-122.03335,164M,M,8.7,14400,0.0022,4.98391,1
31917600,2025-12-26 20:00:00,37.03899,-122.03344,164M,M,8.3,14400,0.0021,6.17141,1
31932000,2025-12-27 00:00:00,37.04667,-122.03452,164M,M,859.3,14400,0.2148,6.07676,2
31946400,2025-12-27 04:00:00,37.07932,-122.04309,164M,M,3709.3,14400,0.9273,0.6166,3
31960800,2025-12-27 08:00:00,37.1082,-122.01742,164M,M,3936.5,14400,0.9841,5.96617,3
31989600,2025-12-27 16:00:00,37.14559,-122.03281,164M,M,4375.7,28800,0.547,0.79569,3
32018400,2025-12-28 00:00:00,37.1681,-122.00397,164M,M,3577.3,28800,0.4472,5.04433,2
32047200,2025-12-28 08:00:00,37.17554,-122.03107,164M,M,2539.7,28800,0.3175,2.26751,2
32061600,2025-12-28 12:00:00,37.1755,-122.03101,164M,M,6.9,14400,0.0017,0.30854,1
32076000,2025-12-28 16:00:00,37.17555,-122.03099,164M,M,5.8,14400,0.0015,5.56364,1
32090400,2025-12-28 20:00:00,37.18805,-122.04474,164M,M,1848.2,14400,0.462,3.13654,2
32119200,2025-12-29 04:00:00,37.17385,-122.04465,164M,M,1579.0,28800,0.1974,2.98356,2
32133600,2025-12-29 08:00:00,37.1737,-122.04462,164M,M,16.9,14400,0.0042,4.20987,1
32148000,2025-12-29 12:00:00,37.17243,-122.04752,164M,M,293.2,14400,0.0733,0.91317,2
32162400,2025-12-29 16:00:00,37.17251,-122.04739,164M,M,14.6,14400,0.0036,5.27409,1
32176800,2025-12-29 20:00:00,37.178,-122.05834,164M,M,1146.2,14400,0.2866,3.50958,2
32191200,2025-12-30 00:00:00,37.16965,-122.06238,164M,M,995.1,14400,0.2488,4.31994,2
32205600,2025-12-30 04:00:00,37.16775,-122.06814,164M,M,552.4,14400,0.1381,4.42123,2
32220000,2025-12-30 08:00:00,37.16743,-122.06948,164M,M,124.0,14400,0.031,0.56754,1
32234400,2025-12-30 12:00:00,37.16748,-122.06944,164M,M,6.6,14400,0.0016,2.77434,1
32306400,2025-12-31 08:00:00,37.16632,-122.06888,164M,M,138.2,72000,0.0069,3.95282,1
32320800,2025-12-31 12:00:00,37.16604,-122.06925,164M,M,45.2,14400,0.0113,1.67855,1
32335200,2025-12-31 16:00:00,37.16599,-122.06867,164M,M,51.7,14400,0.0129,2.4467,1
32407200,2026-01-01 12:00:00,37.14718,-122.049,164M,M,2722.7,72000,0.1361,3.54687,2
32450400,2026-01-02 00:00:00,37.10219,-122.0732,164M,M,5443.3,43200,0.4536,0.78861,2
32493600,2026-01-02 12:00:00,37.1309,-122.03695,164M,M,4530.2,43200,0.3775,0.10126,2
32508000,2026-01-02 16:00:00,37.13192,-122.03682,164M,M,114.0,14400,0.0285,0.5391,1
32522400,2026-01-02 20:00:00,37.14643,-122.02593,164M,M,1880.2,14400,0.47,2.06793,2
32623200,2026-01-04 00:00:00,37.13154,-121.99152,164M,M,3470.6,100800,0.1239,5.61012,2
32695200,2026-01-04 20:00:00,37.13166,-121.99164,164M,M,17.1,72000,0.0009,3.31537,1
32709600,2026-01-05 00:00:00,37.1109,-121.99621,164M,M,2343.7,14400,0.5859,3.57615,3
32796000,2026-01-06 00:00:00,37.08106,-122.01357,164M,M,3657.9,86400,0.1524,5.89195,2
32839200,2026-01-06 12:00:00,37.08311,-122.01463,164M,M,246.6,43200,0.0205,0.56804,1
32853600,2026-01-06 16:00:00,37.08316,-122.01459,164M,M,6.6,14400,0.0016,6.05938,1
32868000,2026-01-06 20:00:00,37.0956,-122.01814,164M,M,1418.7,14400,0.3547,6.00116,2
32896800,2026-01-07 04:00:00,37.15023,-122.038,164M,M,6324.6,28800,0.7906,0.72553,3
32911200,2026-01-07 08:00:00,37.15891,-122.02834,164M,M,1290.1,14400,0.3225,4.59881,2
32925600,2026-01-07 12:00:00,37.15889,-122.02856,164M,M,19.6,14400,0.0049,1.87651,1
32940000,2026-01-07 16:00:00,37.15848,-122.02693,164M,M,151.5,14400,0.0379,1.65589,1
32954400,2026-01-07 20:00:00,37.15685,-122.00299,164M,M,2129.3,14400,0.5323,5.52844,3
32983200,2026-01-08 04:00:00,37.18772,-122.03944,164M,M,4713.0,28800,0.5891,4.26281,3
32997600,2026-01-08 08:00:00,37.18604,-122.04381,164M,M,429.8,14400,0.1075,2.99774,2
33012000,2026-01-08 12:00:00,37.18593,-122.04379,164M,M,12.4,14400,0.0031,0.82678,1
33026400,2026-01-08 16:00:00,37.18604,-122.04364,164M,M,18.1,14400,0.0045,3.21916,1
33040800,2026-01-08 20:00:00,37.18563,-122.04368,164M,M,45.7,14400,0.0114,5.27286,1
33069600,2026-01-09 04:00:00,37.18574,-122.0439,164M,M,23.0,28800,0.0029,2.99163,1
33084000,2026-01-09 08:00:00,37.18516,-122.04379,164M,M,65.2,14400,0.0163,2.32602,1
33098400,2026-01-09 12:00:00,37.1851,-122.04371,164M,M,9.7,14400,0.0024,6.1657,1
33127200,2026-01-09 20:00:00,37.18564,-122.04379,164M,M,60.5,28800,0.0076,2.76252,1
33141600,2026-01-10 00:00:00,37.18556,-122.04375,164M,M,9.6,14400,0.0024,4.88982,1
33156000,2026-01-10 04:00:00,37.18557,-122.04382,164M,M,6.3,14400,0.0016,6.21301,1
33170400,2026-01-10 08:00:00,37.18591,-122.04385,164M,M,37.9,14400,0.0095,5.99287,1
33184800,2026-01-10 12:00:00,37.18599,-122.04388,164M,M,9.3,14400,0.0023,0.37907,1
33199200,2026-01-10 16:00:00,37.18607,-122.04384,164M,M,9.6,14400,0.0024,1.32484,1
33213600,2026-01-10 20:00:00,37.18609,-122.04374,164M,M,9.1,14400,0.0023,1.66999,1
33228000,2026-01-11 00:00:00,37.18591,-122.04147,164M,M,202.1,14400,0.0505,2.92108,2
33256800,2026-01-11 08:00:00,37.16049,-122.03432,164M,M,2896.7,28800,0.3621,0.74902,2
33271200,2026-01-11 12:00:00,37.16055,-122.03425,164M,M,9.1,14400,0.0023,0.11336,1
33285600,2026-01-11 16:00:00,37.16062,-122.03424,164M,M,7.8,14400,0.002,3.18701,1
33300000,2026-01-11 20:00:00,37.15571,-122.03452,164M,M,546.5,14400,0.1366,3.9407,2
33343200,2026-01-12 08:00:00,37.14233,-122.05177,164M,M,2133.3,43200,0.1778,4.0905,2
33357600,2026-01-12 12:00:00,37.13769,-122.05989,164M,M,885.6,14400,0.2214,3.38039,2
33372000,2026-01-12 16:00:00,37.12888,-122.06258,164M,M,1008.2,14400,0.2521,3.47645,2
33386400,2026-01-12 20:00:00,37.10878,-122.07135,164M,M,2366.4,14400,0.5916,3.69123,3
33400800,2026-01-13 00:00:00,37.10395,-122.07506,164M,M,629.8,14400,0.1575,1.17491,2
33415200,2026-01-13 04:00:00,37.10396,-122.07503,164M,M,2.9,14400,0.0007,5.86148,1
33429600,2026-01-13 08:00:00,37.10412,-122.07512,164M,M,19.5,14400,0.0049,0.55522,1
33444000,2026-01-13 12:00:00,37.10421,-122.07505,164M,M,11.8,14400,0.0029,1.35304,1
33458400,2026-01-13 16:00:00,37.10424,-122.07488,164M,M,15.4,14400,0.0039,0.61355,1
33472800,2026-01-13 20:00:00,37.11134,-122.06861,164M,M,965.6,14400,0.2414,0.11917,2
33487200,2026-01-14 00:00:00,37.12579,-122.06644,164M,M,1618.2,14400,0.4046,1.43419,2
33501600,2026-01-14 04:00:00,37.12611,-122.06352,164M,M,261.3,14400,0.0653,6.11559,2
33516000,2026-01-14 08:00:00,37.12988,-122.06432,164M,M,425.2,14400,0.1063,3.29972,2
33530400,2026-01-14 12:00:00,37.12943,-122.06441,164M,M,50.7,14400,0.0127,1.81215,1
33544800,2026-01-14 16:00:00,37.1288,-122.0612,164M,M,293.1,14400,0.0733,3.46064,2
33559200,2026-01-14 20:00:00,37.11137,-122.06842,164M,M,2041.1,14400,0.5103,3.52101,3
33573600,2026-01-15 00:00:00,37.11125,-122.06848,164M,M,14.4,14400,0.0036,4.15236,1
33588000,2026-01-15 04:00:00,37.11118,-122.06862,164M,M,14.7,14400,0.0037,3.98196,1
33602400,2026-01-15 08:00:00,37.11113,-122.06869,164M,M,8.3,14400,0.0021,5.04191,1
33616800,2026-01-15 12:00:00,37.11116,-122.0688,164M,M,10.3,14400,0.0026,4.98416,1
33631200,2026-01-15 16:00:00,37.1112,-122.06898,164M,M,16.6,14400,0.0041,0.35267,1
33674400,2026-01-16 04:00:00,37.11146,-122.06886,164M,M,30.8,43200,0.0026,5.49938,1
33703200,2026-01-16 12:00:00,37.11182,-122.06931,164M,M,56.5,28800,0.0071,2.31187,1
33746400,2026-01-17 00:00:00,37.11128,-122.06857,164M,M,88.9,43200,0.0074,3.14159,1
33760800,2026-01-17 04:00:00,37.11101,-122.06857,164M,M,30.0,14400,0.0075,5.6382,1
33775200,2026-01-17 08:00:00,37.11154,-122.06907,164M,M,73.7,14400,0.0184,1.39354,1
33789600,2026-01-17 12:00:00,37.11157,-122.06886,164M,M,18.9,14400,0.0047,0.78169,1
33832800,2026-01-18 00:00:00,37.13082,-122.04489,164M,M,3016.4,43200,0.2514,2.94486,2
33847200,2026-01-18 04:00:00,37.13078,-122.04488,164M,M,4.5,14400,0.0011,0.67307,1
33861600,2026-01-18 08:00:00,37.13081,-122.04485,164M,M,4.3,14400,0.0011,0.61961,1
33876000,2026-01-18 12:00:00,37.13176,-122.044,164M,M,129.8,14400,0.0324,0.96985,1
33890400,2026-01-18 16:00:00,37.13464,-122.03873,164M,M,566.4,14400,0.1416,0.90361,2
33919200,2026-01-19 00:00:00,37.15411,-122.00771,164M,M,3499.5,28800,0.4374,0.88171,2
33933600,2026-01-19 04:00:00,37.15476,-122.00672,164M,M,113.7,14400,0.0284,0.18295,1
33962400,2026-01-19 12:00:00,37.16725,-122.00382,164M,M,1412.4,28800,0.1766,0.67283,2
33976800,2026-01-19 16:00:00,37.16734,-122.00373,164M,M,12.8,14400,0.0032,4.82352,1
33991200,2026-01-19 20:00:00,37.16814,-122.01273,164M,M,802.4,14400,0.2006,2.57076,2
34005600,2026-01-20 00:00:00,37.14541,-121.99442,164M,M,3003.5,14400,0.7509,5.41288,3
34020000,2026-01-20 04:00:00,37.14666,-121.99628,164M,M,215.6,14400,0.0539,4.85429,2
34048800,2026-01-20 12:00:00,37.14726,-122.00155,164M,M,471.8,28800,0.059,2.93483,2
34063200,2026-01-20 16:00:00,37.14707,-122.0015,164M,M,21.6,14400,0.0054,3.56773,1
34092000,2026-01-21 00:00:00,37.12905,-122.01176,164M,M,2200.5,28800,0.2751,3.55552,2
34120800,2026-01-21 08:00:00,37.08056,-122.03846,164M,M,5888.8,28800,0.7361,2.03555,3
34135200,2026-01-21 12:00:00,37.08054,-122.03841,164M,M,5.0,14400,0.0012,3.58803,1
34149600,2026-01-21 16:00:00,37.08049,-122.03844,164M,M,6.2,14400,0.0015,4.03378,1
34178400,2026-01-22 00:00:00,37.06077,-122.06908,164M,M,3492.6,28800,0.4366,4.39386,2
34192800,2026-01-22 04:00:00,37.06007,-122.07174,164M,M,248.5,14400,0.0621,0.28023,2
34207200,2026-01-22 08:00:00,37.06129,-122.0713,164M,M,141.2,14400,0.0353,6.05266,1
34236000,2026-01-22 16:00:00,37.06146,-122.07135,164M,M,19.4,28800,0.0024,0.43247,1
34264800,2026-01-23 00:00:00,37.07425,-122.06395,164M,M,1566.4,28800,0.1958,0.54179,2
34279200,2026-01-23 04:00:00,37.08757,-122.0539,164M,M,1728.7,14400,0.4322,2.47951,2
34293600,2026-01-23 08:00:00,37.08105,-122.04753,164M,M,919.2,14400,0.2298,1.14308,2
34308000,2026-01-23 12:00:00,37.08337,-122.04115,164M,M,622.0,14400,0.1555,2.32279,2
34322400,2026-01-23 16:00:00,37.0819,-122.03918,164M,M,239.3,14400,0.0598,0.99821,2
34351200,2026-01-24 00:00:00,37.08661,-122.03002,164M,M,966.7,28800,0.1208,0.45298,2
34365600,2026-01-24 04:00:00,37.0921,-122.02667,164M,M,678.9,14400,0.1697,2.61591,2
34380000,2026-01-24 08:00:00,37.09111,-122.02595,164M,M,127.3,14400,0.0318,4.01622,1
34394400,2026-01-24 12:00:00,37.09097,-122.02616,164M,M,24.3,14400,0.0061,1.5708,1
34408800,2026-01-24 16:00:00,37.09097,-122.02612,164M,M,3.5,14400,0.0009,3.68073,1
34423200,2026-01-24 20:00:00,37.09093,-122.02615,164M,M,5.2,14400,0.0013,1.87451,1
34437600,2026-01-25 00:00:00,37.09092,-122.02611,164M,M,3.7,14400,0.0009,0.87463,1
34452000,2026-01-25 04:00:00,37.09096,-122.02605,164M,M,6.9,14400,0.0017,4.58768,1
34466400,2026-01-25 08:00:00,37.09095,-122.02615,164M,M,8.9,14400,0.0022,2.39587,1
34480800,2026-01-25 12:00:00,37.09076,-122.02593,164M,M,28.8,14400,0.0072,4.36845,1
34495200,2026-01-25 16:00:00,37.09074,-122.026,164M,M,6.6,14400,0.0016,5.32389,1
34509600,2026-01-25 20:00:00,37.09428,-122.03233,164M,M,685.7,14400,0.1714,0.09543,2
34524000,2026-01-26 00:00:00,37.09453,-122.0323,164M,M,27.9,14400,0.007,0.06128,1
34538400,2026-01-26 04:00:00,37.09466,-122.03229,164M,M,14.5,14400,0.0036,3.17783,1
34552800,2026-01-26 08:00:00,37.09444,-122.0323,164M,M,24.5,14400,0.0061,0.18203,1
34567200,2026-01-26 12:00:00,37.09522,-122.03212,164M,M,88.2,14400,0.022,4.44068,1
34581600,2026-01-26 16:00:00,37.0952,-122.03221,164M,M,8.3,14400,0.0021,0.94152,1
34596000,2026-01-26 20:00:00,37.10522,-122.01495,164M,M,1893.3,14400,0.4733,1.07682,2
34610400,2026-01-27 00:00:00,37.10963,-122.00468,164M,M,1034.4,14400,0.2586,4.62513,2
34624800,2026-01-27 04:00:00,37.1096,-122.00511,164M,M,38.3,14400,0.0096,2.13629,1
34653600,2026-01-27 12:00:00,37.10795,-122.00185,164M,M,342.4,28800,0.0428,4.06739,1
34668000,2026-01-27 16:00:00,37.10789,-122.00195,164M,M,11.1,14400,0.0028,0.40438,1
34682400,2026-01-27 20:00:00,37.11756,-121.99676,164M,M,1169.6,14400,0.2924,2.52255,2
34711200,2026-01-28 04:00:00,37.11512,-121.99458,164M,M,333.1,28800,0.0416,2.87227,1
34725600,2026-01-28 08:00:00,37.11486,-121.99449,164M,M,30.0,14400,0.0075,1.15949,1
34740000,2026-01-28 12:00:00,37.11494,-121.99426,164M,M,22.2,14400,0.0056,4.95813,1
34754400,2026-01-28 16:00:00,37.11496,-121.99436,164M,M,9.1,14400,0.0023,2.83282,1
34768800,2026-01-28 20:00:00,37.11471,-121.99426,164M,M,29.2,14400,0.0073,2.31075,1
34797600,2026-01-29 04:00:00,37.10536,-121.98142,164M,M,1541.9,28800,0.1927,0.65983,2
34812000,2026-01-29 08:00:00,37.1072,-121.97963,164M,M,259.0,14400,0.0647,2.1308,2
34826400,2026-01-29 12:00:00,37.10712,-121.97947,164M,M,16.7,14400,0.0042,1.43236,1
34840800,2026-01-29 16:00:00,37.10715,-121.9792,164M,M,24.2,14400,0.006,0.08457,1
34855200,2026-01-29 20:00:00,37.10969,-121.97893,164M,M,283.4,14400,0.0709,0.58605,2
34869600,2026-01-30 00:00:00,37.1116,-121.97734,164M,M,254.9,14400,0.0637,3.91736,2
34884000,2026-01-30 04:00:00,37.1096,-121.9798,164M,M,311.5,14400,0.0779,2.97233,2
34898400,2026-01-30 08:00:00,37.10722,-121.97929,164M,M,268.5,14400,0.0671,2.90096,2
34912800,2026-01-30 12:00:00,37.1067,-121.97913,164M,M,59.5,14400,0.0149,2.30285,1
34927200,2026-01-30 16:00:00,37.10627,-121.97853,164M,M,71.5,14400,0.0179,3.83258,1
34956000,2026-01-31 00:00:00,37.09621,-121.98896,164M,M,1451.5,28800,0.1814,3.33085,2
34970400,2026-01-31 04:00:00,37.0698,-121.9953,164M,M,2990.0,14400,0.7475,0.61536,3
34984800,2026-01-31 08:00:00,37.07946,-121.98674,164M,M,1315.5,14400,0.3289,0.579,2
35013600,2026-01-31 16:00:00,37.08018,-121.98615,164M,M,95.7,28800,0.012,5.45813,1
35028000,2026-01-31 20:00:00,37.08382,-121.99109,164M,M,596.5,14400,0.1491,4.50519,2
35042400,2026-02-01 00:00:00,37.08153,-122.00474,164M,M,1237.3,14400,0.3093,3.84424,2
35056800,2026-02-01 04:00:00,37.06863,-122.01843,164M,M,1879.5,14400,0.4699,2.32525,2
35071200,2026-02-01 08:00:00,37.06857,-122.01835,164M,M,9.7,14400,0.0024,1.01102,1
35085600,2026-02-01 12:00:00,37.06863,-122.01823,164M,M,12.6,14400,0.0031,4.55035,1
35100000,2026-02-01 16:00:00,37.06857,-122.01869,164M,M,41.4,14400,0.0103,5.24539,1
35114400,2026-02-01 20:00:00,37.07138,-122.02466,164M,M,615.0,14400,0.1537,4.69715,2
35128800,2026-02-02 00:00:00,37.07112,-122.04588,164M,M,1882.9,14400,0.4707,4.06124,2
35157600,2026-02-02 08:00:00,37.05634,-122.07018,164M,M,2711.1,28800,0.3389,3.33852,2
35172000,2026-02-02 12:00:00,37.05626,-122.0702,164M,M,9.1,14400,0.0023,0.87485,1
35186400,2026-02-02 16:00:00,37.05632,-122.07011,164M,M,10.4,14400,0.0026,4.61632,1
35200800,2026-02-02 20:00:00,37.05602,-122.07401,164M,M,347.7,14400,0.0869,5.88048,2
35215200,2026-02-03 00:00:00,37.06503,-122.07882,164M,M,1089.0,14400,0.2722,6.23984,2
35229600,2026-02-03 04:00:00,37.07956,-122.07961,164M,M,1617.2,14400,0.4043,0.70925,2
35244000,2026-02-03 08:00:00,37.09272,-122.06545,164M,M,1928.5,14400,0.4821,0.58665,2
35258400,2026-02-03 12:00:00,37.09332,-122.06495,164M,M,80.1,14400,0.02,0.09938,1
35272800,2026-02-03 16:00:00,37.0934,-122.06494,164M,M,8.9,14400,0.0022,0.61328,1
35287200,2026-02-03 20:00:00,37.09374,-122.06464,164M,M,46.2,14400,0.0116,5.99453,1
35316000,2026-02-04 04:00:00,37.11482,-122.07249,164M,M,2445.2,28800,0.3056,0.67317,2
35330400,2026-02-04 08:00:00,37.1149,-122.07241,164M,M,11.4,14400,0.0028,0.14524,1
35344800,2026-02-04 12:00:00,37.11659,-122.0721,164M,M,189.9,14400,0.0475,0.21779,1
35359200,2026-02-04 16:00:00,37.11886,-122.07147,164M,M,258.5,14400,0.0646,3.76707,2
35373600,2026-02-04 20:00:00,37.10373,-122.08517,164M,M,2075.1,14400,0.5188,4.31025,3
35402400,2026-02-05 04:00:00,37.1003,-122.09528,164M,M,974.4,28800,0.1218,0.37946,2
35416800,2026-02-05 08:00:00,37.10044,-122.09521,164M,M,16.8,14400,0.0042,1.76135,1
35431200,2026-02-05 12:00:00,37.10042,-122.09508,164M,M,11.7,14400,0.0029,4.01616,1
35445600,2026-02-05 16:00:00,37.10034,-122.0952,164M,M,13.9,14400,0.0035,0.97097,1
35460000,2026-02-05 20:00:00,37.1004,-122.09509,164M,M,11.8,14400,0.003,5.92518,1
35474400,2026-02-06 00:00:00,37.10396,-122.09676,164M,M,422.7,14400,0.1057,5.74554,2
35488800,2026-02-06 04:00:00,37.10606,-122.09833,164M,M,271.9,14400,0.068,5.68877,2
35503200,2026-02-06 08:00:00,37.10816,-122.10011,164M,M,281.9,14400,0.0705,5.01617,2
35517600,2026-02-06 12:00:00,37.10817,-122.10015,164M,M,3.7,14400,0.0009,5.78556,1
35532000,2026-02-06 16:00:00,37.10886,-122.10062,164M,M,87.3,14400,0.0218,4.96115,1
35546400,2026-02-06 20:00:00,37.10997,-122.1061,164M,M,501.4,14400,0.1253,5.27638,2
35560800,2026-02-07 00:00:00,37.11285,-122.11181,164M,M,599.1,14400,0.1498,2.0051,2
35589600,2026-02-07 08:00:00,37.11167,-122.10862,164M,M,311.8,28800,0.039,3.17348,1
35604000,2026-02-07 12:00:00,37.11142,-122.10863,164M,M,27.8,14400,0.007,0.53902,1
35618400,2026-02-07 16:00:00,37.1115,-122.10857,164M,M,10.4,14400,0.0026,4.94332,1
35632800,2026-02-07 20:00:00,37.11153,-122.10873,164M,M,14.6,14400,0.0036,4.70902,1
35647200,2026-02-08 00:00:00,37.11152,-122.11243,164M,M,328.1,14400,0.082,0.6834,2
35661600,2026-02-08 04:00:00,37.12324,-122.10046,164M,M,1680.7,14400,0.4202,2.6374,2
35676000,2026-02-08 08:00:00,37.11889,-122.09745,164M,M,552.4,14400,0.1381,1.514,2
35690400,2026-02-08 12:00:00,37.11905,-122.09392,164M,M,313.5,14400,0.0784,1.27916,2
35733600,2026-02-09 00:00:00,37.1279,-122.05692,164M,M,3424.8,43200,0.2854,1.22206,2
35762400,2026-02-09 08:00:00,37.13163,-122.04405,164M,M,1214.0,28800,0.1518,3.74106,2
35776800,2026-02-09 12:00:00,37.13156,-122.04411,164M,M,9.4,14400,0.0024,1.09936,1
35805600,2026-02-09 20:00:00,37.13334,-122.03973,164M,M,435.8,28800,0.0545,0.23502,2
35820000,2026-02-10 00:00:00,37.15594,-122.03294,164M,M,2584.1,14400,0.646,0.87421,3
35834400,2026-02-10 04:00:00,37.15596,-122.03291,164M,M,3.5,14400,0.0009,0.75913,1
35848800,2026-02-10 08:00:00,37.15617,-122.03266,164M,M,32.2,14400,0.008,2.46869,1
35863200,2026-02-10 12:00:00,37.15616,-122.03265,164M,M,1.4,14400,0.0004,0.44497,1
35877600,2026-02-10 16:00:00,37.16109,-122.0297,164M,M,607.3,14400,0.1518,1.21699,2
35935200,2026-02-11 08:00:00,37.17108,-121.99574,164M,M,3207.7,57600,0.2005,5.14669,2
35992800,2026-02-12 00:00:00,37.17329,-122.00172,164M,M,584.1,57600,0.0365,5.79488,1
36007200,2026-02-12 04:00:00,37.17332,-122.00174,164M,M,3.8,14400,0.0009,3.81439,1
36021600,2026-02-12 08:00:00,37.17331,-122.00175,164M,M,1.4,14400,0.0004,4.41197,1
36036000,2026-02-12 12:00:00,37.17272,-122.00414,164M,M,221.7,14400,0.0554,1.0104,2
36050400,2026-02-12 16:00:00,37.17276,-122.00406,164M,M,8.4,14400,0.0021,3.49502,1
36079200,2026-02-13 00:00:00,37.12214,-122.02748,164M,M,5999.2,28800,0.7499,3.31255,3
36093600,2026-02-13 04:00:00,37.09465,-122.03343,164M,M,3102.0,14400,0.7755,3.3964,3
36108000,2026-02-13 08:00:00,37.08537,-122.03646,164M,M,1066.3,14400,0.2666,5.71516,2
36122400,2026-02-13 12:00:00,37.08552,-122.03658,164M,M,19.8,14400,0.0049,2.21566,1
36136800,2026-02-13 16:00:00,37.08546,-122.03648,164M,M,11.1,14400,0.0028,1.01092,1
36151200,2026-02-13 20:00:00,37.08554,-122.03632,164M,M,16.8,14400,0.0042,3.55201,1
36165600,2026-02-14 00:00:00,37.08543,-122.03638,164M,M,13.3,14400,0.0033,6.05542,1
36194400,2026-02-14 08:00:00,37.09042,-122.03783,164M,M,569.6,28800,0.0712,0.19684,2
36208800,2026-02-14 12:00:00,37.09046,-122.03782,164M,M,4.5,14400,0.0011,3.5211,1
36223200,2026-02-14 16:00:00,37.09044,-122.03783,164M,M,2.4,14400,0.0006,0.0,1
36237600,2026-02-14 20:00:00,37.09046,-122.03783,164M,M,2.2,14400,0.0006,2.1307,1
36252000,2026-02-15 00:00:00,37.09045,-122.03781,164M,M,2.1,14400,0.0005,5.44536,1
36280800,2026-02-15 08:00:00,37.09152,-122.0393,164M,M,177.8,28800,0.0222,2.2157,1
36309600,2026-02-15 16:00:00,37.09149,-122.03925,164M,M,5.5,28800,0.0007,0.85766,1
36597600,2026-02-19 00:00:00,37.10612,-122.01804,164M,M,2486.9,288000,0.0311,4.80333,1
36655200,2026-02-19 16:00:00,37.10616,-122.01859,164M,M,49.0,57600,0.0031,0.45139,1
36684000,2026-02-20 00:00:00,37.11274,-122.01459,164M,M,813.1,28800,0.1016,1.62647,2
36698400,2026-02-20 04:00:00,37.11272,-122.01414,164M,M,40.0,14400,0.01,2.46841,1
36712800,2026-02-20 08:00:00,37.1125,-122.01392,164M,M,31.3,14400,0.0078,2.36081,1
36741600,2026-02-20 16:00:00,37.11085,-122.01187,164M,M,258.3,28800,0.0323,1.78545,1
36756000,2026-02-20 20:00:00,37.10889,-122.0006,164M,M,1022.9,14400,0.2557,1.62722,2
36770400,2026-02-21 00:00:00,37.10831,-121.98774,164M,M,1142.2,14400,0.2856,1.22448,2
36813600,2026-02-21 12:00:00,37.11054,-121.97999,164M,M,730.6,43200,0.0609,2.41829,2
36828000,2026-02-21 16:00:00,37.11026,-121.97968,164M,M,41.5,14400,0.0104,3.36768,1
36842400,2026-02-21 20:00:00,37.10551,-121.98105,164M,M,542.0,14400,0.1355,0.28208,2
36856800,2026-02-22 00:00:00,37.1095,-121.9796,164M,M,461.9,14400,0.1155,0.09241,2
36871200,2026-02-22 04:00:00,37.11277,-121.97922,164M,M,365.2,14400,0.0913,3.43217,2
36885600,2026-02-22 08:00:00,37.11269,-121.97925,164M,M,9.3,14400,0.0023,5.8776,1
36900000,2026-02-22 12:00:00,37.11282,-121.97932,164M,M,15.7,14400,0.0039,2.03572,1
36914400,2026-02-22 16:00:00,37.1128,-121.97927,164M,M,5.0,14400,0.0012,5.88434,1
36928800,2026-02-22 20:00:00,37.11876,-121.98242,164M,M,719.2,14400,0.1798,0.79617,2
36943200,2026-02-23 00:00:00,37.12391,-121.97582,164M,M,818.8,14400,0.2047,5.33687,2
36957600,2026-02-23 04:00:00,37.12468,-121.97716,164M,M,146.4,14400,0.0366,1.1429,1
36972000,2026-02-23 08:00:00,37.12472,-121.97705,164M,M,10.7,14400,0.0027,5.68935,1
36986400,2026-02-23 12:00:00,37.12831,-121.98009,164M,M,481.7,14400,0.1204,3.52093,2
37000800,2026-02-23 16:00:00,37.12809,-121.9802,164M,M,26.3,14400,0.0066,4.14081,1
37015200,2026-02-23 20:00:00,37.12789,-121.98059,164M,M,41.1,14400,0.0103,0.53251,1
37029600,2026-02-24 00:00:00,37.12812,-121.98042,164M,M,29.7,14400,0.0074,5.5132,1
37044000,2026-02-24 04:00:00,37.13034,-121.98312,164M,M,343.8,14400,0.086,2.67208,2
37058400,2026-02-24 08:00:00,37.13023,-121.98305,164M,M,13.7,14400,0.0034,5.37817,1
37072800,2026-02-24 12:00:00,37.1309,-121.98412,164M,M,120.6,14400,0.0302,2.13094,1
37087200,2026-02-24 16:00:00,37.13087,-121.98406,164M,M,6.3,14400,0.0016,2.46853,1
37101600,2026-02-24 20:00:00,37.13086,-121.98405,164M,M,1.4,14400,0.0004,6.02749,1
37116000,2026-02-25 00:00:00,37.14766,-121.98956,164M,M,1930.9,14400,0.4827,5.93223,2
37144800,2026-02-25 08:00:00,37.15689,-121.9938,164M,M,1093.0,28800,0.1366,3.43343,2
37202400,2026-02-26 00:00:00,37.14901,-121.99677,164M,M,914.9,57600,0.0572,3.81454,2
37216800,2026-02-26 04:00:00,37.14897,-121.99681,164M,M,5.7,14400,0.0014,2.13105,1
37231200,2026-02-26 08:00:00,37.14895,-121.99677,164M,M,4.2,14400,0.001,4.1959,1
37245600,2026-02-26 12:00:00,37.14785,-121.9992,164M,M,247.7,14400,0.0619,1.37269,2
37260000,2026-02-26 16:00:00,37.14789,-121.99895,164M,M,22.6,14400,0.0056,3.63716,1
37288800,2026-02-27 00:00:00,37.13202,-122.00971,164M,M,2005.9,28800,0.2507,3.63268,2
37317600,2026-02-27 08:00:00,37.12291,-122.01582,164M,M,1148.7,28800,0.1436,4.33569,2
37346400,2026-02-27 16:00:00,37.12091,-122.02216,164M,M,604.5,28800,0.0756,4.18287,2
37360800,2026-02-27 20:00:00,37.11459,-122.0357,164M,M,1391.1,14400,0.3478,3.92524,2
37389600,2026-02-28 04:00:00,37.07954,-122.07947,164M,M,5500.9,28800,0.6876,2.98974,3
37404000,2026-02-28 08:00:00,37.07052,-122.07774,164M,M,1014.7,14400,0.2537,4.14611,2
37432800,2026-02-28 16:00:00,37.07017,-122.07843,164M,M,72.5,28800,0.0091,6.03497,1
37447200,2026-02-28 20:00:00,37.07102,-122.0787,164M,M,97.5,14400,0.0244,2.23528,1
37461600,2026-03-01 00:00:00,37.07092,-122.07854,164M,M,18.0,14400,0.0045,1.01101,1
37476000,2026-03-01 04:00:00,37.07104,-122.0783,164M,M,25.1,14400,0.0063,0.87476,1
37490400,2026-03-01 08:00:00,37.07122,-122.07803,164M,M,31.2,14400,0.0078,3.87309,1
37620000,2026-03-02 20:00:00,37.07098,-122.0783,164M,M,35.9,129600,0.001,2.34915,1
37663200,2026-03-03 08:00:00,37.06884,-122.07558,164M,M,338.9,43200,0.0282,2.88164,1
37677600,2026-03-03 12:00:00,37.06869,-122.07553,164M,M,17.3,14400,0.0043,5.68333,1
37692000,2026-03-03 16:00:00,37.06876,-122.07559,164M,M,9.4,14400,0.0024,3.01043,1
37720800,2026-03-04 00:00:00,37.06017,-122.07417,164M,M,963.4,28800,0.1204,3.34859,2
37735200,2026-03-04 04:00:00,37.05713,-122.07497,164M,M,345.4,14400,0.0864,1.56653,2
37749600,2026-03-04 08:00:00,37.05715,-122.06905,164M,M,525.3,14400,0.1313,3.9374,2
37764000,2026-03-04 12:00:00,37.05647,-122.06992,164M,M,108.1,14400,0.027,0.84072,1
37778400,2026-03-04 16:00:00,37.05652,-122.06985,164M,M,8.3,14400,0.0021,3.91735,1
37792800,2026-03-04 20:00:00,37.05425,-122.07264,164M,M,353.6,14400,0.0884,5.91028,2
37807200,2026-03-05 00:00:00,37.06504,-122.07793,164M,M,1288.3,14400,0.3221,0.47802,2
37836000,2026-03-05 08:00:00,37.06869,-122.07556,164M,M,457.1,28800,0.0571,3.69208,2
37850400,2026-03-05 12:00:00,37.06843,-122.07576,164M,M,33.9,14400,0.0085,4.31667,1
37864800,2026-03-05 16:00:00,37.06839,-122.07588,164M,M,11.5,14400,0.0029,1.96376,1
37908000,2026-03-06 04:00:00,37.05577,-122.03775,164M,M,3662.8,43200,0.3052,5.55502,2
37922400,2026-03-06 08:00:00,37.05935,-122.04175,164M,M,533.3,14400,0.1333,5.17703,2
37936800,2026-03-06 12:00:00,37.05943,-122.04195,164M,M,19.9,14400,0.005,3.52124,1
37951200,2026-03-06 16:00:00,37.05935,-122.04199,164M,M,9.6,14400,0.0024,2.78762,1
37965600,2026-03-06 20:00:00,37.05732,-122.04105,164M,M,240.6,14400,0.0602,0.0,2
37980000,2026-03-07 00:00:00,37.05733,-122.04105,164M,M,1.1,14400,0.0003,3.55215,1
37994400,2026-03-07 04:00:00,37.05722,-122.04111,164M,M,13.3,14400,0.0033,6.08547,1
38008800,2026-03-07 08:00:00,37.05961,-122.04171,164M,M,271.0,14400,0.0678,3.52124,2
38023200,2026-03-07 12:00:00,37.05943,-122.0418,164M,M,21.5,14400,0.0054,0.08844,1
38052000,2026-03-07 20:00:00,37.05952,-122.04179,164M,M,10.0,28800,0.0013,2.41763,1
38066400,2026-03-08 00:00:00,37.05581,-122.03768,164M,M,550.6,14400,0.1377,5.8019,2
38098800,2026-03-08 09:00:00,37.06374,-122.04287,164M,M,994.8,32400,0.1105,3.14159,2
38127600,2026-03-08 17:00:00,37.06372,-122.04287,164M,M,2.2,28800,0.0003,6.19469,1
38142000,2026-03-08 21:00:00,37.07505,-122.04413,164M,M,1264.8,14400,0.3162,0.40906,2
38156400,2026-03-09 01:00:00,37.09321,-122.03426,164M,M,2200.9,14400,0.5502,0.76362,3
38185200,2026-03-09 09:00:00,37.10747,-122.01714,164M,M,2195.3,28800,0.2744,6.16359,2
38199600,2026-03-09 13:00:00,37.1082,-122.01725,164M,M,81.8,14400,0.0204,4.31648,1
38214000,2026-03-09 17:00:00,37.10818,-122.01731,164M,M,5.8,14400,0.0014,0.56786,1
38228400,2026-03-09 21:00:00,37.11198,-122.01427,164M,M,501.2,14400,0.1253,0.7327,2
38242800,2026-03-10 01:00:00,37.12931,-121.99471,164M,M,2592.5,14400,0.6481,1.26638,3
38257200,2026-03-10 05:00:00,37.13066,-121.98932,164M,M,500.9,14400,0.1252,3.61521,2
38271600,2026-03-10 09:00:00,37.13052,-121.98941,164M,M,17.5,14400,0.0044,5.23303,1
38286000,2026-03-10 13:00:00,37.1318,-121.99221,164M,M,286.1,14400,0.0715,6.04263,2
38300400,2026-03-10 17:00:00,37.13193,-121.99225,164M,M,14.9,14400,0.0037,1.84104,1
38314800,2026-03-10 21:00:00,37.13102,-121.98813,164M,M,379.0,14400,0.0947,1.9593,2
38329200,2026-03-11 01:00:00,37.12805,-121.97903,164M,M,871.7,14400,0.2179,2.75345,2
38343600,2026-03-11 05:00:00,37.12454,-121.97723,164M,M,421.7,14400,0.1054,6.02342,2
38358000,2026-03-11 09:00:00,37.12463,-121.97726,164M,M,10.4,14400,0.0026,3.16104,1
38372400,2026-03-11 13:00:00,37.12258,-121.97731,164M,M,228.0,14400,0.057,2.21589,2
38386800,2026-03-11 17:00:00,37.12255,-121.97726,164M,M,5.5,14400,0.0014,3.38979,1
38430000,2026-03-12 05:00:00,37.0963,-121.9856,164M,M,3011.1,43200,0.2509,1.19351,2
38444400,2026-03-12 09:00:00,37.09691,-121.98367,164M,M,184.1,14400,0.046,4.79739,1
38458800,2026-03-12 13:00:00,37.09698,-121.9847,164M,M,91.7,14400,0.0229,2.83275,1
38473200,2026-03-12 17:00:00,37.09693,-121.98468,164M,M,5.8,14400,0.0015,1.82093,1
38487600,2026-03-12 21:00:00,37.0965,-121.98257,164M,M,193.1,14400,0.0483,4.86472,1
38502000,2026-03-13 01:00:00,37.09656,-121.98306,164M,M,44.0,14400,0.011,0.41554,1
38516400,2026-03-13 05:00:00,37.09703,-121.9828,164M,M,57.1,14400,0.0143,3.12486,1
38530800,2026-03-13 09:00:00,37.0956,-121.98277,164M,M,159.0,14400,0.0398,2.76211,1
38545200,2026-03-13 13:00:00,37.09552,-121.98273,164M,M,9.6,14400,0.0024,0.06637,1
38559600,2026-03-13 17:00:00,37.09564,-121.98272,164M,M,13.4,14400,0.0033,5.00697,1
38574000,2026-03-13 21:00:00,37.09632,-121.98553,164M,M,260.4,14400,0.0651,6.24123,2
38588400,2026-03-14 01:00:00,37.09746,-121.98559,164M,M,126.9,14400,0.0317,1.91518,1
38602800,2026-03-14 05:00:00,37.09641,-121.98192,164M,M,345.8,14400,0.0865,5.27233,2
38617200,2026-03-14 09:00:00,37.09645,-121.982,164M,M,8.4,14400,0.0021,5.25804,1
38646000,2026-03-14 17:00:00,37.09768,-121.98454,164M,M,263.5,28800,0.0329,0.67888,1
38674800,2026-03-15 01:00:00,37.10369,-121.97846,164M,M,858.7,28800,0.1073,4.8809,2
38689200,2026-03-15 05:00:00,37.10567,-121.99306,164M,M,1313.3,14400,0.3283,4.38289,2
38703600,2026-03-15 09:00:00,37.10561,-121.99328,164M,M,20.6,14400,0.0052,0.63127,1
38718000,2026-03-15 13:00:00,37.10573,-121.99317,164M,M,16.5,14400,0.0041,3.09731,1
38732400,2026-03-15 17:00:00,37.10555,-121.99316,164M,M,20.0,14400,0.005,1.9148,1
38746800,2026-03-15 21:00:00,37.10553,-121.99309,164M,M,6.6,14400,0.0016,4.82253,1
38761200,2026-03-16 01:00:00,37.1068,-122.0075,164M,M,1285.7,14400,0.3214,4.9827,2
38790000,2026-03-16 09:00:00,37.10739,-122.01017,164M,M,245.7,28800,0.0307,4.26302,1
38804400,2026-03-16 13:00:00,37.10734,-122.0103,164M,M,12.8,14400,0.0032,0.9258,1
38818800,2026-03-16 17:00:00,37.10737,-122.01025,164M,M,5.5,14400,0.0014,5.6823,1
38833200,2026-03-16 21:00:00,37.11214,-122.01435,164M,M,643.0,14400,0.1608,5.50957,2
38847600,2026-03-17 01:00:00,37.12245,-122.02698,164M,M,1602.6,14400,0.4007,6.15227,2
38876400,2026-03-17 09:00:00,37.13123,-122.02843,164M,M,984.7,28800,0.1231,2.19267,2
38890800,2026-03-17 13:00:00,37.13115,-122.02829,164M,M,15.3,14400,0.0038,5.73104,1
38905200,2026-03-17 17:00:00,37.13137,-122.02846,164M,M,28.7,14400,0.0072,5.94928,1
38934000,2026-03-18 01:00:00,37.1509,-122.03696,164M,M,2298.6,28800,0.2873,0.24397,2
38962800,2026-03-18 09:00:00,37.15455,-122.03582,164M,M,418.2,28800,0.0523,0.31436,2
38977200,2026-03-18 13:00:00,37.15656,-122.035,164M,M,235.0,14400,0.0588,6.13485,2
38991600,2026-03-18 17:00:00,37.15672,-122.03503,164M,M,18.0,14400,0.0045,0.28281,1
39020400,2026-03-19 01:00:00,37.17054,-122.02999,164M,M,1600.3,28800,0.2,5.85167,2
39049200,2026-03-19 09:00:00,37.18324,-122.03733,164M,M,1554.7,28800,0.1943,1.48138,2
39063600,2026-03-19 13:00:00,37.18325,-122.03719,164M,M,12.5,14400,0.0031,4.49441,1
39078000,2026-03-19 17:00:00,37.18322,-122.03736,164M,M,15.4,14400,0.0039,1.71734,1
39121200,2026-03-20 05:00:00,37.17883,-122.00008,164M,M,3338.6,43200,0.2782,3.64369,2
39135600,2026-03-20 09:00:00,37.17764,-122.0009,164M,M,151.0,14400,0.0377,3.67678,1
39150000,2026-03-20 13:00:00,37.17467,-122.00311,164M,M,383.9,14400,0.096,2.73108,2
39207600,2026-03-21 05:00:00,37.15775,-121.99387,164M,M,2051.9,57600,0.1282,4.33411,2
39222000,2026-03-21 09:00:00,37.15411,-122.00536,164M,M,1095.8,14400,0.2739,4.71239,2
39236400,2026-03-21 13:00:00,37.15411,-122.00537,164M,M,0.9,14400,0.0002,5.83712,1
39250800,2026-03-21 17:00:00,37.15416,-122.0054,164M,M,6.2,14400,0.0015,2.3532,1
39265200,2026-03-21 21:00:00,37.14962,-121.99967,164M,M,716.1,14400,0.179,2.51634,2
39279600,2026-03-22 01:00:00,37.13397,-121.9855,164M,M,2146.1,14400,0.5365,3.05753,3
39322800,2026-03-22 13:00:00,37.13151,-121.98524,164M,M,274.5,43200,0.0229,5.69677,1
39337200,2026-03-22 17:00:00,37.13157,-121.98529,164M,M,8.0,14400,0.002,2.4509,1
39351600,2026-03-22 21:00:00,37.12966,-121.98331,164M,M,275.5,14400,0.0689,2.69239,2
39366000,2026-03-23 01:00:00,37.12923,-121.98305,164M,M,53.1,14400,0.0133,2.95994,1
39380400,2026-03-23 05:00:00,37.11182,-121.97904,164M,M,1968.3,14400,0.4921,6.1392,2
39394800,2026-03-23 09:00:00,37.11193,-121.97906,164M,M,12.4,14400,0.0031,3.237,1
39409200,2026-03-23 13:00:00,37.11168,-121.97909,164M,M,27.9,14400,0.007,3.13847,1
39438000,2026-03-23 21:00:00,37.10403,-121.97906,164M,M,850.6,28800,0.1063,3.61917,2
39452400,2026-03-24 01:00:00,37.09469,-121.98512,164M,M,1169.4,14400,0.2923,0.8251,2
39466800,2026-03-24 05:00:00,37.09676,-121.98231,164M,M,339.3,14400,0.0848,5.24743,2
39481200,2026-03-24 09:00:00,37.1035,-121.99657,164M,M,1470.1,14400,0.3675,5.7945,2
39495600,2026-03-24 13:00:00,37.10362,-121.99665,164M,M,15.1,14400,0.0038,2.80095,1
39510000,2026-03-24 17:00:00,37.10353,-121.99661,164M,M,10.6,14400,0.0027,0.09793,1
39524400,2026-03-24 21:00:00,37.10629,-121.99627,164M,M,308.4,14400,0.0771,3.93307,2
39538800,2026-03-25 01:00:00,37.10603,-121.9966,164M,M,41.1,14400,0.0103,4.72204,1
39567600,2026-03-25 09:00:00,37.10609,-122.00443,164M,M,694.4,28800,0.0868,4.96265,2
39582000,2026-03-25 13:00:00,37.10726,-122.01017,164M,M,525.4,14400,0.1313,6.15104,2
39596400,2026-03-25 17:00:00,37.10744,-122.0102,164M,M,20.2,14400,0.005,3.97205,1
39610800,2026-03-25 21:00:00,37.08915,-122.03529,164M,M,3014.6,14400,0.7536,3.72189,3
39625200,2026-03-26 01:00:00,37.06595,-122.05435,164M,M,3084.5,14400,0.7711,4.07237,3
39639600,2026-03-26 05:00:00,37.0547,-122.07328,164M,M,2094.4,14400,0.5236,0.66643,3
39654000,2026-03-26 09:00:00,37.05746,-122.07056,164M,M,390.4,14400,0.0976,0.89268,2
39668400,2026-03-26 13:00:00,37.05755,-122.07042,164M,M,16.0,14400,0.004,3.52126,1
39682800,2026-03-26 17:00:00,37.05629,-122.07105,164M,M,150.8,14400,0.0377,0.05351,1
39697200,2026-03-26 21:00:00,37.05927,-122.07085,164M,M,331.8,14400,0.083,5.09988,2
39711600,2026-03-27 01:00:00,37.06125,-122.07693,164M,M,582.7,14400,0.1457,4.6351,2
39740400,2026-03-27 09:00:00,37.06047,-122.08954,164M,M,1122.3,28800,0.1403,1.30845,2
39754800,2026-03-27 13:00:00,37.06056,-122.08912,164M,M,38.6,14400,0.0096,3.48449,1
39769200,2026-03-27 17:00:00,37.06018,-122.08929,164M,M,44.9,14400,0.0112,3.45975,1
39798000,2026-03-28 01:00:00,37.04513,-122.0955,164M,M,1761.9,28800,0.2202,2.75941,2
39812400,2026-03-28 05:00:00,37.03949,-122.09266,164M,M,675.9,14400,0.169,4.64264,2
39826800,2026-03-28 09:00:00,37.0391,-122.09965,164M,M,621.9,14400,0.1555,5.30717,2
39855600,2026-03-28 17:00:00,37.03937,-122.10015,164M,M,53.6,28800,0.0067,1.90926,1
39870000,2026-03-28 21:00:00,37.03903,-122.09894,164M,M,113.9,14400,0.0285,1.8951,1
39884400,2026-03-29 01:00:00,37.03466,-122.08266,164M,M,1524.5,14400,0.3811,3.12666,2
39898800,2026-03-29 05:00:00,37.02985,-122.08257,164M,M,534.9,14400,0.1337,3.0935,2
39913200,2026-03-29 09:00:00,37.02703,-122.0824,164M,M,313.9,14400,0.0785,5.23542,2
39970800,2026-03-30 01:00:00,37.02732,-122.08303,164M,M,64.6,57600,0.004,2.13032,1
39985200,2026-03-30 05:00:00,37.02729,-122.08297,164M,M,6.3,14400,0.0016,1.90919,1
39999600,2026-03-30 09:00:00,37.02516,-122.07539,164M,M,713.4,14400,0.1783,4.24793,2
40014000,2026-03-30 13:00:00,37.02512,-122.07549,164M,M,9.9,14400,0.0025,2.16794,1
40028400,2026-03-30 17:00:00,37.02493,-122.07514,164M,M,37.6,14400,0.0094,3.2182,1
40057200,2026-03-31 01:00:00,36.98986,-122.07851,164M,M,3911.1,28800,0.4889,3.47848,2
40086000,2026-03-31 09:00:00,36.97679,-122.08424,164M,M,1539.9,28800,0.1925,3.01481,2
40100400,2026-03-31 13:00:00,36.97328,-122.08368,164M,M,393.5,14400,0.0984,3.09724,2
40114800,2026-03-31 17:00:00,36.96896,-122.08344,164M,M,480.8,14400,0.1202,6.09764,2
40172400,2026-04-01 09:00:00,36.97594,-122.08508,164M,M,789.7,57600,0.0494,0.43906,1
40186800,2026-04-01 13:00:00,36.97759,-122.08411,164M,M,202.7,14400,0.0507,5.82884,2
40201200,2026-04-01 17:00:00,36.98405,-122.08806,164M,M,799.4,14400,0.1999,5.15495,2
40215600,2026-04-01 21:00:00,36.99407,-122.11454,164M,M,2602.4,14400,0.6506,2.3058,3
40244400,2026-04-02 05:00:00,36.98461,-122.10144,164M,M,1568.5,28800,0.1961,0.61619,2
40258800,2026-04-02 09:00:00,36.98849,-122.098,164M,M,528.7,14400,0.1322,0.11719,2
40273200,2026-04-02 13:00:00,36.99602,-122.09689,164M,M,843.1,14400,0.2108,6.04578,2
40287600,2026-04-02 17:00:00,37.00272,-122.09892,164M,M,766.5,14400,0.1916,0.69575,2
40330800,2026-04-03 05:00:00,37.02939,-122.07102,164M,M,3864.0,43200,0.322,2.6611,2
40345200,2026-04-03 09:00:00,37.02697,-122.06944,164M,M,303.5,14400,0.0759,3.2638,2
40359600,2026-04-03 13:00:00,37.02684,-122.06946,164M,M,14.6,14400,0.0036,0.29089,1
40374000,2026-04-03 17:00:00,37.027,-122.0694,164M,M,18.6,14400,0.0046,1.27877,1
40402800,2026-04-04 01:00:00,37.02706,-122.06915,164M,M,23.2,28800,0.0029,3.94004,1
40431600,2026-04-04 09:00:00,37.02692,-122.06933,164M,M,22.3,28800,0.0028,3.77147,1
40446000,2026-04-04 13:00:00,37.02669,-122.06954,164M,M,31.6,14400,0.0079,0.35663,1
40460400,2026-04-04 17:00:00,37.02699,-122.0694,164M,M,35.6,14400,0.0089,1.28419,1
40474800,2026-04-04 21:00:00,37.02703,-122.06923,164M,M,15.7,14400,0.0039,3.40483,1
40518000,2026-04-05 09:00:00,37.02386,-122.0703,164M,M,365.1,43200,0.0304,5.28726,1
40532400,2026-04-05 13:00:00,37.02401,-122.07059,164M,M,30.7,14400,0.0077,0.36192,1
40561200,2026-04-05 21:00:00,37.02692,-122.06921,164M,M,346.0,28800,0.0432,4.87162,1
40575600,2026-04-06 01:00:00,37.02697,-122.0696,164M,M,35.1,14400,0.0088,2.18686,1
40590000,2026-04-06 05:00:00,37.02684,-122.06937,164M,M,25.0,14400,0.0063,4.36434,1
40618800,2026-04-06 13:00:00,37.02507,-122.07548,164M,M,577.0,28800,0.0721,1.15858,2
40676400,2026-04-07 05:00:00,37.02714,-122.06955,164M,M,574.5,57600,0.0359,2.59203,1
40690800,2026-04-07 09:00:00,37.02452,-122.06754,164M,M,341.6,14400,0.0854,0.08577,2
40705200,2026-04-07 13:00:00,37.02517,-122.06747,164M,M,72.5,14400,0.0181,3.19026,1
40777200,2026-04-08 09:00:00,37.00566,-122.06866,164M,M,2172.0,72000,0.1086,3.88003,2
40791600,2026-04-08 13:00:00,37.00473,-122.06972,164M,M,139.8,14400,0.035,5.13968,1
40806000,2026-04-08 17:00:00,37.00481,-122.06994,164M,M,21.5,14400,0.0054,4.392,1
40820400,2026-04-08 21:00:00,37.00428,-122.07194,164M,M,187.1,14400,0.0468,4.98317,1
40834800,2026-04-09 01:00:00,37.0102,-122.09866,164M,M,2462.2,14400,0.6156,3.47503,3
40849200,2026-04-09 05:00:00,36.99821,-122.10386,164M,M,1410.9,14400,0.3527,3.74638,2
40863600,2026-04-09 09:00:00,36.99457,-122.10701,164M,M,492.0,14400,0.123,3.27844,2
40878000,2026-04-09 13:00:00,36.99428,-122.10706,164M,M,32.6,14400,0.0081,0.56857,1
40892400,2026-04-09 17:00:00,36.99468,-122.10674,164M,M,52.8,14400,0.0132,3.54429,1
40906800,2026-04-09 21:00:00,36.99438,-122.1069,164M,M,36.3,14400,0.0091,3.86165,1
40935600,2026-04-10 05:00:00,36.98949,-122.11227,164M,M,723.3,28800,0.0904,5.50041,2
40993200,2026-04-10 21:00:00,36.99926,-122.12444,164M,M,1532.4,57600,0.0958,0.85044,2
41007600,2026-04-11 01:00:00,37.00664,-122.11391,164M,M,1244.1,14400,0.311,1.53046,2
41022000,2026-04-11 05:00:00,37.00716,-122.09774,164M,M,1437.0,14400,0.3592,0.06388,2
41036400,2026-04-11 09:00:00,37.0144,-122.09716,164M,M,806.7,14400,0.2017,0.24511,2
41108400,2026-04-12 05:00:00,37.05951,-122.08302,164M,M,5170.6,72000,0.2585,4.98619,2
41180400,2026-04-13 01:00:00,37.06057,-122.08775,164M,M,435.9,72000,0.0218,0.74968,1
41194800,2026-04-13 05:00:00,37.06063,-122.08768,164M,M,9.1,14400,0.0023,4.94872,1
41223600,2026-04-13 13:00:00,37.06117,-122.09049,164M,M,256.5,28800,0.0321,6.1705,1
41252400,2026-04-13 21:00:00,37.08401,-122.09373,164M,M,2555.9,28800,0.3195,0.59284,2
41295600,2026-04-14 09:00:00,37.15518,-122.03356,164M,M,9544.0,43200,0.7953,0.78056,3
41310000,2026-04-14 13:00:00,37.15757,-122.03059,164M,M,374.0,14400,0.0935,1.7673,2
41324400,2026-04-14 17:00:00,37.15392,-122.0076,164M,M,2077.5,14400,0.5194,2.29535,3
41338800,2026-04-14 21:00:00,37.15162,-122.00434,164M,M,385.9,14400,0.0965,2.63789,2
41367600,2026-04-15 05:00:00,37.14731,-122.00136,164M,M,547.2,28800,0.0684,3.51537,2
41382000,2026-04-15 09:00:00,37.14668,-122.00167,164M,M,75.2,14400,0.0188,2.85947,1
41396400,2026-04-15 13:00:00,37.14591,-122.00139,164M,M,89.1,14400,0.0223,1.18901,1
41410800,2026-04-15 17:00:00,37.14711,-121.99764,164M,M,358.2,14400,0.0895,4.87569,2
41425200,2026-04-15 21:00:00,37.14763,-122.0016,164M,M,355.7,14400,0.0889,4.25803,2
41439600,2026-04-16 01:00:00,37.14668,-122.00404,164M,M,240.7,14400,0.0602,5.5709,2
41454000,2026-04-16 05:00:00,37.14692,-122.0043,164M,M,35.3,14400,0.0088,4.64258,1
41468400,2026-04-16 09:00:00,37.14661,-122.00986,164M,M,494.0,14400,0.1235,2.18243,2
41482800,2026-04-16 13:00:00,37.1459,-122.00859,164M,M,137.5,14400,0.0344,0.70815,1
41497200,2026-04-16 17:00:00,37.14738,-122.007,164M,M,216.7,14400,0.0542,0.37923,2
41511600,2026-04-16 21:00:00,37.1521,-122.00464,164M,M,565.0,14400,0.1412,5.80127,2
41526000,2026-04-17 01:00:00,37.15821,-122.00865,164M,M,766.7,14400,0.1917,1.93317,2
41540400,2026-04-17 05:00:00,37.15737,-122.00587,164M,M,263.5,14400,0.0659,3.21237,2
41554800,2026-04-17 09:00:00,37.15411,-122.00616,164M,M,363.4,14400,0.0909,4.27425,2
41569200,2026-04-17 13:00:00,37.15352,-122.00774,164M,M,154.6,14400,0.0387,1.05249,1
41583600,2026-04-17 17:00:00,37.15387,-122.00697,164M,M,78.6,14400,0.0196,5.98367,1
41598000,2026-04-17 21:00:00,37.15818,-122.00864,164M,M,501.6,14400,0.1254,2.2674,2
41612400,2026-04-18 01:00:00,37.15816,-122.00861,164M,M,3.5,14400,0.0009,4.15208,1
41626800,2026-04-18 05:00:00,37.15815,-122.00863,164M,M,2.1,14400,0.0005,4.24722,1
41641200,2026-04-18 09:00:00,37.15807,-122.00883,164M,M,19.8,14400,0.005,3.351,1
41655600,2026-04-18 13:00:00,37.15792,-122.00887,164M,M,17.1,14400,0.0043,3.14159,1
41670000,2026-04-18 17:00:00,37.15791,-122.00887,164M,M,1.1,14400,0.0003,1.48734,1
41684400,2026-04-18 21:00:00,37.15792,-122.00872,164M,M,13.3,14400,0.0033,0.75548,1
41698800,2026-04-19 01:00:00,37.15803,-122.00859,164M,M,16.8,14400,0.0042,5.45209,1
41713200,2026-04-19 05:00:00,37.15811,-122.0087,164M,M,13.2,14400,0.0033,3.35562,1
41742000,2026-04-19 13:00:00,37.15789,-122.00876,164M,M,25.0,28800,0.0031,4.44973,1
41756400,2026-04-19 17:00:00,37.15786,-122.0089,164M,M,12.8,14400,0.0032,2.89558,1
41770800,2026-04-19 21:00:00,37.15713,-122.00867,164M,M,83.7,14400,0.0209,0.25664,1
41785200,2026-04-20 01:00:00,37.17389,-122.00315,164M,M,1926.7,14400,0.4817,3.45147,2
41799600,2026-04-20 05:00:00,37.15669,-122.01006,164M,M,2008.2,14400,0.502,0.67684,3
41828400,2026-04-20 13:00:00,37.15792,-122.00882,164M,M,175.4,28800,0.0219,3.47073,1
41842800,2026-04-20 17:00:00,37.15785,-122.00885,164M,M,8.2,14400,0.0021,0.91433,1
41871600,2026-04-21 01:00:00,37.1582,-122.00828,164M,M,63.8,28800,0.008,1.01049,1
41886000,2026-04-21 05:00:00,37.15821,-122.00826,164M,M,2.1,14400,0.0005,3.14159,1
41900400,2026-04-21 09:00:00,37.15813,-122.00826,164M,M,8.9,14400,0.0022,4.44973,1
41914800,2026-04-21 13:00:00,37.15801,-122.00882,164M,M,51.4,14400,0.0128,1.25075,1
41929200,2026-04-21 17:00:00,37.15815,-122.00829,164M,M,49.5,14400,0.0124,0.56759,1
41943600,2026-04-21 21:00:00,37.1582,-122.00825,164M,M,6.6,14400,0.0016,3.81448,1
41958000,2026-04-22 01:00:00,37.15818,-122.00827,164M,M,2.8,14400,0.0007,5.46743,1
41972400,2026-04-22 05:00:00,37.15821,-122.00831,164M,M,4.9,14400,0.0012,1.96694,1
41986800,2026-04-22 09:00:00,37.1582,-122.00828,164M,M,2.9,14400,0.0007,3.52079,1
42001200,2026-04-22 13:00:00,37.15818,-122.00829,164M,M,2.4,14400,0.0006,0.44604,1
42015600,2026-04-22 17:00:00,37.15823,-122.00826,164M,M,6.2,14400,0.0015,3.14159,1
42030000,2026-04-22 21:00:00,37.15821,-122.00826,164M,M,2.2,14400,0.0006,4.26443,1
42044400,2026-04-23 01:00:00,37.15803,-122.00873,164M,M,46.2,14400,0.0116,1.1671,1
42058800,2026-04-23 05:00:00,37.15819,-122.00826,164M,M,45.3,14400,0.0113,4.15208,1
42073200,2026-04-23 09:00:00,37.15818,-122.00828,164M,M,2.1,14400,0.0005,4.25141,1
42087600,2026-04-23 13:00:00,37.15799,-122.00876,164M,M,47.5,14400,0.0119,0.48838,1
42102000,2026-04-23 17:00:00,37.15802,-122.00874,164M,M,3.8,14400,0.0009,0.0,1
42116400,2026-04-23 21:00:00,37.15809,-122.00874,164M,M,7.8,14400,0.0019,1.10563,1
42130800,2026-04-24 01:00:00,37.15813,-122.00864,164M,M,9.9,14400,0.0025,2.72025,1
42145200,2026-04-24 05:00:00,37.14721,-122.0025,164M,M,1330.6,14400,0.3327,4.67225,2
42159600,2026-04-24 09:00:00,37.14697,-122.00999,164M,M,664.4,14400,0.1661,4.3411,2
42174000,2026-04-24 13:00:00,37.14688,-122.01028,164M,M,27.6,14400,0.0069,5.27263,1
42188400,2026-04-24 17:00:00,37.14695,-122.01042,164M,M,14.6,14400,0.0037,5.45422,1
42202800,2026-04-24 21:00:00,37.15965,-122.02781,164M,M,2090.3,14400,0.5226,3.15916,3
42217200,2026-04-25 01:00:00,37.13832,-122.02828,164M,M,2372.2,14400,0.593,2.74681,3
42246000,2026-04-25 09:00:00,37.11003,-122.0135,164M,M,3407.7,28800,0.426,2.25912,2
42260400,2026-04-25 13:00:00,37.10696,-122.00882,164M,M,537.4,14400,0.1343,1.84203,2
42274800,2026-04-25 17:00:00,37.10444,-121.99746,164M,M,1045.7,14400,0.2614,1.66542,2
42303600,2026-04-26 01:00:00,37.10334,-121.98294,164M,M,1293.5,28800,0.1617,5.40864,2
42318000,2026-04-26 05:00:00,37.10342,-121.98306,164M,M,13.9,14400,0.0035,0.92476,1
42332400,2026-04-26 09:00:00,37.10624,-121.97837,164M,M,520.9,14400,0.1302,5.54279,2
42346800,2026-04-26 13:00:00,37.1072,-121.97947,164M,M,144.6,14400,0.0362,2.80096,1
42361200,2026-04-26 17:00:00,37.10711,-121.97943,164M,M,10.6,14400,0.0027,3.73833,1
42375600,2026-04-26 21:00:00,37.10684,-121.97966,164M,M,36.3,14400,0.0091,2.96229,1
42390000,2026-04-27 01:00:00,37.10662,-121.97961,164M,M,24.9,14400,0.0062,3.77902,1
42404400,2026-04-27 05:00:00,37.10648,-121.97974,164M,M,19.4,14400,0.0048,0.1754,1
42418800,2026-04-27 09:00:00,37.1072,-121.97958,164M,M,81.3,14400,0.0203,2.3255,1
42433200,2026-04-27 13:00:00,37.10717,-121.97954,164M,M,4.9,14400,0.0012,5.89305,1
42447600,2026-04-27 17:00:00,37.10781,-121.97987,164M,M,76.9,14400,0.0192,2.77766,1
42462000,2026-04-27 21:00:00,37.10714,-121.97955,164M,M,79.7,14400,0.0199,5.94716,1
42490800,2026-04-28 05:00:00,37.13186,-121.99038,164M,M,2911.6,28800,0.364,1.72632,2
42505200,2026-04-28 09:00:00,37.13185,-121.9903,164M,M,7.2,14400,0.0018,5.15767,1
42519600,2026-04-28 13:00:00,37.13298,-121.99327,164M,M,291.7,14400,0.0729,4.75283,2
42534000,2026-04-28 17:00:00,37.13299,-121.99358,164M,M,27.5,14400,0.0069,6.1421,1
42577200,2026-04-29 05:00:00,37.16873,-121.99995,164M,M,4014.0,43200,0.3345,5.23229,2
42591600,2026-04-29 09:00:00,37.16899,-122.00052,164M,M,58.2,14400,0.0145,1.01043,1
42606000,2026-04-29 13:00:00,37.169,-122.0005,164M,M,2.1,14400,0.0005,2.3147,1
42620400,2026-04-29 17:00:00,37.16867,-122.00005,164M,M,54.2,14400,0.0135,5.51099,1
42634800,2026-04-29 21:00:00,37.16885,-122.00027,164M,M,27.9,14400,0.007,3.05021,1
42663600,2026-04-30 05:00:00,37.15911,-121.99915,164M,M,1087.6,28800,0.1359,5.09802,2
42706800,2026-04-30 17:00:00,37.15922,-121.99949,164M,M,32.5,43200,0.0027,3.28225,1
42750000,2026-05-01 05:00:00,37.11005,-122.00822,164M,M,5522.0,43200,0.4602,2.1904,2
42778800,2026-05-01 13:00:00,37.10349,-121.99669,164M,M,1256.0,28800,0.157,1.56083,2
42793200,2026-05-01 17:00:00,37.10351,-121.99417,164M,M,223.5,14400,0.0559,1.24248,2
42807600,2026-05-01 21:00:00,37.10511,-121.98828,164M,M,551.8,14400,0.138,1.82632,2
42822000,2026-05-02 01:00:00,37.10332,-121.97969,164M,M,787.4,14400,0.1968,0.03322,2
42836400,2026-05-02 05:00:00,37.10356,-121.97968,164M,M,26.7,14400,0.0067,5.97438,1
42850800,2026-05-02 09:00:00,37.10631,-121.98078,164M,M,321.0,14400,0.0802,0.0,2
42865200,2026-05-02 13:00:00,37.10638,-121.98078,164M,M,7.8,14400,0.0019,5.51975,1
42879600,2026-05-02 17:00:00,37.10653,-121.98096,164M,M,23.1,14400,0.0058,2.83692,1
42894000,2026-05-02 21:00:00,37.10303,-121.97958,164M,M,408.0,14400,0.102,3.37986,2
42922800,2026-05-03 05:00:00,37.07961,-121.98671,164M,M,2679.9,28800,0.335,5.20535,2
42937200,2026-05-03 09:00:00,37.07967,-121.98685,164M,M,14.1,14400,0.0035,5.30854,1
42951600,2026-05-03 13:00:00,37.08525,-121.99716,164M,M,1105.2,14400,0.2763,5.98825,2
42966000,2026-05-03 17:00:00,37.08995,-121.99895,164M,M,546.2,14400,0.1366,4.15224,2
42994800,2026-05-04 01:00:00,37.0833,-122.01224,164M,M,1391.6,28800,0.1739,3.37048,2
43023600,2026-05-04 09:00:00,37.07854,-122.01363,164M,M,543.5,28800,0.0679,4.9727,2
43038000,2026-05-04 13:00:00,37.07871,-122.01443,164M,M,73.4,14400,0.0184,3.65956,1
43052400,2026-05-04 17:00:00,37.07864,-122.01448,164M,M,9.0,14400,0.0022,5.75283,1
43066800,2026-05-04 21:00:00,37.08366,-122.01817,164M,M,647.1,14400,0.1618,0.84055,2
43095600,2026-05-05 05:00:00,37.08371,-122.0181,164M,M,8.3,28800,0.001,6.23092,1
43110000,2026-05-05 09:00:00,37.08432,-122.01814,164M,M,67.9,14400,0.017,6.19626,1
43124400,2026-05-05 13:00:00,37.08551,-122.01827,164M,M,132.8,14400,0.0332,1.01092,1
43138800,2026-05-05 17:00:00,37.08552,-122.01825,164M,M,2.1,14400,0.0005,5.84318,1
43153200,2026-05-05 21:00:00,37.08735,-122.01933,164M,M,224.9,14400,0.0562,4.45004,2
43182000,2026-05-06 05:00:00,37.08429,-122.03361,164M,M,1311.6,28800,0.1639,3.51498,2
43196400,2026-05-06 09:00:00,37.06331,-122.04391,164M,M,2505.5,14400,0.6264,6.26284,3
43210800,2026-05-06 13:00:00,37.07233,-122.04414,164M,M,1003.2,14400,0.2508,0.43757,2
43225200,2026-05-06 17:00:00,37.07673,-122.04156,164M,M,540.2,14400,0.135,6.23996,2
43239600,2026-05-06 21:00:00,37.08337,-122.04192,164M,M,739.0,14400,0.1848,3.11134,2
43268400,2026-05-07 05:00:00,37.07678,-122.04167,164M,M,733.1,28800,0.0916,5.76521,2
43282800,2026-05-07 09:00:00,37.07685,-122.04172,164M,M,9.0,14400,0.0022,3.69407,1
43326000,2026-05-07 21:00:00,37.06524,-122.05069,164M,M,1516.6,43200,0.1264,4.67049,2
43369200,2026-05-08 09:00:00,37.06383,-122.09262,164M,M,3723.7,43200,0.3103,0.4889,2
43383600,2026-05-08 13:00:00,37.06386,-122.0926,164M,M,3.8,14400,0.0009,3.28322,1
43426800,2026-05-09 01:00:00,37.03906,-122.09703,164M,M,2785.5,43200,0.2321,3.26673,2
43455600,2026-05-09 09:00:00,36.9929,-122.1043,164M,M,5173.2,28800,0.6466,5.06432,3
43470000,2026-05-09 13:00:00,36.99373,-122.10713,164M,M,267.7,14400,0.0669,2.48133,2
43484400,2026-05-09 17:00:00,36.99337,-122.10678,164M,M,50.7,14400,0.0127,1.75931,1
43498800,2026-05-09 21:00:00,36.99103,-122.09143,164M,M,1387.9,14400,0.347,2.41352,2
43527600,2026-05-10 05:00:00,36.98577,-122.08556,164M,M,783.5,28800,0.0979,4.95197,2
43585200,2026-05-10 21:00:00,36.98585,-122.08597,164M,M,37.5,57600,0.0023,0.42373,1
43599600,2026-05-11 01:00:00,36.98925,-122.08405,164M,M,414.7,14400,0.1037,1.44902,2
43614000,2026-05-11 05:00:00,36.98981,-122.07832,164M,M,512.7,14400,0.1282,2.54125,2
43628400,2026-05-11 09:00:00,36.98897,-122.0776,164M,M,113.2,14400,0.0283,2.96719,1
43642800,2026-05-11 13:00:00,36.98829,-122.07745,164M,M,76.8,14400,0.0192,5.84692,1
43700400,2026-05-12 05:00:00,37.00749,-122.08866,164M,M,2355.6,57600,0.1472,1.29938,2
43743600,2026-05-12 17:00:00,37.00755,-122.08839,164M,M,24.9,43200,0.0021,4.55712,1
43758000,2026-05-12 21:00:00,37.00753,-122.08855,164M,M,14.4,14400,0.0036,0.67386,1
43786800,2026-05-13 05:00:00,37.00769,-122.08839,164M,M,22.8,28800,0.0028,1.8162,1
43801200,2026-05-13 09:00:00,37.00767,-122.08829,164M,M,9.2,14400,0.0023,2.73896,1
43815600,2026-05-13 13:00:00,37.00752,-122.08821,164M,M,18.1,14400,0.0045,4.83697,1
43844400,2026-05-13 21:00:00,37.00755,-122.08851,164M,M,26.8,28800,0.0034,5.2718,1
43873200,2026-05-14 05:00:00,37.00757,-122.08855,164M,M,4.2,28800,0.0005,1.73624,1
43887600,2026-05-14 09:00:00,37.00753,-122.08825,164M,M,27.0,14400,0.0068,5.07508,1
43930800,2026-05-14 21:00:00,37.00763,-122.08858,164M,M,31.3,43200,0.0026,1.68821,1
43945200,2026-05-15 01:00:00,37.0075,-122.0872,164M,M,123.4,14400,0.0308,4.77821,1
43959600,2026-05-15 05:00:00,37.00757,-122.08853,164M,M,118.4,14400,0.0296,0.47016,1
43974000,2026-05-15 09:00:00,37.00779,-122.08839,164M,M,27.4,14400,0.0069,3.08841,1
43988400,2026-05-15 13:00:00,37.00764,-122.08838,164M,M,16.7,14400,0.0042,0.0885,1
44002800,2026-05-15 17:00:00,37.00782,-122.08836,164M,M,20.1,14400,0.005,3.64866,1
44017200,2026-05-15 21:00:00,37.00759,-122.08852,164M,M,29.3,14400,0.0073,5.44466,1
44046000,2026-05-16 05:00:00,37.01016,-122.0921,164M,M,427.5,28800,0.0534,5.66463,2
44060400,2026-05-16 09:00:00,37.0155,-122.09686,164M,M,728.8,14400,0.1822,3.94158,2
44074800,2026-05-16 13:00:00,37.01512,-122.09735,164M,M,60.6,14400,0.0152,5.30127,1
44089200,2026-05-16 17:00:00,37.0152,-122.0975,164M,M,16.0,14400,0.004,5.16733,1
44103600,2026-05-16 21:00:00,37.02539,-122.1236,164M,M,2579.4,14400,0.6448,2.44495,3
44118000,2026-05-17 01:00:00,37.01363,-122.11128,164M,M,1704.8,14400,0.4262,4.71239,2
44132400,2026-05-17 05:00:00,37.01363,-122.11131,164M,M,2.7,14400,0.0007,1.91636,1
44146800,2026-05-17 09:00:00,37.01179,-122.10491,164M,M,604.0,14400,0.151,3.17787,2
44161200,2026-05-17 13:00:00,37.01135,-122.10493,164M,M,49.0,14400,0.0122,3.5951,1
44218800,2026-05-18 05:00:00,36.99452,-122.1152,164M,M,2081.8,57600,0.1301,4.32936,2
44247600,2026-05-18 13:00:00,36.98907,-122.13213,164M,M,1621.1,28800,0.2026,1.52126,2
44305200,2026-05-19 05:00:00,36.99118,-122.07854,164M,M,4765.4,57600,0.2978,4.01687,2
44319600,2026-05-19 09:00:00,36.99112,-122.07863,164M,M,10.4,14400,0.0026,2.69719,1
44334000,2026-05-19 13:00:00,36.9906,-122.07832,164M,M,64.0,14400,0.016,3.5885,1
44348400,2026-05-19 17:00:00,36.99045,-122.07841,164M,M,18.5,14400,0.0046,6.09588,1
44362800,2026-05-19 21:00:00,36.99104,-122.07855,164M,M,66.8,14400,0.0167,2.87888,1
44377200,2026-05-20 01:00:00,36.98905,-122.07788,164M,M,229.1,14400,0.0573,5.65096,2
44391600,2026-05-20 05:00:00,36.99255,-122.08109,164M,M,482.4,14400,0.1206,4.6426,2
44406000,2026-05-20 09:00:00,36.99244,-122.08306,164M,M,175.4,14400,0.0438,2.58477,1
44463600,2026-05-21 01:00:00,36.99176,-122.08253,164M,M,89.1,57600,0.0056,4.18753,1
44478000,2026-05-21 05:00:00,36.99102,-122.08413,164M,M,164.2,14400,0.0411,3.86941,1
44492400,2026-05-21 09:00:00,36.98478,-122.09109,164M,M,929.3,14400,0.2323,6.22537,2
44535600,2026-05-21 21:00:00,36.99513,-122.09184,164M,M,1152.8,43200,0.0961,5.73776,2
44550000,2026-05-22 01:00:00,37.02164,-122.11199,164M,M,3448.3,14400,0.8621,0.45668,3
44564400,2026-05-22 05:00:00,37.05656,-122.09049,164M,M,4326.5,14400,1.0816,6.09849,3
44578800,2026-05-22 09:00:00,37.06365,-122.09215,164M,M,802.0,14400,0.2005,2.46809,2
44593200,2026-05-22 13:00:00,37.0636,-122.0921,164M,M,7.1,14400,0.0018,2.13054,1
44607600,2026-05-22 17:00:00,37.06359,-122.09208,164M,M,2.1,14400,0.0005,1.18999,1
44622000,2026-05-22 21:00:00,37.06581,-122.08513,164M,M,664.2,14400,0.1661,0.91918,2
44650800,2026-05-23 05:00:00,37.10854,-122.01485,164M,M,7838.2,28800,0.9798,0.86021,3
44665200,2026-05-23 09:00:00,37.10889,-122.01434,164M,M,59.7,14400,0.0149,0.80638,1
44679600,2026-05-23 13:00:00,37.10915,-122.014,164M,M,41.8,14400,0.0104,2.79116,1
44694000,2026-05-23 17:00:00,37.10891,-122.01389,164M,M,28.4,14400,0.0071,4.38288,1
44708400,2026-05-23 21:00:00,37.10888,-122.014,164M,M,10.3,14400,0.0026,6.16975,1
44722800,2026-05-24 01:00:00,37.10895,-122.01401,164M,M,7.8,14400,0.002,0.62896,1
44737200,2026-05-24 05:00:00,37.13069,-121.99417,164M,M,2989.7,14400,0.7474,0.35212,3
44751600,2026-05-24 09:00:00,37.13184,-121.99364,164M,M,136.2,14400,0.0341,5.94266,1
44766000,2026-05-24 13:00:00,37.13193,-121.99368,164M,M,10.6,14400,0.0027,5.8302,1
44794800,2026-05-24 21:00:00,37.13704,-121.9968,164M,M,631.9,28800,0.079,5.67298,2
44838000,2026-05-25 09:00:00,37.18236,-122.03658,164M,M,6150.0,43200,0.5125,0.76658,3
44852400,2026-05-25 13:00:00,37.18327,-122.03548,164M,M,140.5,14400,0.0351,1.32047,1
44866800,2026-05-25 17:00:00,37.18338,-122.03494,164M,M,49.4,14400,0.0123,3.38765,1
44881200,2026-05-25 21:00:00,37.18154,-122.03552,164M,M,211.0,14400,0.0527,0.58454,2
44910000,2026-05-26 05:00:00,37.18213,-122.03503,164M,M,78.7,28800,0.0098,2.30169,1
44924400,2026-05-26 09:00:00,37.18203,-122.03489,164M,M,16.7,14400,0.0042,4.95834,1
44938800,2026-05-26 13:00:00,37.18207,-122.03509,164M,M,18.3,14400,0.0046,5.01645,1
44953200,2026-05-26 17:00:00,37.18211,-122.03525,164M,M,14.9,14400,0.0037,5.81589,1
44967600,2026-05-26 21:00:00,37.18421,-122.03658,164M,M,261.6,14400,0.0654,0.72743,2
44996400,2026-05-27 05:00:00,37.19788,-122.0213,164M,M,2035.3,28800,0.2544,0.59251,2
45010800,2026-05-27 09:00:00,37.20447,-122.01573,164M,M,883.4,14400,0.2208,4.99641,2
45025200,2026-05-27 13:00:00,37.20583,-122.02158,164M,M,539.7,14400,0.1349,3.33814,2
45039600,2026-05-27 17:00:00,37.20579,-122.02159,164M,M,4.5,14400,0.0011,1.1819,1
45068400,2026-05-28 01:00:00,37.2095,-122.01022,164M,M,1088.2,28800,0.136,0.39103,2
45082800,2026-05-28 05:00:00,37.21572,-122.007,164M,M,748.1,14400,0.187,0.0201,2
45111600,2026-05-28 13:00:00,37.22404,-122.00679,164M,M,925.3,28800,0.1157,3.00965,2
45126000,2026-05-28 17:00:00,37.22392,-122.00677,164M,M,13.5,14400,0.0034,1.36447,1
45140400,2026-05-28 21:00:00,37.22393,-122.00671,164M,M,5.4,14400,0.0014,3.41209,1
45183600,2026-05-29 09:00:00,37.21833,-122.00866,164M,M,646.2,43200,0.0538,1.71977,2
45198000,2026-05-29 13:00:00,37.21781,-122.00431,164M,M,389.5,14400,0.0974,2.92037,2
45212400,2026-05-29 17:00:00,37.21349,-122.00309,164M,M,492.4,14400,0.1231,1.43891,2
45241200,2026-05-30 01:00:00,37.21464,-121.9922,164M,M,972.8,28800,0.1216,3.23618,2
45255600,2026-05-30 05:00:00,37.20742,-121.99306,164M,M,806.4,14400,0.2016,4.28749,2
45270000,2026-05-30 09:00:00,37.2056,-121.99811,164M,M,490.9,14400,0.1227,3.67626,2
45284400,2026-05-30 13:00:00,37.201,-122.00153,164M,M,594.5,14400,0.1486,3.70893,2
45298800,2026-05-30 17:00:00,37.20085,-122.00165,164M,M,19.8,14400,0.0049,4.39661,1
45327600,2026-05-31 01:00:00,37.19277,-122.03268,164M,M,2891.6,28800,0.3614,2.41569,2
45342000,2026-05-31 05:00:00,37.17423,-122.01203,164M,M,2756.2,14400,0.689,2.36182,3
45370800,2026-05-31 13:00:00,37.16372,-121.99899,164M,M,1643.4,28800,0.2054,1.43226,2
45385200,2026-05-31 17:00:00,37.16373,-121.9989,164M,M,8.1,14400,0.002,3.80012,1
45399600,2026-05-31 21:00:00,37.1579,-122.00456,164M,M,819.6,14400,0.2049,3.04763,2
45414000,2026-06-01 01:00:00,37.13633,-122.00201,164M,M,2409.1,14400,0.6023,1.45269,3
45428400,2026-06-01 05:00:00,37.1364,-122.00127,164M,M,66.1,14400,0.0165,4.22647,1
45442800,2026-06-01 09:00:00,37.13632,-122.00146,164M,M,19.0,14400,0.0048,5.07877,1
45457200,2026-06-01 13:00:00,37.13658,-122.00231,164M,M,80.7,14400,0.0202,1.78864,1
45471600,2026-06-01 17:00:00,37.13643,-122.00146,164M,M,77.2,14400,0.0193,1.8166,1
45486000,2026-06-01 21:00:00,37.13642,-122.00141,164M,M,4.6,14400,0.0011,0.20418,1
45500400,2026-06-02 01:00:00,37.13719,-122.00121,164M,M,87.4,14400,0.0219,3.21686,1
45558000,2026-06-02 17:00:00,37.13645,-122.00128,164M,M,82.5,57600,0.0052,3.14159,1
45586800,2026-06-03 01:00:00,37.1364,-122.00128,164M,M,5.6,28800,0.0007,5.05653,1
45630000,2026-06-03 13:00:00,37.13654,-122.00177,164M,M,46.1,43200,0.0038,2.17618,1
45644400,2026-06-03 17:00:00,37.13638,-122.00148,164M,M,31.3,14400,0.0078,2.33539,1
45658800,2026-06-03 21:00:00,37.13625,-122.00131,164M,M,20.9,14400,0.0052,0.082,1
45673200,2026-06-04 01:00:00,37.13722,-122.00121,164M,M,108.2,14400,0.0271,3.45028,1
45687600,2026-06-04 05:00:00,37.13682,-122.00137,164M,M,46.7,14400,0.0117,0.23271,1
45702000,2026-06-04 09:00:00,37.13719,-122.00126,164M,M,42.3,14400,0.0106,3.60712,1
45716400,2026-06-04 13:00:00,37.13646,-122.00172,164M,M,90.8,14400,0.0227,1.42705,1
45730800,2026-06-04 17:00:00,37.13652,-122.0012,164M,M,46.6,14400,0.0116,6.27196,1
45759600,2026-06-05 01:00:00,37.13723,-122.00121,164M,M,79.0,28800,0.0099,1.93088,1
45788400,2026-06-05 09:00:00,37.13548,-121.99538,164M,M,552.2,28800,0.069,3.92524,2
45817200,2026-06-05 17:00:00,37.1354,-121.99548,164M,M,12.6,28800,0.0016,0.55237,1
45831600,2026-06-05 21:00:00,37.13831,-121.99323,164M,M,380.1,14400,0.095,5.70266,2
45846000,2026-06-06 01:00:00,37.15894,-122.01021,164M,M,2743.5,14400,0.6859,0.49545,3
45860400,2026-06-06 05:00:00,37.16301,-122.00745,164M,M,514.4,14400,0.1286,0.76306,2
45874800,2026-06-06 09:00:00,37.16316,-122.00727,164M,M,23.1,14400,0.0058,5.35774,1
45889200,2026-06-06 13:00:00,37.16319,-122.00732,164M,M,5.5,14400,0.0014,4.71239,1
45918000,2026-06-06 21:00:00,37.16319,-122.00738,164M,M,5.3,28800,0.0007,3.56891,1
45932400,2026-06-07 01:00:00,37.16312,-122.00742,164M,M,8.6,14400,0.0021,0.29691,1
45961200,2026-06-07 09:00:00,37.17398,-122.00325,164M,M,1262.8,28800,0.1579,2.76246,2
45975600,2026-06-07 13:00:00,37.17392,-122.00322,164M,M,7.2,14400,0.0018,0.22591,1
45990000,2026-06-07 17:00:00,37.17704,-122.00232,164M,M,356.0,14400,0.089,5.80304,2
46004400,2026-06-07 21:00:00,37.17909,-122.00366,164M,M,257.0,14400,0.0643,3.92235,2
46018800,2026-06-08 01:00:00,37.1574,-122.03062,164M,M,3394.6,14400,0.8487,3.53765,3
46033200,2026-06-08 05:00:00,37.14785,-122.03563,164M,M,1151.0,14400,0.2878,5.57429,2
46047600,2026-06-08 09:00:00,37.14864,-122.03648,164M,M,115.7,14400,0.0289,2.83943,1
46062000,2026-06-08 13:00:00,37.13598,-122.03153,164M,M,1474.5,14400,0.3686,2.33585,2
46076400,2026-06-08 17:00:00,37.1319,-122.0262,164M,M,655.0,14400,0.1638,2.21361,2
46105200,2026-06-09 01:00:00,37.12379,-122.01262,164M,M,1504.2,28800,0.188,3.41374,2
46119600,2026-06-09 05:00:00,37.12259,-122.01304,164M,M,138.5,14400,0.0346,1.48738,1
46134000,2026-06-09 09:00:00,37.1226,-122.01289,164M,M,13.3,14400,0.0033,3.7094,1
46162800,2026-06-09 17:00:00,37.12255,-122.01293,164M,M,6.6,28800,0.0008,5.61006,1
46177200,2026-06-09 21:00:00,37.1226,-122.01298,164M,M,7.1,14400,0.0018,1.8426,1
46206000,2026-06-10 05:00:00,37.12258,-122.01289,164M,M,8.3,28800,0.001,4.7783,1
46220400,2026-06-10 09:00:00,37.12259,-122.01308,164M,M,16.9,14400,0.0042,2.95318,1
46234800,2026-06-10 13:00:00,37.12213,-122.01297,164M,M,52.1,14400,0.013,2.28818,1
46249200,2026-06-10 17:00:00,37.12197,-122.01274,164M,M,27.1,14400,0.0068,0.15814,1
46263600,2026-06-10 21:00:00,37.12242,-122.01265,164M,M,50.7,14400,0.0127,4.55411,1
46278000,2026-06-11 01:00:00,37.12235,-122.0132,164M,M,49.4,14400,0.0123,5.49945,1
46306800,2026-06-11 09:00:00,37.12295,-122.01395,164M,M,94.2,28800,0.0118,2.41292,1
46364400,2026-06-12 01:00:00,37.09636,-121.9842,164M,M,3962.5,57600,0.2477,3.80433,2
46393200,2026-06-12 09:00:00,37.08345,-121.99683,164M,M,1820.9,28800,0.2276,3.06639,2
46422000,2026-06-12 17:00:00,37.08165,-121.99666,164M,M,200.7,28800,0.0251,5.22968,1
46436400,2026-06-12 21:00:00,37.08229,-121.99807,164M,M,143.9,14400,0.036,3.64976,1
46479600,2026-06-13 09:00:00,37.05525,-122.01694,164M,M,3441.4,43200,0.2868,5.76509,2
46551600,2026-06-14 05:00:00,37.05539,-122.01704,164M,M,17.9,72000,0.0009,6.11904,1
46580400,2026-06-14 13:00:00,37.05592,-122.01715,164M,M,59.7,28800,0.0075,3.48005,1
46623600,2026-06-15 01:00:00,37.05329,-122.01831,164M,M,310.0,43200,0.0258,0.3502,1
46681200,2026-06-15 17:00:00,37.05589,-122.01712,164M,M,307.8,57600,0.0192,3.92274,1
46724400,2026-06-16 05:00:00,37.05523,-122.01794,164M,M,103.3,43200,0.0086,0.8834,1
46738800,2026-06-16 09:00:00,37.0558,-122.01707,164M,M,99.9,14400,0.025,4.46684,1
46767600,2026-06-16 17:00:00,37.05578,-122.01717,164M,M,9.1,28800,0.0011,3.5197,1
46782000,2026-06-16 21:00:00,37.05359,-122.01826,164M,M,262.0,14400,0.0655,3.67414,2
46796400,2026-06-17 01:00:00,37.04992,-122.02097,164M,M,473.7,14400,0.1184,3.79971,2
46911600,2026-06-18 09:00:00,36.98188,-122.0868,164M,M,9560.4,115200,0.2988,3.18361,2
46926000,2026-06-18 13:00:00,36.98169,-122.08681,164M,M,21.1,14400,0.0053,2.76159,1
46940400,2026-06-18 17:00:00,36.98055,-122.08624,164M,M,136.5,14400,0.0341,6.21776,1
46983600,2026-06-19 05:00:00,37.00383,-122.08815,164M,M,2594.2,43200,0.2162,4.01142,2
47026800,2026-06-19 17:00:00,36.99152,-122.10641,164M,M,2122.1,43200,0.1768,2.16349,2
47041200,2026-06-19 21:00:00,36.98819,-122.10022,164M,M,662.8,14400,0.1657,1.05869,2
47070000,2026-06-20 05:00:00,37.0126,-122.04581,164M,M,5542.0,28800,0.6927,4.00155,3
47084400,2026-06-20 09:00:00,37.01249,-122.04597,164M,M,18.7,14400,0.0047,5.03471,1
47098800,2026-06-20 13:00:00,37.01269,-122.04672,164M,M,70.2,14400,0.0176,2.85065,1
47127600,2026-06-20 21:00:00,37.01261,-122.04669,164M,M,9.3,28800,0.0012,5.40805,1
47156400,2026-06-21 05:00:00,37.01263,-122.04672,164M,M,3.5,28800,0.0004,5.13297,1
47170800,2026-06-21 09:00:00,37.01268,-122.04686,164M,M,13.6,14400,0.0034,1.70187,1
47214000,2026-06-21 21:00:00,37.01266,-122.04667,164M,M,17.0,43200,0.0014,5.73663,1
47228400,2026-06-22 01:00:00,37.01287,-122.04683,164M,M,27.3,14400,0.0068,3.62171,1
47286000,2026-06-22 17:00:00,37.01264,-122.04698,164M,M,28.8,57600,0.0018,1.52445,1
47300400,2026-06-22 21:00:00,37.01265,-122.04671,164M,M,24.0,14400,0.006,2.46777,1
47314800,2026-06-23 01:00:00,37.01262,-122.04668,164M,M,4.3,14400,0.0011,0.70548,1
47343600,2026-06-23 09:00:00,37.01996,-122.03885,164M,M,1072.1,28800,0.134,2.37758,2
47358000,2026-06-23 13:00:00,37.01986,-122.03873,164M,M,15.4,14400,0.0038,5.58426,1
47372400,2026-06-23 17:00:00,37.02005,-122.03893,164M,M,27.6,14400,0.0069,1.52537,1
47415600,2026-06-24 05:00:00,37.02094,-122.01434,164M,M,2185.3,43200,0.1821,0.28243,2
47430000,2026-06-24 09:00:00,37.0268,-122.01221,164M,M,678.5,14400,0.1696,3.22816,2
47444400,2026-06-24 13:00:00,37.0222,-122.01271,164M,M,513.4,14400,0.1284,2.96322,2
47458800,2026-06-24 17:00:00,37.01972,-122.01215,164M,M,280.2,14400,0.0701,5.9535,2
47473200,2026-06-24 21:00:00,37.02112,-122.01275,164M,M,164.5,14400,0.0411,1.33905,1
47487600,2026-06-25 01:00:00,37.02499,-121.9922,164M,M,1874.4,14400,0.4686,2.45793,2
47502000,2026-06-25 05:00:00,37.01016,-121.97707,164M,M,2126.9,14400,0.5317,0.15837,3
47516400,2026-06-25 09:00:00,37.01061,-121.97698,164M,M,50.7,14400,0.0127,4.12354,1
47530800,2026-06-25 13:00:00,37.01045,-121.97728,164M,M,32.0,14400,0.008,2.69479,1
47559600,2026-06-25 21:00:00,37.0101,-121.97707,164M,M,43.2,28800,0.0054,4.86846,1
47588400,2026-06-26 05:00:00,37.0106,-121.98105,164M,M,357.7,28800,0.0447,0.68861,1
47602800,2026-06-26 09:00:00,37.01288,-121.9787,164M,M,328.3,14400,0.0821,1.4696,2
47617200,2026-06-26 13:00:00,37.01291,-121.97833,164M,M,33.0,14400,0.0083,0.46644,1
47660400,2026-06-27 01:00:00,37.02068,-121.97343,164M,M,967.3,43200,0.0806,5.76103,2
47718000,2026-06-27 17:00:00,37.02179,-121.97423,164M,M,142.4,57600,0.0089,0.77876,1
47732400,2026-06-27 21:00:00,37.0234,-121.97224,164M,M,251.5,14400,0.0629,1.01144,2
47790000,2026-06-28 13:00:00,37.06825,-121.88239,164M,M,9405.3,57600,0.5878,1.69877,3
47818800,2026-06-28 21:00:00,37.06642,-121.86458,164M,M,1593.2,28800,0.1992,2.59181,2
47847600,2026-06-29 05:00:00,37.05182,-121.85337,164M,M,1904.0,28800,0.238,3.45081,2
47890800,2026-06-29 17:00:00,37.0434,-121.85674,164M,M,982.9,43200,0.0819,4.33854,2
47919600,2026-06-30 01:00:00,37.04309,-121.85773,164M,M,94.4,28800,0.0118,0.71526,1
47934000,2026-06-30 05:00:00,37.0449,-121.85576,164M,M,266.6,14400,0.0667,3.99347,2
47962800,2026-06-30 13:00:00,37.04395,-121.85712,164M,M,160.4,28800,0.02,5.96016,1
47977200,2026-06-30 17:00:00,37.05382,-121.86126,164M,M,1157.4,14400,0.2893,5.67022,2
48034800,2026-07-01 09:00:00,37.0658,-121.87182,164M,M,1628.7,57600,0.1018,5.97423,2
48049200,2026-07-01 13:00:00,37.0659,-121.87186,164M,M,11.7,14400,0.0029,0.35484,1
48078000,2026-07-01 21:00:00,37.07236,-121.86886,164M,M,766.0,28800,0.0958,1.98977,2
48092400,2026-07-02 01:00:00,37.06369,-121.84447,164M,M,2369.0,14400,0.5923,3.39552,3
48106800,2026-07-02 05:00:00,37.05468,-121.8474,164M,M,1035.1,14400,0.2588,4.09592,2
48135600,2026-07-02 13:00:00,37.0449,-121.86469,164M,M,1880.7,28800,0.2351,3.39015,2
48150000,2026-07-02 17:00:00,37.03537,-121.86772,164M,M,1093.3,14400,0.2733,3.66074,2
48178800,2026-07-03 01:00:00,37.00953,-121.88621,164M,M,3309.1,28800,0.4136,4.63129,2
48207600,2026-07-03 09:00:00,37.00813,-121.90775,164M,M,1918.9,28800,0.2399,1.99811,2
48222000,2026-07-03 13:00:00,37.00809,-121.90764,164M,M,10.7,14400,0.0027,4.59369,1
48236400,2026-07-03 17:00:00,37.00807,-121.90785,164M,M,18.8,14400,0.0047,2.85571,1
48265200,2026-07-04 01:00:00,36.99394,-121.90265,164M,M,1637.6,28800,0.2047,3.28709,2
48279600,2026-07-04 05:00:00,36.98042,-121.90513,164M,M,1519.4,14400,0.3799,5.89824,2
48308400,2026-07-04 13:00:00,36.98458,-121.90724,164M,M,499.1,28800,0.0624,0.986,2
48351600,2026-07-05 01:00:00,36.98982,-121.89733,164M,M,1055.6,43200,0.088,0.809,2
48366000,2026-07-05 05:00:00,36.98998,-121.89712,164M,M,25.8,14400,0.0064,0.24937,1
48380400,2026-07-05 09:00:00,36.99136,-121.89668,164M,M,158.3,14400,0.0396,3.6046,1
48409200,2026-07-05 17:00:00,36.9912,-121.89678,164M,M,19.9,28800,0.0025,1.15472,1
48423600,2026-07-05 21:00:00,36.99126,-121.89661,164M,M,16.5,14400,0.0041,4.11923,1
48438000,2026-07-06 01:00:00,36.99112,-121.89687,164M,M,27.8,14400,0.007,0.54668,1
48452400,2026-07-06 05:00:00,36.99133,-121.89671,164M,M,27.3,14400,0.0068,4.10861,1
48495600,2026-07-06 17:00:00,36.99041,-121.89838,164M,M,180.2,43200,0.015,6.0377,1
48510000,2026-07-06 21:00:00,36.99873,-121.90099,164M,M,953.7,14400,0.2384,6.15499,2
48524400,2026-07-07 01:00:00,37.00858,-121.90258,164M,M,1104.3,14400,0.2761,0.2254,2
48567600,2026-07-07 13:00:00,37.02665,-121.89739,164M,M,2061.5,43200,0.1718,0.87925,2
48582000,2026-07-07 17:00:00,37.02858,-121.89447,164M,M,336.5,14400,0.0841,4.13539,2
48625200,2026-07-08 05:00:00,37.00785,-121.93434,164M,M,4224.1,43200,0.352,3.08841,2
48639600,2026-07-08 09:00:00,37.0077,-121.93433,164M,M,16.7,14400,0.0042,5.96626,1
48654000,2026-07-08 13:00:00,37.00826,-121.93456,164M,M,65.5,14400,0.0164,1.97982,1
48682800,2026-07-08 21:00:00,37.00817,-121.9343,164M,M,25.2,28800,0.0031,1.03676,1
48697200,2026-07-09 01:00:00,37.00834,-121.93394,164M,M,37.1,14400,0.0093,0.61615,1
48711600,2026-07-09 05:00:00,37.01099,-121.93159,164M,M,361.1,14400,0.0903,2.56773,2
48726000,2026-07-09 09:00:00,37.01036,-121.93108,164M,M,83.4,14400,0.0209,3.02801,1
48740400,2026-07-09 13:00:00,37.01022,-121.93106,164M,M,15.7,14400,0.0039,4.50663,1
48754800,2026-07-09 17:00:00,37.01018,-121.9313,164M,M,21.8,14400,0.0054,2.4884,1
48769200,2026-07-09 21:00:00,37.00994,-121.93107,164M,M,33.6,14400,0.0084,0.49661,1
48783600,2026-07-10 01:00:00,37.01576,-121.92712,164M,M,736.1,14400,0.184,3.83305,2
48898800,2026-07-11 09:00:00,36.99984,-121.94362,164M,M,2297.9,115200,0.0718,1.02035,2
48913200,2026-07-11 13:00:00,37.00108,-121.94109,164M,M,263.6,14400,0.0659,3.24363,2
48927600,2026-07-11 17:00:00,37.00069,-121.94114,164M,M,43.6,14400,0.0109,0.82348,1
48942000,2026-07-11 21:00:00,37.00106,-121.94064,164M,M,60.5,14400,0.0151,0.38053,1
48956400,2026-07-12 01:00:00,37.01134,-121.93549,164M,M,1231.2,14400,0.3078,0.62419,2
48970800,2026-07-12 05:00:00,37.02986,-121.91878,164M,M,2538.0,14400,0.6345,2.77505,3
49028400,2026-07-12 21:00:00,37.01039,-121.90942,164M,M,2319.0,57600,0.1449,4.28649,2
49057200,2026-07-13 05:00:00,36.99347,-121.95609,164M,M,4551.4,28800,0.5689,0.24658,3
49100400,2026-07-13 17:00:00,36.99512,-121.95557,164M,M,189.2,43200,0.0158,3.37472,1
49129200,2026-07-14 01:00:00,36.99438,-121.95579,164M,M,84.6,28800,0.0106,1.04297,1
49244400,2026-07-15 09:00:00,37.00248,-121.93839,164M,M,1788.6,115200,0.0559,2.4677,2
49258800,2026-07-15 13:00:00,37.00246,-121.93837,164M,M,2.8,14400,0.0007,0.91304,1
49302000,2026-07-16 01:00:00,37.02067,-121.90884,164M,M,3312.8,43200,0.2761,1.75238,2
49316400,2026-07-16 05:00:00,37.01978,-121.90277,164M,M,547.9,14400,0.137,1.22965,2
49330800,2026-07-16 09:00:00,37.0219,-121.89529,164M,M,704.7,14400,0.1762,5.27189,2
49359600,2026-07-16 17:00:00,37.02193,-121.89535,164M,M,6.3,28800,0.0008,3.66972,1
49374000,2026-07-16 21:00:00,37.01818,-121.89809,164M,M,482.8,14400,0.1207,3.17888,2
49402800,2026-07-17 05:00:00,36.98863,-121.89947,164M,M,3288.1,28800,0.411,0.75323,2
49417200,2026-07-17 09:00:00,36.98978,-121.89812,164M,M,175.3,14400,0.0438,5.39326,1
49431600,2026-07-17 13:00:00,36.98989,-121.89829,164M,M,19.4,14400,0.0049,2.74533,1
49446000,2026-07-17 17:00:00,36.98968,-121.89818,164M,M,25.3,14400,0.0063,0.17256,1
49460400,2026-07-17 21:00:00,36.99385,-121.89727,164M,M,470.7,14400,0.1177,0.67806,2
49474800,2026-07-18 01:00:00,37.00539,-121.88563,164M,M,1647.8,14400,0.4119,5.99245,2
49489200,2026-07-18 05:00:00,37.02196,-121.89184,164M,M,1923.2,14400,0.4808,4.2845,2
49503600,2026-07-18 09:00:00,37.02066,-121.89541,164M,M,348.4,14400,0.0871,5.33271,2
49532400,2026-07-18 17:00:00,37.02143,-121.89676,164M,M,147.3,28800,0.0184,2.65246,1
49546800,2026-07-18 21:00:00,37.02137,-121.89672,164M,M,7.6,14400,0.0019,1.99285,1
49561200,2026-07-19 01:00:00,37.0199,-121.89262,164M,M,399.0,14400,0.0998,0.62249,2
49575600,2026-07-19 05:00:00,37.02079,-121.89182,164M,M,121.8,14400,0.0305,4.80594,1
49590000,2026-07-19 09:00:00,37.02127,-121.89823,164M,M,571.6,14400,0.1429,2.13029,2
49604400,2026-07-19 13:00:00,37.02115,-121.89799,164M,M,25.1,14400,0.0063,2.05324,1
49647600,2026-07-20 01:00:00,37.01885,-121.89249,164M,M,551.2,43200,0.0459,6.07165,1
49676400,2026-07-20 09:00:00,37.02346,-121.89373,164M,M,524.3,28800,0.0655,0.55071,2
49762800,2026-07-21 09:00:00,37.04662,-121.87591,164M,M,3022.3,86400,0.1259,0.49474,2
49791600,2026-07-21 17:00:00,37.06079,-121.86633,164M,M,1790.4,28800,0.2238,0.49706,2
49806000,2026-07-21 21:00:00,37.07235,-121.85847,164M,M,1462.4,14400,0.3656,2.71393,2
49834800,2026-07-22 05:00:00,37.00389,-121.8194,164M,M,8365.1,28800,1.0456,4.53692,3
49849200,2026-07-22 09:00:00,37.00373,-121.82053,164M,M,101.9,14400,0.0255,4.61636,1
49863600,2026-07-22 13:00:00,37.00372,-121.82066,164M,M,11.6,14400,0.0029,0.52979,1
49878000,2026-07-22 17:00:00,37.00387,-121.82055,164M,M,19.3,14400,0.0048,6.09983,1
49921200,2026-07-23 05:00:00,37.01231,-121.82251,164M,M,954.5,43200,0.0795,5.57739,2
49935600,2026-07-23 09:00:00,37.01335,-121.82362,164M,M,151.9,14400,0.038,2.12046,1
49964400,2026-07-23 17:00:00,37.01199,-121.82084,164M,M,289.5,28800,0.0362,5.87572,1
50007600,2026-07-24 05:00:00,37.01236,-121.82104,164M,M,44.8,43200,0.0037,1.38275,1
50094000,2026-07-25 05:00:00,37.01291,-121.81742,164M,M,327.2,86400,0.0136,3.99572,1
50122800,2026-07-25 13:00:00,37.01275,-121.81765,164M,M,27.1,28800,0.0034,1.68951,1
50137200,2026-07-25 17:00:00,37.01273,-121.81744,164M,M,18.8,14400,0.0047,1.66683,1
50151600,2026-07-25 21:00:00,37.0127,-121.81705,164M,M,34.8,14400,0.0087,2.99298,1
50166000,2026-07-26 01:00:00,37.01254,-121.81702,164M,M,18.0,14400,0.0045,0.21443,1
50180400,2026-07-26 05:00:00,37.01265,-121.81699,164M,M,12.5,14400,0.0031,1.21267,1
50223600,2026-07-26 17:00:00,37.01291,-121.81612,164M,M,82.5,43200,0.0069,2.95372,1
50238000,2026-07-26 21:00:00,37.0127,-121.81607,164M,M,23.8,14400,0.0059,0.9715,1
50252400,2026-07-27 01:00:00,37.01276,-121.81596,164M,M,11.8,14400,0.003,1.6633,1
50266800,2026-07-27 05:00:00,37.01274,-121.81569,164M,M,24.1,14400,0.006,1.6633,1
